timestamp(ms),ATT.Roll,ATT.Pitch,ATT.Yaw,VIBE[0].VibeX,VIBE[0].VibeY,VIBE[0].VibeZ,RCOU.C1,RCOU.C2,RCOU.C3,RCOU.C4,XKF1[0].VN,XKF1[0].VE,XKF1[0].VD,XKF2[0].VWN,XKF2[0].VWE,BARO[0].Alt,GPS[0].Spd,BAT[0].RemPct
34196.252,NaN,NaN,NaN,NaN,NaN,NaN,NaN,NaN,NaN,NaN,NaN,NaN,NaN,NaN,NaN,NaN,NaN,NaN
34296.252,0.021672448143363,0.009477130137383938,3.363851547241211,0.0027833604253828526,0.0026871487498283386,0.0027833960484713316,1000,1000,1000,1000,-0.0037914325948804617,0.003489031922072172,-0.008443248458206654,0,0,0,0,100
34396.252,0.021930454298853874,0.009708089753985405,3.4061975479125977,0.002710821805521846,0.002764675300568342,0.002871338278055191,1000,1000,1000,1000,-0.003888074541464448,0.003601664677262306,-0.00821665395051241,0,0,0,0,100
34496.252,0.022347792983055115,0.009957543574273586,3.4460065364837646,0.00286877597682178,0.002887702314183116,0.0028020357713103294,1000,1000,1000,1000,-0.0038921188097447157,0.0036591144744306803,-0.008025524206459522,0,0,0,0,100
34596.252,0.02276056446135044,0.010188385844230652,3.484090805053711,0.002622012048959732,0.00289495219476521,0.002696347190067172,1000,1000,1000,1000,-0.0040396093390882015,0.003761208849027753,-0.007854380644857883,0,0,0,0,100
34696.252,0.022907445207238197,0.010696826502680779,3.5201334953308105,0.0029115972574800253,0.002615521661937237,0.002639633370563388,1000,1000,1000,1000,-0.004152294714003801,0.0038775927387177944,-0.007679913658648729,0,0,0,0,100
34796.252,0.023159325122833252,0.010967322625219822,3.5542354583740234,0.00262198643758893,0.0029813183937221766,0.0026998971588909626,1000,1000,1000,1000,-0.004269112832844257,0.004016837105154991,-0.007487679831683636,0,0,0,0,100
34896.252,0.023449981585144997,0.011106012389063835,3.5865743160247803,0.00285528227686882,0.0028659759555011988,0.0028909454122185707,1000,1000,1000,1000,-0.004349459428340197,0.004086981061846018,-0.007342550903558731,0,0,0,0,100
34996.252,0.02367241680622101,0.011409350670874119,3.61741304397583,0.0026152462232857943,0.002994677284732461,0.002754432847723365,1000,1000,1000,1000,-0.004490930587053299,0.004210054874420166,-0.007110868580639362,0,0,0,0,100
35096.252,0.023889321833848953,0.011619395576417446,3.6461703777313232,0.0030305886175483465,0.0026957420632243156,0.002785929711535573,1000,1000,1000,1000,-0.0045977006666362286,0.0042542447336018085,-0.0069005368277430534,0,0,0,0,100
35196.252,0.024137025699019432,0.011820964515209198,3.6734325885772705,0.002925853943452239,0.002738896058872342,0.003015282331034541,1000,1000,1000,1000,-0.00468615535646677,0.0043235900811851025,-0.006764651741832495,0,0,0,0,100
35296.252,0.024421676993370056,0.012015891261398792,3.6991236209869385,0.002669223118573427,0.0027243224903941154,0.0028253395576030016,1000,1000,1000,1000,-0.004767702426761389,0.004420950077474117,-0.00660747429355979,0,0,0,0,100
35396.252,0.02448788285255432,0.012161869555711746,3.723609685897827,0.002724798396229744,0.0028794396203011274,0.003042467636987567,1000,1000,1000,1000,-0.00489802798256278,0.004518328234553337,-0.006510378327220678,0,0,0,0,100
35496.252,0.02473492920398712,0.012361052446067333,3.746481418609619,0.002773856045678258,0.0027765240520238876,0.002829062519595027,1000,1000,1000,1000,-0.004991062916815281,0.004625375382602215,-0.006341269239783287,0,0,0,0,100
35596.252,0.024967361241579056,0.01268895622342825,3.7678608894348145,0.002604034263640642,0.002724959747865796,0.002780213253572583,1000,1000,1000,1000,-0.005148656200617552,0.0046956888400018215,-0.006215957459062338,0,0,0,0,100
35696.252,0.02520209550857544,0.013158361427485943,3.7881712913513184,0.002704458776861429,0.00280302413739264,0.002722823526710272,1000,1000,1000,1000,-0.005253238137811422,0.004750773776322603,-0.006071700248867273,0,0,0,0,100
35796.252,0.02537209913134575,0.013411994092166424,3.807086706161499,0.0028758037369698286,0.002778574824333191,0.0030214397702366114,1000,1000,1000,1000,-0.005362109746783972,0.004846220836043358,-0.0059637390077114105,0,0,0,0,100
35896.252,0.025620723143219948,0.01375318318605423,3.824648857116699,0.003131321631371975,0.0025255524087697268,0.0026029744185507298,1000,1000,1000,1000,-0.0055025196634233,0.0049400110729038715,-0.005790077615529299,0,0,0,0,100
35996.252,0.02580372430384159,0.014161678031086922,3.841352701187134,0.0029687669593840837,0.0027023479342460632,0.0026092007756233215,1000,1000,1000,1000,-0.005644295830279589,0.005031295120716095,-0.0056324549950659275,0,0,0,0,100
36096.252,0.026071371510624886,0.014372147619724274,3.856710433959961,0.0027742928359657526,0.0029236781410872936,0.002607629168778658,1000,1000,1000,1000,-0.005704658105969429,0.005154034122824669,-0.005465191788971424,0,0,0,0,100
36196.252,0.026278788223862648,0.01441332045942545,3.871411085128784,0.0027502665761858225,0.002766462042927742,0.0027601225301623344,1000,1000,1000,1000,-0.005784458015114069,0.005240425001829863,-0.005340158008038998,0,0,0,0,100
36296.252,0.026702916249632835,0.01471930742263794,3.884819269180298,0.002881115535274148,0.0025757637340575457,0.002676736330613494,1000,1000,1000,1000,-0.0059072161093354225,0.005322993267327547,-0.005240735597908497,0,0,0,0,100
36396.252,0.026932615786790848,0.014981747604906559,3.897379159927368,0.0029963678680360317,0.0027590952813625336,0.0028490531258285046,1000,1000,1000,1000,-0.00601489283144474,0.005432457663118839,-0.005171237513422966,0,0,0,0,100
36496.252,0.027206549420952797,0.015185442753136158,3.9088995456695557,0.0030015255324542522,0.002915802178904414,0.002721462631598115,1000,1000,1000,1000,-0.006151871755719185,0.005526742432266474,-0.005125731695443392,0,0,0,0,100
36596.252,0.02755074016749859,0.015333093702793121,3.9194629192352295,0.002634114818647504,0.002713285619392991,0.002681993879377842,1000,1000,1000,1000,-0.006223700940608978,0.005603063851594925,-0.0050049275159835815,0,0,0,0,100
36696.252,0.027765652164816856,0.015506429597735405,3.9293086528778076,0.0027128560468554497,0.0023926126305013895,0.0030309425201267004,1000,1000,1000,1000,-0.00634327856823802,0.0057219755835831165,-0.004852672573179007,0,0,0,0,100
36796.252,0.028031008318066597,0.01573784463107586,3.9381887912750244,0.002863138448446989,0.0026042843237519264,0.00268525630235672,1000,1000,1000,1000,-0.0064896391704678535,0.005834270268678665,-0.004740912467241287,0,0,0,0,100
36896.252,0.02823403663933277,0.0159456804394722,3.946221351623535,0.0028929882682859898,0.0026336326263844967,0.0028526694513857365,1000,1000,1000,1000,-0.006620937958359718,0.00594809465110302,-0.004659960977733135,0,0,0,0,100
36996.252,0.028302721679210663,0.01619880273938179,3.953615427017212,0.00278338510543108,0.0029943236149847507,0.002832268364727497,1000,1000,1000,1000,-0.006703387480229139,0.0060546426102519035,-0.004560235422104597,0,0,0,0,100
37096.252,0.02856381982564926,0.016572844237089157,3.9603915214538574,0.002622179687023163,0.002844814443960786,0.002878855913877487,1000,1000,1000,1000,-0.006884835660457611,0.006123234052211046,-0.00449611060321331,0,0,0,0,100
37196.252,0.02884341962635517,0.016871299594640732,3.9663584232330322,0.0027441654819995165,0.002544153481721878,0.0028576524928212166,1000,1000,1000,1000,-0.007050786633044481,0.006185735575854778,-0.004451869521290064,0,0,0,0,100
37296.252,0.029050713405013084,0.017069898545742035,3.971815347671509,0.0029519652016460896,0.002478945069015026,0.0027644173242151737,1000,1000,1000,1000,-0.007184038870036602,0.006234815809875727,-0.004389731679111719,0,0,0,0,100
37396.252,0.0293912161141634,0.017452020198106766,3.976491928100586,0.002901539672166109,0.002630767412483692,0.0027657710015773773,1000,1000,1000,1000,-0.007290744222700596,0.006353393662720919,-0.0043618343770504,0,0,0,0,100
37496.252,0.029619019478559494,0.017731057479977608,3.980445384979248,0.0029564760625362396,0.002720861230045557,0.0029083136469125748,1000,1000,1000,1000,-0.007379417773336172,0.0063833026215434074,-0.004292136058211327,0,0,0,0,100
37596.252,0.03002859838306904,0.01803048700094223,3.9839773178100586,0.00300217536278069,0.0031647877767682076,0.0027567746583372355,1000,1000,1000,1000,-0.007488352712243795,0.006530726794153452,-0.004215399269014597,0,0,0,0,100
37696.252,0.03029237501323223,0.01823447458446026,3.9870197772979736,0.0029297464061528444,0.0028482459019869566,0.0028222347609698772,1000,1000,1000,1000,-0.007611976005136967,0.006586732808500528,-0.004145950544625521,0,0,0,0,100
37796.252,0.030506281182169914,0.018527649343013763,3.9895286560058594,0.002810404635965824,0.003014190588146448,0.00308505492284894,1000,1000,1000,1000,-0.007677915971726179,0.0067098308354616165,-0.00408278638496995,0,0,0,0,100
37896.252,0.03090665675699711,0.018761662766337395,3.9912960529327393,0.0028852149844169617,0.003092798637226224,0.0030475137755274773,1000,1000,1000,1000,-0.007796193473041058,0.006832002196460962,-0.004025077912956476,0,0,0,0,100
37996.252,0.03132554888725281,0.01909126341342926,3.992469549179077,0.002848857082426548,0.002677026903256774,0.0028075280133634806,1000,1000,1000,1000,-0.007994397543370724,0.006970918271690607,-0.0039756991900503635,0,0,-0.00201416015625,0,100
38096.252,0.03171771392226219,0.019347568973898888,3.9929897785186768,0.0029185861349105835,0.0027104157488793135,0.0027160190511494875,1000,1000,1000,1000,-0.008091220632195473,0.007082609459757805,-0.003973651677370071,0,0,-0.00201416015625,0,100
38196.252,0.03185882791876793,0.019755534827709198,3.9931747913360596,0.0028549081180244684,0.002868486801162362,0.0027937639970332384,1000,1000,1000,1000,-0.008211225271224976,0.007197324186563492,-0.003978779073804617,0,0,-0.00201416015625,0,100
38296.252,0.03226260468363762,0.02004750445485115,3.9925966262817383,0.0027872093487530947,0.002796345856040716,0.0024847649037837982,1000,1000,1000,1000,-0.008362365886569023,0.00738720316439867,-0.004035161808133125,0,0,-0.00201416015625,0,100
38396.252,0.032618097960948944,0.02033504843711853,3.991844892501831,0.002821854781359434,0.002851716475561261,0.002758834743872285,1000,1000,1000,1000,-0.008484701626002789,0.0075366320088505745,-0.004066369961947203,0,0,-0.00201416015625,0,100
38496.252,0.03286729380488396,0.02062050998210907,3.9906530380249023,0.0028138260822743177,0.002830962650477886,0.0030541152227669954,1000,1000,1000,1000,-0.008666064590215683,0.007657687179744244,-0.004133086185902357,0,0,-0.00201416015625,0,100
38596.252,0.033205483108758926,0.02080656588077545,3.9890735149383545,0.0025859959423542023,0.0029027084819972515,0.002924899337813258,1000,1000,1000,1000,-0.008832557126879692,0.007821734063327312,-0.004148637875914574,0,0,-0.00201416015625,0,100
38696.252,0.0333423912525177,0.02108926884829998,3.986950159072876,0.0027765852864831686,0.0028832603711634874,0.0031218852382153273,1000,1000,1000,1000,-0.008931022137403488,0.007949091494083405,-0.004181829281151295,0,0,-0.00201416015625,0,100
38796.252,0.033843521028757095,0.02128949761390686,3.9848456382751465,0.0027574319392442703,0.00288284569978714,0.0030513254459947348,1000,1000,1000,1000,-0.009084769524633884,0.008106140419840813,-0.004217249341309071,0,0,-0.00201416015625,0,100
38896.252,0.03419318422675133,0.02158985659480095,3.982555389404297,0.0026615962851792574,0.0028729846235364676,0.002949217800050974,1000,1000,1000,1000,-0.009222344495356083,0.008228211663663387,-0.004212685860693455,0,0,-0.00201416015625,0,100
38996.252,0.03437454253435135,0.02186857908964157,3.979681968688965,0.0025372307281941175,0.002797455061227083,0.0028938916511833668,1000,1000,1000,1000,-0.009327201172709465,0.008332614786922932,-0.00422158045694232,0,0,-0.00201416015625,0,100
39096.252,0.03460504114627838,0.022021926939487457,3.9762542247772217,0.0025602432433515787,0.002603919478133321,0.0029401727952063084,1000,1000,1000,1000,-0.009447320364415646,0.008497649803757668,-0.004238403867930174,0,0,-0.00201416015625,0,100
39196.252,0.03502172604203224,0.022277535870671272,3.9725260734558105,0.0026190495118498802,0.003111261874437332,0.00278125680051744,1000,1000,1000,1000,-0.00962199829518795,0.008687421679496765,-0.004294166341423988,0,0,-0.00201416015625,0,100
39296.252,0.035602644085884094,0.02265484444797039,3.968702554702759,0.0026432848535478115,0.0030360398814082146,0.003023040248081088,1000,1000,1000,1000,-0.009797589853405952,0.008782393299043179,-0.004262598697096109,0,0,-0.00201416015625,0,100
39396.252,0.035788267850875854,0.022705744951963425,3.9646155834198,0.002861947752535343,0.002873110119253397,0.002596047008410096,1000,1000,1000,1000,-0.009937881492078304,0.008892983198165894,-0.004220832139253616,0,0,-0.00201416015625,0,100
39496.252,0.036260537803173065,0.022969312965869904,3.9605469703674316,0.002747434424236417,0.0031992169097065926,0.0028234736528247595,1000,1000,1000,1000,-0.010043486021459103,0.009059238247573376,-0.004210302140563726,0,0,-0.00201416015625,0,100
39596.252,0.03658970817923546,0.023346755653619766,3.9559407234191895,0.0027097363490611315,0.00274257967248559,0.002734928857535124,1000,1000,1000,1000,-0.010153328999876976,0.009177853353321552,-0.004266153555363417,0,0,-0.00201416015625,0,100
39696.252,0.036875106394290924,0.023529330268502235,3.9511544704437256,0.0027624182403087616,0.002843058668076992,0.002938240533694625,1000,1000,1000,1000,-0.010255363769829273,0.00935431569814682,-0.004301882348954678,0,0,-0.00201416015625,0,100
39796.252,0.037203866988420486,0.02384355291724205,3.946043014526367,0.002576751634478569,0.002920441562309861,0.002952174050733447,1000,1000,1000,1000,-0.010411382652819157,0.00948417466133833,-0.0042751263827085495,0,0,-0.00201416015625,0,100
39896.252,0.03746356442570686,0.02425331622362137,3.940749168395996,0.0027509904466569424,0.0029175542294979095,0.0028100265190005302,1000,1000,1000,1000,-0.010566772893071175,0.009669139981269836,-0.004259220790117979,0,0,-0.00201416015625,0,100
39996.252,0.03801611810922623,0.024579543620347977,3.9353020191192627,0.003003564430400729,0.002913253614678979,0.00302968081086874,1000,1000,1000,1000,-0.010703207924962044,0.009786322712898254,-0.004263131879270077,0,0,-0.00201416015625,0,100
40096.252,0.038367316126823425,0.02473677508533001,3.9296796321868896,0.0029380808118730783,0.002701337682083249,0.0030601012986153364,1000,1000,1000,1000,-0.010865556076169014,0.009938344359397888,-0.00423635495826602,0,0,-0.00201416015625,0,100
40196.252,0.038813699036836624,0.025006597861647606,3.9236562252044678,0.003163668094202876,0.0027042399160563946,0.002905238186940551,1000,1000,1000,1000,-0.011008460074663162,0.010116560384631157,-0.004202200565487146,0,0,-0.00201416015625,0,100
40296.252,0.03902028128504753,0.02540522813796997,3.917384386062622,0.0029103648848831654,0.0028131892904639244,0.0030140960589051247,1000,1000,1000,1000,-0.011092203669250011,0.010238618589937687,-0.004223234951496124,0,0,-0.00201416015625,0,100
40396.252,0.039240628480911255,0.0258015226572752,3.911024570465088,0.0029707876965403557,0.0027511408552527428,0.0028609628789126873,1000,1000,1000,1000,-0.01124272309243679,0.010394713841378689,-0.004225222859531641,0,0,-0.00201416015625,0,100
40496.252,0.039373595267534256,0.026029758155345917,3.9042348861694336,0.00279766577295959,0.002720740158110857,0.0030742816161364317,1000,1000,1000,1000,-0.01136723067611456,0.010547870770096779,-0.004251666367053986,0,0,-0.00201416015625,0,100
40596.252,0.039766114205121994,0.026328595355153084,3.8976049423217773,0.002700554672628641,0.0027524076867848635,0.002854749094694853,1000,1000,1000,1000,-0.011522904969751835,0.010675366036593914,-0.004258793778717518,0,0,-0.00201416015625,0,100
40696.252,0.03979908302426338,0.026668749749660492,3.890723943710327,0.0025994807947427034,0.0029287205543369055,0.0029874069150537252,1000,1000,1000,1000,-0.011619355529546738,0.010798456147313118,-0.004234881605952978,0,0,-0.00201416015625,0,100
40796.252,0.04020431265234947,0.026568742468953133,3.8836448192596436,0.0026941329706460238,0.002708839252591133,0.002771491650491953,1000,1000,1000,1000,-0.011789301410317421,0.010924166068434715,-0.0042287735268473625,0,0,-0.00201416015625,0,100
40896.252,0.04071103408932686,0.02695821411907673,3.8766276836395264,0.002997263800352812,0.002723742974922061,0.002844048896804452,1000,1000,1000,1000,-0.011910784989595413,0.011093655601143837,-0.004154860973358154,0,0,-0.00201416015625,0,100
40996.252,0.04105061665177345,0.02712327241897583,3.869654893875122,0.0028373473323881626,0.003066243603825569,0.0028864936903119087,1000,1000,1000,1000,-0.01208580657839775,0.011269125156104565,-0.0041296277195215225,0,0,-0.00201416015625,0,100
41096.252,0.04128413274884224,0.027373546734452248,3.8620312213897705,0.002840847708284855,0.0027331234887242317,0.002713270951062441,1000,1000,1000,1000,-0.012254657223820686,0.011403853073716164,-0.004107799846678972,0,0,-0.00201416015625,0,100
41196.252,0.0417499765753746,0.027729881927371025,3.8544487953186035,0.002866561058908701,0.0027745612896978855,0.0024822852574288845,1000,1000,1000,1000,-0.01241485308855772,0.011549236252903938,-0.004029187373816967,0,0,-0.00201416015625,0,100
41296.252,0.04185011237859726,0.02800464816391468,3.846719741821289,0.002923719584941864,0.0025345701724290848,0.00262957694940269,1000,1000,1000,1000,-0.012553397566080093,0.011664955876767635,-0.004023897927254438,0,0,-0.00201416015625,0,100
41396.252,0.042153432965278625,0.028240416198968887,3.8390536308288574,0.002841100562363863,0.002811754122376442,0.0029859368223696947,1000,1000,1000,1000,-0.01266679260879755,0.011769400909543037,-0.003985085990279913,0,0,-0.00201416015625,0,100
41496.252,0.0424419566988945,0.02863086760044098,3.8312928676605225,0.0028579547069966793,0.002991112181916833,0.002732149325311184,1000,1000,1000,1000,-0.012776495888829231,0.01186363399028778,-0.003934087231755257,0,0,-0.00201416015625,0,100
41596.252,0.042869120836257935,0.028945816680788994,3.82323956489563,0.003123679431155324,0.0029092056211084127,0.0029347650706768036,1000,1000,1000,1000,-0.012928230687975883,0.011995997279882431,-0.0039117103442549706,0,0,-0.00201416015625,0,100
41696.252,0.04303915426135063,0.029184693470597267,3.8153529167175293,0.0028861078899353743,0.002703833393752575,0.0028104877565056086,1000,1000,1000,1000,-0.013007237575948238,0.012075898237526417,-0.0038630710914731026,0,0,-0.00201416015625,0,100
41796.252,0.04340841993689537,0.029507111757993698,3.8073320388793945,0.002656256780028343,0.0028334518428891897,0.0028808240313082933,1000,1000,1000,1000,-0.013164026662707329,0.012185267172753811,-0.0038280014414340258,0,0,-0.00201416015625,0,100
41896.252,0.04373669996857643,0.02975624054670334,3.7990424633026123,0.002784312004223466,0.0027956559788435698,0.0026718496810644865,1000,1000,1000,1000,-0.013285440392792225,0.0122713977470994,-0.0037789500784128904,0,0,-0.00201416015625,0,100
41996.252,0.0438668467104435,0.029932279139757156,3.790715456008911,0.002829094650223851,0.0028866652864962816,0.002799150301143527,1000,1000,1000,1000,-0.013438214547932148,0.01239442452788353,-0.0037198076024651527,0,0,-0.00201416015625,0,100
42096.252,0.04429204761981964,0.03021576814353466,3.7823147773742676,0.0030351942405104637,0.0029294223058968782,0.0029521447140723467,1000,1000,1000,1000,-0.013554517179727554,0.012451914139091969,-0.0036807688884437084,0,0,-0.00201416015625,0,100
42196.252,0.044524163007736206,0.0305413119494915,3.773768186569214,0.0027108436916023493,0.002681414596736431,0.002923154504969716,1000,1000,1000,1000,-0.013711225241422653,0.012552063912153244,-0.0036408028099685907,0,0,-0.00201416015625,0,100
42296.252,0.04477487504482269,0.03063325025141239,3.7655274868011475,0.00314130331389606,0.0027812267653644085,0.002795601962134242,1000,1000,1000,1000,-0.013852028176188469,0.012663006782531738,-0.0035196617245674133,0,0,-0.00201416015625,0,100
42396.252,0.04519713297486305,0.030868301168084145,3.7572126388549805,0.0029484243132174015,0.0028620597440749407,0.0027980050072073936,1000,1000,1000,1000,-0.014030865393579006,0.012819476425647736,-0.0034307471942156553,0,0,-0.00201416015625,0,100
42496.252,0.04549943283200264,0.031161122024059296,3.7482903003692627,0.002636360004544258,0.0030144285410642624,0.0026834208983927965,1000,1000,1000,1000,-0.014193653129041195,0.012916690669953823,-0.0033835305366665125,0,0,-0.00201416015625,0,100
42596.252,0.04585344344377518,0.03162790462374687,3.7396841049194336,0.00284399907104671,0.0030012112110853195,0.002639246406033635,1000,1000,1000,1000,-0.014343533664941788,0.013112415559589863,-0.0034055113792419434,0,0,-0.00201416015625,0,100
42696.252,0.04599720612168312,0.03206687420606613,3.730750322341919,0.002674542833119631,0.0030632582493126392,0.0028202389366924763,1000,1000,1000,1000,-0.014483184553682804,0.013219490647315979,-0.0033155707642436028,0,0,-0.00201416015625,0,100
42796.252,0.046257030218839645,0.0322360061109066,3.7220003604888916,0.0026462976820766926,0.003063128562644124,0.0027071908116340637,1000,1000,1000,1000,-0.014636596664786339,0.013336381874978542,-0.0032753602135926485,0,0,-0.00201416015625,0,100
42896.252,0.04637432098388672,0.032397735863924026,3.71331787109375,0.002750703599303961,0.002907792804762721,0.0029233053792268038,1000,1000,1000,1000,-0.014766058884561062,0.01348254643380642,-0.003209967166185379,0,0,-0.00201416015625,0,100
42996.252,0.04659029841423035,0.03282536193728447,3.704348564147949,0.002804301679134369,0.002668984467163682,0.0028138209600001574,1000,1000,1000,1000,-0.014881385490298271,0.01358093973249197,-0.0031057780142873526,0,0,-0.00201416015625,0,100
43096.252,0.04687125235795975,0.03312862291932106,3.6954386234283447,0.0026507850270718336,0.002744094468653202,0.002867380389943719,1000,1000,1000,1000,-0.015004800632596016,0.013634765520691872,-0.003053519641980529,0,0,-0.00201416015625,0,100
43196.252,0.04722628369927406,0.03341623768210411,3.6864638328552246,0.002584513509646058,0.0029842439107596874,0.002918154001235962,1000,1000,1000,1000,-0.015172000974416733,0.013736804947257042,-0.0030057632829993963,0,0,-0.00201416015625,0,100
43296.252,0.047433845698833466,0.033662449568510056,3.677382230758667,0.00282098725438118,0.002844765316694975,0.0031283898279070854,1000,1000,1000,1000,-0.015315406024456024,0.013849501498043537,-0.0029418165795505047,0,0,-0.00201416015625,0,100
43396.252,0.047752249985933304,0.033793214708566666,3.6682817935943604,0.0028173383325338364,0.002927076304331422,0.0031875993590801954,1000,1000,1000,1000,-0.015456893481314182,0.013928025029599667,-0.0029031585436314344,0,0,-0.00201416015625,0,100
43496.252,0.048055972903966904,0.03403092548251152,3.659193277359009,0.0026722601614892483,0.0029635922983288765,0.0029166662134230137,1000,1000,1000,1000,-0.015536082908511162,0.014030525460839272,-0.002855406142771244,0,0,-0.00201416015625,0,100
43596.252,0.04847745597362518,0.03423657268285751,3.6502697467803955,0.0027792067267000675,0.003127760486677289,0.0028021722100675106,1000,1000,1000,1000,-0.015650557354092598,0.014087475836277008,-0.0027794362977147102,0,0,-0.00201416015625,0,100
43696.252,0.04891484975814819,0.03437630832195282,3.640981435775757,0.0028306893073022366,0.0029910607263445854,0.002817736240103841,1000,1000,1000,1000,-0.01579311117529869,0.01420845091342926,-0.0027279197238385677,0,0,-0.00201416015625,0,100
43796.252,0.04904691502451897,0.0346827395260334,3.63158917427063,0.002811358543112874,0.002667413791641593,0.003150430042296648,1000,1000,1000,1000,-0.015902675688266754,0.014315119944512844,-0.0025990246795117855,0,0,-0.00201416015625,0,100
43896.252,0.04924258962273598,0.03487912937998772,3.6223926544189453,0.003019516821950674,0.0026711944956332445,0.0028899088501930237,1000,1000,1000,1000,-0.01599312387406826,0.014363288879394531,-0.0025301589630544186,0,0,-0.00201416015625,0,100
43996.252,0.049419865012168884,0.034932807087898254,3.6131765842437744,0.0029144540894776583,0.00284237926825881,0.0025224045384675264,1000,1000,1000,1000,-0.016093702986836433,0.014487838372588158,-0.002485428936779499,0,0,-0.00201416015625,0,100
44096.252,0.04960101470351219,0.03496808558702469,3.6038880348205566,0.0027186006773263216,0.0028551092837005854,0.0031533928122371435,1000,1000,1000,1000,-0.016141971573233604,0.014611808583140373,-0.0024369710590690374,0,0,-0.00201416015625,0,100
44196.252,0.050052251666784286,0.035237397998571396,3.5947630405426025,0.002717832336202264,0.0027388492599129677,0.0028003756888210773,1000,1000,1000,1000,-0.01622682437300682,0.014711566269397736,-0.0024561237078160048,0,0,-0.00201416015625,0,100
44296.252,0.05009637400507927,0.03535251319408417,3.585613489151001,0.0027760269585996866,0.0027569846715778112,0.0028384504839777946,1000,1000,1000,1000,-0.016321975737810135,0.014783539809286594,-0.0024016904644668102,0,0,-0.00201416015625,0,100
44396.252,0.05045133829116821,0.035701531916856766,3.5763792991638184,0.0025619042571634054,0.0027540281880646944,0.0030196579173207283,1000,1000,1000,1000,-0.016452191397547722,0.014897298067808151,-0.0023579008411616087,0,0,-0.00201416015625,0,100
44496.252,0.0506475605070591,0.036038752645254135,3.5671610832214355,0.0027271807193756104,0.002949140267446637,0.0026568917091935873,1000,1000,1000,1000,-0.016553916037082672,0.014972910284996033,-0.0023536181543022394,0,0,-0.00201416015625,0,100
44596.252,0.05094926804304123,0.03605242446064949,3.557900905609131,0.0030442276038229465,0.002713398775085807,0.003057237947359681,1000,1000,1000,1000,-0.016662031412124634,0.015086748637259007,-0.002325858920812607,0,0,-0.00201416015625,0,100
44696.252,0.051128026098012924,0.03609621524810791,3.5486974716186523,0.002990427892655134,0.002751871244981885,0.0029751695692539215,1000,1000,1000,1000,-0.016712237149477005,0.015167100355029106,-0.0023290705867111683,0,0,-0.00201416015625,0,100
44796.252,0.0514909103512764,0.036377906799316406,3.5392982959747314,0.0030414212960749865,0.0026651558000594378,0.0030563354957848787,1000,1000,1000,1000,-0.016819501295685768,0.01528871152549982,-0.002295320387929678,0,0,-0.00201416015625,0,100
44896.252,0.05165790021419525,0.036522675305604935,3.529841423034668,0.0028590699657797813,0.0028045375365763903,0.0028744866140186787,1000,1000,1000,1000,-0.016904281452298164,0.01538104098290205,-0.0022242043633013964,0,0,-0.00201416015625,0,100
44996.252,0.052072878926992416,0.03686387464404106,3.5205345153808594,0.0032220371067523956,0.0030868928879499435,0.0028352641966193914,1000,1000,1000,1000,-0.01699844002723694,0.015455000102519989,-0.0021816373337060213,0,0,-0.00201416015625,0,100
45096.252,0.052351463586091995,0.03704669326543808,3.5111730098724365,0.002973034279420972,0.0027210151311010122,0.0026970754843205214,1000,1000,1000,1000,-0.017099682241678238,0.015544788911938667,-0.002148524858057499,0,0,-0.00201416015625,0,100
45196.252,0.05264934524893761,0.03731066361069679,3.502246856689453,0.0028676027432084084,0.002946913708001375,0.0028178927022963762,1000,1000,1000,1000,-0.01719481870532036,0.015624940395355225,-0.002122207311913371,0,0,-0.00201416015625,0,100
45296.252,0.05285344272851944,0.03759708255529404,3.4930644035339355,0.0028941179625689983,0.002778236521407962,0.0031045202631503344,1000,1000,1000,1000,-0.01732419990003109,0.01573752798140049,-0.00206496543250978,0,0,-0.00201416015625,0,100
45396.252,0.053109388798475266,0.03784194216132164,3.4838109016418457,0.0027980476152151823,0.002893233671784401,0.002759306924417615,1000,1000,1000,1000,-0.017398152500391006,0.015860937535762787,-0.0020207208581268787,0,0,-0.00201416015625,0,100
45496.252,0.05338803306221962,0.0380934476852417,3.474597454071045,0.0029036898631602526,0.0027519604191184044,0.0027496390976011753,1000,1000,1000,1000,-0.01753893680870533,0.015957061201334,-0.0019598063081502914,0,0,-0.00201416015625,0,100
45596.252,0.053569767624139786,0.03836219012737274,3.4654035568237305,0.002694902941584587,0.0028134468011558056,0.0027727566193789244,1000,1000,1000,1000,-0.017622211948037148,0.016081660985946655,-0.0018945004558190703,0,0,-0.00201416015625,0,100
45696.252,0.05379243940114975,0.03849831223487854,3.4561803340911865,0.0028524971567094326,0.0027855823282152414,0.0027501466684043407,1000,1000,1000,1000,-0.017707062885165215,0.01619754731655121,-0.0018857381073758006,0,0,-0.00201416015625,0,100
45796.252,0.054005660116672516,0.038553569465875626,3.4467759132385254,0.0028698137030005455,0.0026613713707774878,0.0029348903335630894,1000,1000,1000,1000,-0.017784522846341133,0.016270318999886513,-0.0018154486315324903,0,0,-0.00201416015625,0,100
45896.252,0.05429808422923088,0.03874368220567703,3.437685966491699,0.0028150032740086317,0.002916482277214527,0.00285419262945652,1000,1000,1000,1000,-0.017861368134617805,0.016375573351979256,-0.0017866279231384397,0,0,-0.00201416015625,0,100
45996.252,0.05438939109444618,0.038965221494436264,3.4286580085754395,0.002581786597147584,0.002792761428281665,0.003065705532208085,1000,1000,1000,1000,-0.017930949106812477,0.016465870663523674,-0.0017107318853959441,0,0,-0.00201416015625,0,100
46096.252,0.0545063354074955,0.03927033767104149,3.41943621635437,0.0025645187124609947,0.002843331079930067,0.0028369370847940445,1000,1000,1000,1000,-0.018020812422037125,0.0165632963180542,-0.001694507198408246,0,0,-0.00201416015625,0,100
46196.252,0.05492238700389862,0.03937584161758423,3.410083293914795,0.002556865569204092,0.0030799664091318846,0.002780892187729478,1000,1000,1000,1000,-0.018137449398636818,0.01668660342693329,-0.0016870500985533,0,0,-0.00201416015625,0,100
46296.252,0.055318016558885574,0.039450544863939285,3.400775909423828,0.0029532613698393106,0.002716321963816881,0.003078641602769494,1000,1000,1000,1000,-0.018228111788630486,0.016779346391558647,-0.0015849340707063675,0,0,-0.00201416015625,0,100
46396.252,0.05562734231352806,0.03973798826336861,3.3915088176727295,0.0028293034993112087,0.0027810062747448683,0.003006552578881383,1000,1000,1000,1000,-0.018336838111281395,0.016875773668289185,-0.001592920976690948,0,0,-0.00201416015625,0,100
46496.252,0.055895671248435974,0.039896395057439804,3.3822031021118164,0.002569673117250204,0.0028296380769461393,0.002532321959733963,1000,1000,1000,1000,-0.01841765083372593,0.016979504376649857,-0.00154978281352669,0,0,-0.00201416015625,0,100
46596.252,0.055979251861572266,0.04021267965435982,3.37322735786438,0.0027559171430766582,0.002647729590535164,0.002758570946753025,1000,1000,1000,1000,-0.018497105687856674,0.017092345282435417,-0.0015434761298820376,0,0,-0.00201416015625,0,100
46696.252,0.05618257075548172,0.04047545790672302,3.363966703414917,0.002599631203338504,0.0025341883301734924,0.002568322466686368,1000,1000,1000,1000,-0.018587419763207436,0.01718824729323387,-0.0015304054832085967,0,0,-0.00201416015625,0,100
46796.252,0.05650096759200096,0.04060748964548111,3.3548803329467773,0.0024520736187696457,0.0024802405387163162,0.002951291622593999,1000,1000,1000,1000,-0.018648991361260414,0.017338771373033524,-0.0015327194705605507,0,0,-0.00201416015625,0,100
46896.252,0.05663134157657623,0.04070744290947914,3.3457248210906982,0.0027196172159165144,0.0028143003582954407,0.0027158681768924,1000,1000,1000,1000,-0.018720200285315514,0.01746402680873871,-0.0014855542685836554,0,0,-0.00201416015625,0,100
46996.252,0.05664006248116493,0.041011445224285126,3.3365676403045654,0.0027255481109023094,0.0029562250711023808,0.0025052763521671295,1000,1000,1000,1000,-0.018813492730259895,0.01758592016994953,-0.001484218519181013,0,0,-0.00201416015625,0,100
47096.252,0.05683034658432007,0.04107462242245674,3.3274085521698,0.0028669105377048254,0.0026914598420262337,0.0026761877816170454,1000,1000,1000,1000,-0.018911398947238922,0.017630672082304955,-0.0013705450110137463,0,0,-0.00201416015625,0,100
47196.252,0.056953683495521545,0.04124905914068222,3.3184654712677,0.0025109094567596912,0.002755593741312623,0.002771384082734585,1000,1000,1000,1000,-0.01899830438196659,0.017709435895085335,-0.0013941836077719927,0,0,-0.00201416015625,0,100
47296.252,0.05703169107437134,0.04119798541069031,3.30938458442688,0.0024942816235125065,0.0027961579617112875,0.0027735296171158552,1000,1000,1000,1000,-0.019064532592892647,0.0177647452801466,-0.0013741994043812156,0,0,-0.00201416015625,0,100
47396.252,0.057063352316617966,0.0413656160235405,3.3005127906799316,0.002717456081882119,0.0029740252066403627,0.0028370257932692766,1000,1000,1000,1000,-0.01916862279176712,0.017894471064209938,-0.0013468838296830654,0,0,-0.00201416015625,0,100
47496.252,0.05740000680088997,0.04161506146192551,3.29175066947937,0.0025771474465727806,0.0027774821501225233,0.00286030862480402,1000,1000,1000,1000,-0.019275708124041557,0.018019411712884903,-0.0013032382121309638,0,0,-0.00201416015625,0,100
47596.252,0.05769606679677963,0.04172104224562645,3.2826249599456787,0.0026293047703802586,0.0027998292353004217,0.0030445577576756477,1000,1000,1000,1000,-0.019376948475837708,0.018098119646310806,-0.0012782502453774214,0,0,-0.00201416015625,0,100
47696.252,0.05795165151357651,0.04193892329931259,3.2738986015319824,0.0027928780764341354,0.002883204258978367,0.0027615081053227186,1000,1000,1000,1000,-0.01950817182660103,0.018211273476481438,-0.0012658240739256144,0,0,-0.00201416015625,0,100
47796.252,0.0582488588988781,0.04216399043798447,3.2651097774505615,0.0028406877536326647,0.00260829646140337,0.0026502497494220734,1000,1000,1000,1000,-0.01956910640001297,0.018342213705182076,-0.0012253166642040014,0,0,-0.00201416015625,0,100
47896.252,0.058243200182914734,0.04220138117671013,3.2562499046325684,0.0028041000477969646,0.002641867147758603,0.003060070099309087,1000,1000,1000,1000,-0.019596202298998833,0.018422216176986694,-0.0012330460594967008,0,0,-0.00201416015625,0,100
47996.252,0.05832100659608841,0.042435698211193085,3.247326374053955,0.003081132657825947,0.0027607297524809837,0.00289084087125957,1000,1000,1000,1000,-0.019716478884220123,0.01850341074168682,-0.0012045056791976094,0,0,-0.00201416015625,0,100
48096.252,0.05834042280912399,0.04263551905751228,3.23836088180542,0.0028100216295570135,0.0027891071513295174,0.0029363962821662426,1000,1000,1000,1000,-0.01981133036315441,0.01860576495528221,-0.001138241495937109,0,0,-0.00201416015625,0,100
48196.252,0.0587301105260849,0.04282620921730995,3.229416608810425,0.0027971931267529726,0.002788087585940957,0.002715148963034153,1000,1000,1000,1000,-0.019862476736307144,0.018693532794713974,-0.0011413466418161988,0,0,-0.00201416015625,0,100
48296.252,0.05899042636156082,0.04312662035226822,3.2206315994262695,0.0027150167152285576,0.002698813332244754,0.002785349264740944,1000,1000,1000,1000,-0.01994040422141552,0.018741345033049583,-0.0011160875437781215,0,0,-0.00201416015625,0,100
48396.252,0.05916278064250946,0.043558843433856964,3.2118654251098633,0.002652438823133707,0.002835076069459319,0.003063803305849433,1000,1000,1000,1000,-0.020052360370755196,0.01881636306643486,-0.0010727762710303068,0,0,-0.00201416015625,0,100
48496.252,0.05935918912291527,0.04371507093310356,3.203174591064453,0.002770935883745551,0.0028492899145931005,0.0029613077640533447,1000,1000,1000,1000,-0.020087603479623795,0.018935739994049072,-0.0010161156533285975,0,0,-0.00201416015625,0,100
48596.252,0.05940614640712738,0.04378616809844971,3.194411277770996,0.0026073281187564135,0.002784676617011428,0.0029825856909155846,1000,1000,1000,1000,-0.02020852640271187,0.019044503569602966,-0.0009918007999658585,0,0,-0.00201416015625,0,100
48696.252,0.05952095985412598,0.043890051543712616,3.185637950897217,0.002769523998722434,0.0027690844144672155,0.0026938694063574076,1000,1000,1000,1000,-0.02025628462433815,0.019110307097434998,-0.0009756347863003612,0,0,-0.00201416015625,0,100
48796.252,0.059830404818058014,0.0440196692943573,3.1769673824310303,0.002850987482815981,0.002590175485238433,0.002647227142006159,1000,1000,1000,1000,-0.020308587700128555,0.019214868545532227,-0.0009416625835001469,0,0,-0.00201416015625,0,100
48896.252,0.060178086161613464,0.04431271180510521,3.1681528091430664,0.002689067739993334,0.0027383354026824236,0.0026590991765260696,1000,1000,1000,1000,-0.02035990171134472,0.019257254898548126,-0.0008918414823710918,0,0,-0.00201416015625,0,100
48996.252,0.06033647432923317,0.04448363929986954,3.1593642234802246,0.0026590456254780293,0.0028161704540252686,0.0027938825078308582,1000,1000,1000,1000,-0.020457971841096878,0.019349532201886177,-0.0008190103690139949,0,0,-0.00201416015625,0,100
49096.252,0.06069381162524223,0.04464452713727951,3.1508266925811768,0.002898380160331726,0.0028487970121204853,0.0027943351306021214,1000,1000,1000,1000,-0.02055126056075096,0.019480302929878235,-0.0007906191167421639,0,0,-0.00201416015625,0,100
49196.252,0.06092901900410652,0.04480740427970886,3.1423285007476807,0.0031540184281766415,0.0029376870952546597,0.0027114050462841988,1000,1000,1000,1000,-0.02061568759381771,0.019574422389268875,-0.0007841398473829031,0,0,-0.00201416015625,0,100
49296.252,0.0611727237701416,0.04517967626452446,3.133768320083618,0.0028768775518983603,0.0027209597174078226,0.0025241030380129814,1000,1000,1000,1000,-0.02067308872938156,0.019668035209178925,-0.0007396034197881818,0,0,-0.00201416015625,0,100
49396.252,0.061189860105514526,0.04519006609916687,3.125335216522217,0.0027637085877358913,0.0025555146858096123,0.0027409156318753958,1000,1000,1000,1000,-0.020713763311505318,0.019781364127993584,-0.0007073393790051341,0,0,-0.00201416015625,0,100
49496.252,0.06135331839323044,0.04538704827427864,3.1166586875915527,0.0029842008370906115,0.002681393176317215,0.002770455088466406,1000,1000,1000,1000,-0.02074722945690155,0.01987565867602825,-0.0007123110699467361,0,0,-0.00201416015625,0,100
49596.252,0.061549026519060135,0.04546869918704033,3.1083786487579346,0.003070211736485362,0.0027201359625905752,0.002698128344491124,1000,1000,1000,1000,-0.020821433514356613,0.019976023584604263,-0.0007109327125363052,0,0,-0.00201416015625,0,100
49696.252,0.06192874163389206,0.045741014182567596,3.100149154663086,0.0030071663204580545,0.002772699575871229,0.002964175771921873,1000,1000,1000,1000,-0.020958755165338516,0.020071640610694885,-0.0007213025237433612,0,0,-0.00201416015625,0,100
49796.252,0.0621018186211586,0.046108346432447433,3.091876745223999,0.0030486739706248045,0.002935246331617236,0.002977976342663169,1000,1000,1000,1000,-0.021045977249741554,0.020146172493696213,-0.0006811847561039031,0,0,-0.00201416015625,0,100
49896.252,0.062374651432037354,0.046332601457834244,3.0836570262908936,0.0029853107407689095,0.0026505093555897474,0.0029435623437166214,1000,1000,1000,1000,-0.021082188934087753,0.02029118873178959,-0.0006577546591870487,0,0,-0.00201416015625,0,100
49996.252,0.06280981004238129,0.046696458011865616,3.0752835273742676,0.0030063679441809654,0.00259782443754375,0.0027917323168367147,1000,1000,1000,1000,-0.021169068291783333,0.020390991121530533,-0.0006333376513794065,0,0,-0.00201416015625,0,100
50096.252,0.06299355626106262,0.046853575855493546,3.066850185394287,0.0026737393345683813,0.0028105408418923616,0.0027867723256349564,1000,1000,1000,1000,-0.021219654008746147,0.02045680396258831,-0.0005799700156785548,0,0,-0.00201416015625,0,100
50196.252,0.06310436874628067,0.0470096580684185,3.0586423873901367,0.0026169416960328817,0.0026394533924758434,0.0027176784351468086,1000,1000,1000,1000,-0.021309981122612953,0.02060117945075035,-0.0005376578774303198,0,0,-0.00201416015625,0,100
50296.252,0.06314553320407867,0.04740895703434944,3.0501532554626465,0.0027272251900285482,0.0029622898437082767,0.0027527722995728254,1000,1000,1000,1000,-0.021356070414185524,0.020662695169448853,-0.00046906108036637306,0,0,-0.00201416015625,0,100
50396.252,0.0632726326584816,0.04766826331615448,3.041839361190796,0.0028416707646101713,0.0028081266209483147,0.0030902400612831116,1000,1000,1000,1000,-0.021417709067463875,0.020710164681077003,-0.0003679669462144375,0,0,-0.00201416015625,0,100
50496.252,0.06349223852157593,0.04770271107554436,3.033708333969116,0.00321514206007123,0.002792638260871172,0.0029238229617476463,1000,1000,1000,1000,-0.021515261381864548,0.020817583426833153,-0.00035764038329944015,0,0,-0.00201416015625,0,100
50596.252,0.06376097351312637,0.04785500466823578,3.025557279586792,0.0027327765710651875,0.0027106385678052902,0.002683153608813882,1000,1000,1000,1000,-0.021647395566105843,0.020880214869976044,-0.00029620571876876056,0,0,-0.00201416015625,0,100
50696.252,0.0639832615852356,0.04821472987532616,3.017331123352051,0.002778155030682683,0.0028326725587248802,0.002782263560220599,1000,1000,1000,1000,-0.021684840321540833,0.020992461591959,-0.00030528605566360056,0,0,-0.00201416015625,0,100
50796.252,0.06410544365644455,0.048475366085767746,3.009052276611328,0.002582645509392023,0.0026141731068491936,0.002754937158897519,1000,1000,1000,1000,-0.021764542907476425,0.021059265360236168,-0.00031186293927021325,0,0,-0.00201416015625,0,100
50896.252,0.06416643410921097,0.04895073547959328,3.000722885131836,0.002721332013607025,0.0027338736690580845,0.0026243538595736027,1000,1000,1000,1000,-0.021874714642763138,0.021157439798116684,-0.00030297681223601103,0,0,-0.00201416015625,0,100
50996.252,0.06422397494316101,0.04919061437249184,2.9927978515625,0.0027484248857945204,0.0028047345113009214,0.0028777222614735365,1000,1000,1000,1000,-0.02192654088139534,0.021272411569952965,-0.00028134541935287416,0,0,-0.00201416015625,0,100
51096.252,0.06452871859073639,0.04947897791862488,2.984767198562622,0.0027857471723109484,0.002721356227993965,0.002896232297644019,1000,1000,1000,1000,-0.022005539387464523,0.02136891335248947,-0.0002733615110628307,0,0,-0.00201416015625,0,100
51196.252,0.06456959247589111,0.04971940815448761,2.9770166873931885,0.002421290148049593,0.0027868286706507206,0.0029176827520132065,1000,1000,1000,1000,-0.022102752700448036,0.02142772451043129,-0.00022607576102018356,0,0,-0.00201416015625,0,100
51296.252,0.06467954069375992,0.049981739372015,2.9689764976501465,0.002884883666411042,0.002917276928201318,0.002831088611856103,1000,1000,1000,1000,-0.022189021110534668,0.021531272679567337,-0.00020184718596283346,0,0,-0.00201416015625,0,100
51396.252,0.06479328870773315,0.050294555723667145,2.961174249649048,0.0026911338791251183,0.0029518252704292536,0.0028344548773020506,1000,1000,1000,1000,-0.02228451520204544,0.021558286622166634,-0.00017097033560276031,0,0,-0.00201416015625,0,100
51496.252,0.06479552388191223,0.050519078969955444,2.9533023834228516,0.0027235024608671665,0.0029756054282188416,0.0029368146788328886,1000,1000,1000,1000,-0.0224062018096447,0.02161935716867447,-0.00014744415238965303,0,0,-0.00201416015625,0,100
51596.252,0.06500909477472305,0.050716813653707504,2.94547438621521,0.0028388951905071735,0.002963674021884799,0.0027802451513707638,1000,1000,1000,1000,-0.022512447088956833,0.02168099209666252,-0.00011842409730888903,0,0,-0.00201416015625,0,100
51696.252,0.06517399847507477,0.05075502768158913,2.9375593662261963,0.002832348458468914,0.0027842260897159576,0.002818045439198613,1000,1000,1000,1000,-0.02259518951177597,0.021708421409130096,-0.00009213453449774534,0,0,-0.00201416015625,0,100
51796.252,0.06509783864021301,0.051055099815130234,2.9297406673431396,0.002851888071745634,0.002727612154558301,0.0029801581986248493,1000,1000,1000,1000,-0.022653305903077126,0.02179538831114769,-0.00003287025174358859,0,0,-0.00201416015625,0,100
51896.252,0.06523594260215759,0.05122508108615875,2.9218955039978027,0.0027391903568059206,0.002829404314979911,0.0027747596614062786,1000,1000,1000,1000,-0.02275017835199833,0.021833142265677452,-0.000025047767849173397,0,0,-0.00201416015625,0,100
51996.252,0.06533496826887131,0.05131969228386879,2.914149284362793,0.0026096655055880547,0.002717032330110669,0.002809703117236495,1000,1000,1000,1000,-0.02280205301940441,0.02185797691345215,-0.000008410031114181038,0,0,-0.00201416015625,0,100
52096.252,0.06530958414077759,0.05162258818745613,2.906493663787842,0.002545184688642621,0.002975050825625658,0.002755292458459735,1000,1000,1000,1000,-0.022917984053492546,0.021878749132156372,0.000012763628546963446,0,0,-0.00201416015625,0,100
52196.252,0.06551282852888107,0.052063606679439545,2.8987858295440674,0.0027853804640471935,0.0029166194144636393,0.00290138297714293,1000,1000,1000,1000,-0.02300509251654148,0.021976804360747337,-0.000004610928954207338,0,0,-0.00201416015625,0,100
52296.252,0.06574775278568268,0.05203607305884361,2.891089677810669,0.003164784051477909,0.003025623969733715,0.002663979073986411,1000,1000,1000,1000,-0.023118438199162483,0.021975217387080193,0.000012419528502505273,0,0,-0.00201416015625,0,100
52396.252,0.06605275720357895,0.05197219178080559,2.883700132369995,0.002787752775475383,0.002881256164982915,0.0024651524145156145,1000,1000,1000,1000,-0.023213036358356476,0.022093219682574272,0.00004132547837798484,0,0,-0.00201416015625,0,100
52496.252,0.06612126529216766,0.052194539457559586,2.876181125640869,0.0031309956684708595,0.002834388054907322,0.0027324343100190163,1000,1000,1000,1000,-0.023323139175772667,0.022152576595544815,0.000024513114112778567,0,0,-0.00201416015625,0,100
52596.252,0.0663035437464714,0.05249960348010063,2.8688502311706543,0.0028846622444689274,0.0030747775454074144,0.0026997372042387724,1000,1000,1000,1000,-0.02342558093369007,0.0221883412450552,0.00006376900273608044,0,0,-0.00201416015625,0,100
52696.252,0.06623468548059464,0.05268355458974838,2.8613390922546387,0.0026547634042799473,0.0026897727511823177,0.0027552680112421513,1000,1000,1000,1000,-0.023510169237852097,0.02221374399960041,0.0001105870251194574,0,0,-0.00201416015625,0,100
52796.252,0.0662667378783226,0.05282008275389671,2.853736639022827,0.0029741355683654547,0.002926734508946538,0.002827386138960719,1000,1000,1000,1000,-0.023587878793478012,0.022253720089793205,0.00018222654762212187,0,0,-0.00201416015625,0,100
52896.252,0.06631581485271454,0.053119510412216187,2.846149444580078,0.0029413115698844194,0.0030160299502313137,0.0029508057050406933,1000,1000,1000,1000,-0.023746684193611145,0.022248130291700363,0.00018655149324331433,0,0,-0.00201416015625,0,100
52996.252,0.06636478006839752,0.053096264600753784,2.8386290073394775,0.0026730434037745,0.0028202407993376255,0.0029028034768998623,1000,1000,1000,1000,-0.0238637737929821,0.02228071540594101,0.000217598513700068,0,0,-0.00201416015625,0,100
53096.252,0.06637624651193619,0.05341695249080658,2.831170082092285,0.002837768290191889,0.002799232257530093,0.002730785636231303,1000,1000,1000,1000,-0.023951036855578423,0.02232852764427662,0.0002032637275988236,0,0,-0.00201416015625,0,100
53196.252,0.06657081097364426,0.05357916280627251,2.8239586353302,0.002622394822537899,0.002546441275626421,0.0028947056271135807,1000,1000,1000,1000,-0.024065524339675903,0.022377192974090576,0.00020420739019755274,0,0,-0.00201416015625,0,100
53296.252,0.06663904339075089,0.05398263782262802,2.816622257232666,0.002851055469363928,0.0029407336842268705,0.002882162341848016,1000,1000,1000,1000,-0.024178899824619293,0.022406045347452164,0.0002051681949524209,0,0,-0.00201416015625,0,100
53396.252,0.06665841490030289,0.05417800322175026,2.8093984127044678,0.0026600882411003113,0.00279297586530447,0.0030418240930885077,1000,1000,1000,1000,-0.024274026975035667,0.02241869643330574,0.00029973575146868825,0,0,-0.00201416015625,0,100
53496.252,0.06692443042993546,0.054435424506664276,2.8022377490997314,0.002856080187484622,0.0028520270716398954,0.002802837872877717,1000,1000,1000,1000,-0.024413177743554115,0.022489426657557487,0.00029737205477431417,0,0,-0.00201416015625,0,100
53596.252,0.06712386757135391,0.05460571125149727,2.794888734817505,0.0027779715601354837,0.002842069836333394,0.0027857364621013403,1000,1000,1000,1000,-0.024506166577339172,0.0225168876349926,0.00029825608362443745,0,0,-0.00201416015625,0,100
53696.252,0.06709996610879898,0.05470927804708481,2.7877464294433594,0.0029742277693003416,0.002738633193075657,0.002858513966202736,1000,1000,1000,1000,-0.02457987144589424,0.02257208339869976,0.0003016136179212481,0,0,-0.00201416015625,0,100
53796.252,0.06724390387535095,0.054960016161203384,2.7803919315338135,0.0029989187605679035,0.002836377825587988,0.0028655764181166887,1000,1000,1000,1000,-0.024654516950249672,0.022637315094470978,0.0003355054941494018,0,0,-0.00201416015625,0,100
53896.252,0.06741620600223541,0.05506497621536255,2.773411512374878,0.0029976090881973505,0.0027761077508330345,0.0026187170296907425,1000,1000,1000,1000,-0.02471354976296425,0.02271302044391632,0.0003133011341560632,0,0,-0.00201416015625,0,100
53996.252,0.06741999834775925,0.05531685799360275,2.7662088871002197,0.002897759201005101,0.002809096360579133,0.0026592612266540527,1000,1000,1000,1000,-0.024822331964969635,0.022710541263222694,0.0003459411673247814,0,0,-0.00201416015625,0,100
54096.252,0.06758414208889008,0.05543870851397514,2.7589855194091797,0.002689686603844166,0.0027981167659163475,0.0028141173534095287,1000,1000,1000,1000,-0.024915844202041626,0.02276894636452198,0.0003462241147644818,0,0,-0.00201416015625,0,100
54196.252,0.06768817454576492,0.05573327839374542,2.7518560886383057,0.002917621750384569,0.0029369767289608717,0.0028629754669964314,1000,1000,1000,1000,-0.025004738941788673,0.022811198607087135,0.00035889085847884417,0,0,-0.00201416015625,0,100
54296.252,0.06777645647525787,0.055888086557388306,2.7448112964630127,0.002689540386199951,0.0026298577431589365,0.0029126822482794523,1000,1000,1000,1000,-0.025058677420020103,0.022875238209962845,0.0003831031790468842,0,0,-0.00201416015625,0,100
54396.252,0.06784181296825409,0.056159306317567825,2.73781681060791,0.0031104953959584236,0.0028020504396408796,0.0027759820222854614,1000,1000,1000,1000,-0.025173764675855637,0.02294515259563923,0.0004276637628208846,0,0,-0.00201416015625,0,100
54496.252,0.06789848953485489,0.05609772726893425,2.7307984828948975,0.002794672269374132,0.0029614639934152365,0.0028066858649253845,1000,1000,1000,1000,-0.025247769430279732,0.022984744980931282,0.0004372980329208076,0,0,-0.00201416015625,0,100
54596.252,0.06793160736560822,0.0561211071908474,2.7239291667938232,0.002940142760053277,0.002608190756291151,0.002780950628221035,1000,1000,1000,1000,-0.02528865449130535,0.02303912676870823,0.00044821371557191014,0,0,-0.00201416015625,0,100
54696.252,0.06787904351949692,0.056301299482584,2.7169735431671143,0.0028597854543477297,0.002500683069229126,0.0026178674306720495,1000,1000,1000,1000,-0.02535313367843628,0.023068539798259735,0.00044333128607831895,0,0,-0.00201416015625,0,100
54796.252,0.06821738928556442,0.05638667196035385,2.7102532386779785,0.0025761465076357126,0.0025279109831899405,0.0025298846885561943,1000,1000,1000,1000,-0.025409460067749023,0.02309637889266014,0.00042162006138823926,0,0,-0.00201416015625,0,100
54896.252,0.068325474858284,0.05643445625901222,2.7033960819244385,0.002909222152084112,0.0028803786262869835,0.0027320333756506443,1000,1000,1000,1000,-0.0254692193120718,0.023074306547641754,0.0003665550902951509,0,0,-0.00201416015625,0,100
54996.252,0.0683300718665123,0.056521885097026825,2.696744203567505,0.0028081361670047045,0.0025836804416030645,0.0030332899186760187,1000,1000,1000,1000,-0.025576479732990265,0.02309807389974594,0.00035810197005048394,0,0,-0.00201416015625,0,100
55096.252,0.06835021078586578,0.05651456117630005,2.689948797225952,0.0028599861543625593,0.0029249221552163363,0.002844975795596838,1000,1000,1000,1000,-0.025640074163675308,0.023181147873401642,0.0003461181477177888,0,0,-0.00201416015625,0,100
55196.252,0.06848162412643433,0.056612834334373474,2.683272361755371,0.0030497892294079065,0.0028598231729120016,0.002990555251017213,1000,1000,1000,1000,-0.025647452101111412,0.02322288602590561,0.00032787537202239037,0,0,-0.00201416015625,0,100
55296.252,0.06868533045053482,0.05690557137131691,2.676539182662964,0.002914024982601404,0.0027737701311707497,0.002782511757686734,1000,1000,1000,1000,-0.025774460285902023,0.023284105584025383,0.0003496310382615775,0,0,-0.00201416015625,0,100
55396.252,0.06871199607849121,0.05699827894568443,2.6698436737060547,0.0029640942811965942,0.0027784332633018494,0.002991544781252742,1000,1000,1000,1000,-0.025816660374403,0.023337790742516518,0.00033069803612306714,0,0,-0.00201416015625,0,100
55496.252,0.06869597733020782,0.05720112845301628,2.663316249847412,0.0030094003304839134,0.002825184492394328,0.002825744915753603,1000,1000,1000,1000,-0.025908097624778748,0.02337171509861946,0.0003660120419226587,0,0,-0.00201416015625,0,100
55596.252,0.06889112293720245,0.057380788028240204,2.6567535400390625,0.0029342242050915956,0.0026986461598426104,0.0028587051201611757,1000,1000,1000,1000,-0.025994906201958656,0.02343427576124668,0.000363570055924356,0,0,-0.00201416015625,0,100
55696.252,0.0692252367734909,0.05770346149802208,2.650322914123535,0.002893351251259446,0.0030862765852361917,0.0030819103121757507,1000,1000,1000,1000,-0.026023028418421745,0.02345643937587738,0.0003744853602256626,0,0,-0.00201416015625,0,100
55796.252,0.06925449520349503,0.057675182819366455,2.6437785625457764,0.0028128051199018955,0.0028284371364861727,0.0029251317027956247,1000,1000,1000,1000,-0.026126081123948097,0.023525722324848175,0.000380730809411034,0,0,-0.00201416015625,0,100
55896.252,0.06944626569747925,0.05783188343048096,2.6371381282806396,0.002921866253018379,0.00287410756573081,0.0028681959956884384,1000,1000,1000,1000,-0.02617417275905609,0.023557163774967194,0.00038563573616556823,0,0,-0.00201416015625,0,100
55996.252,0.06976796686649323,0.05814008787274361,2.630666732788086,0.0031775562092661858,0.0028355219401419163,0.002809436758980155,1000,1000,1000,1000,-0.02623916231095791,0.02363778091967106,0.00037860049633309245,0,0,-0.00201416015625,0,100
56096.252,0.06998563557863235,0.05816349387168884,2.6241965293884277,0.003039486240595579,0.002697668969631195,0.00245272321626544,1000,1000,1000,1000,-0.026272155344486237,0.023697488009929657,0.0003710950550157577,0,0,-0.00201416015625,0,100
56196.252,0.07027940452098846,0.05849515646696091,2.6175789833068848,0.003018312156200409,0.0026344764046370983,0.002562620211392641,1000,1000,1000,1000,-0.026335060596466064,0.0237100962549448,0.0003860575961880386,0,0,-0.00201416015625,0,100
56296.252,0.07042814791202545,0.05870605260133743,2.6110098361968994,0.002790118334814906,0.0028978881891816854,0.0027009218465536833,1000,1000,1000,1000,-0.026380619034171104,0.023756569251418114,0.00035827371175400913,0,0,-0.00201416015625,0,100
56396.252,0.07073314487934113,0.05869724228978157,2.6047556400299072,0.0028468926902860403,0.0027682161889970303,0.0027700825594365597,1000,1000,1000,1000,-0.02648765593767166,0.023784294724464417,0.00039454721263609827,0,0,-0.00201416015625,0,100
56496.252,0.07105839252471924,0.05897248908877373,2.5983734130859375,0.0029503137338906527,0.0029156056698411703,0.0030108336359262466,1000,1000,1000,1000,-0.0265409667044878,0.02378934435546398,0.00038987258449196815,0,0,-0.00201416015625,0,100
56596.252,0.07107469439506531,0.05883835628628731,2.5920965671539307,0.003192147007212043,0.002925009233877063,0.0030351451132446527,1000,1000,1000,1000,-0.026567921042442322,0.02384074218571186,0.0003908767248503864,0,0,-0.00201416015625,0,100
56696.252,0.07144101709127426,0.059042565524578094,2.5857040882110596,0.002892848337069154,0.00299572991207242,0.0028860054444521666,1000,1000,1000,1000,-0.026607023552060127,0.02395862527191639,0.00037699766107834876,0,0,-0.00201416015625,0,100
56796.252,0.0715227797627449,0.05898721143603325,2.579422950744629,0.0030807300936430693,0.0029861354269087315,0.0030741121154278517,1000,1000,1000,1000,-0.0266563817858696,0.024032577872276306,0.0003458191640675068,0,0,-0.00201416015625,0,100
56896.252,0.07166985422372818,0.05915432423353195,2.5731685161590576,0.002807436976581812,0.002942671999335289,0.002949911868199706,1000,1000,1000,1000,-0.026733150705695152,0.024028925225138664,0.00031455224961973727,0,0,-0.00201416015625,0,100
56996.252,0.07162400335073471,0.05927759408950806,2.566884994506836,0.002479626564309001,0.0026620777789503336,0.00285167945548892,1000,1000,1000,1000,-0.02676771767437458,0.024099841713905334,0.00028643570840358734,0,0,-0.00201416015625,0,100
57096.252,0.07156047970056534,0.05934121459722519,2.5604665279388428,0.0026685013435781,0.0026368300896137953,0.0025635601487010717,1000,1000,1000,1000,-0.02681875042617321,0.024140698835253716,0.00026093091582879424,0,0,-0.00201416015625,0,100
57196.252,0.07185031473636627,0.059637587517499924,2.554267406463623,0.003041060408577323,0.0025684291031211615,0.0027564887423068285,1000,1000,1000,1000,-0.026827041059732437,0.024164490401744843,0.00024546735221520066,0,0,-0.00201416015625,0,100
57296.252,0.07211582362651825,0.05960996448993683,2.5480117797851562,0.0029890695586800575,0.002809952711686492,0.002742910059168935,1000,1000,1000,1000,-0.026901716366410255,0.024213995784521103,0.0002508699835743755,0,0,-0.00201416015625,0,100
57396.252,0.07216167449951172,0.059835176914930344,2.541788101196289,0.002797721652314067,0.0028593107126653194,0.0029789749532938004,1000,1000,1000,1000,-0.02693815901875496,0.024246100336313248,0.0001955056650331244,0,0,-0.00201416015625,0,100
57496.252,0.07224912941455841,0.06018450856208801,2.5358691215515137,0.002866492373868823,0.0028689620085060596,0.0027454455848783255,1000,1000,1000,1000,-0.026933817192912102,0.024320099502801895,0.0001794966374291107,0,0,-0.00201416015625,0,100
57596.252,0.07215410470962524,0.06057221442461014,2.5296733379364014,0.0027949220966547728,0.003116761101409793,0.0029101159889250994,1000,1000,1000,1000,-0.026980232447385788,0.02440790832042694,0.00017999518604483455,0,0,-0.00201416015625,0,100
57696.252,0.07231217622756958,0.060807377099990845,2.5235636234283447,0.002717569237574935,0.0030377572402358055,0.002937664743512869,1000,1000,1000,1000,-0.02701103314757347,0.02450145035982132,0.00019734399393200874,0,0,-0.00201416015625,0,100
57796.252,0.0723804235458374,0.06107965111732483,2.5175657272338867,0.0027166425716131926,0.003090123413130641,0.003019526368007064,1000,1000,1000,1000,-0.02710934914648533,0.024531086906790733,0.00018718490900937468,0,0,-0.00201416015625,0,100
57896.252,0.07253444194793701,0.0611099936068058,2.5116126537323,0.002814606996253133,0.0029784562066197395,0.0028998847119510174,1000,1000,1000,1000,-0.02717677317559719,0.024589665234088898,0.00018829591863323003,0,0,-0.00201416015625,0,100
57996.252,0.07251229137182236,0.06133381649851799,2.5055484771728516,0.0027092373929917812,0.0029213668312877417,0.002624163404107094,1000,1000,1000,1000,-0.027281295508146286,0.0247051864862442,0.0002158924617106095,0,0,-0.00201416015625,0,100
58096.252,0.07266885787248611,0.06153932586312294,2.4996538162231445,0.00280714500695467,0.0027994161937385798,0.00270966743119061,1000,1000,1000,1000,-0.027331829071044922,0.024806734174489975,0.00023669628717470914,0,0,-0.00201416015625,0,100
58196.252,0.07279888540506363,0.0616445429623127,2.493893623352051,0.0028084174264222383,0.003248747903853655,0.002643628278747201,1000,1000,1000,1000,-0.027322333306074142,0.024898666888475418,0.00024236457829829305,0,0,-0.00201416015625,0,100
58296.252,0.07289165258407593,0.06196048483252525,2.4878387451171875,0.0028901519253849983,0.0030149947851896286,0.002611180767416954,1000,1000,1000,1000,-0.027363166213035583,0.024963876232504845,0.0002538195112720132,0,0,-0.00201416015625,0,100
58396.252,0.0731843113899231,0.0619862861931324,2.4818739891052246,0.002933905925601721,0.002580883214250207,0.0027107291389256716,1000,1000,1000,1000,-0.027447624132037163,0.025030195713043213,0.0002737895119935274,0,0,-0.00201416015625,0,100
58496.252,0.07352256774902344,0.062038518488407135,2.475811004638672,0.0027822551783174276,0.0026635155081748962,0.0027698513586074114,1000,1000,1000,1000,-0.02755122259259224,0.0251036137342453,0.0002798744535539299,0,0,-0.00201416015625,0,100
58596.252,0.07368578016757965,0.062262941151857376,2.4700348377227783,0.0030278691556304693,0.002810928039252758,0.0028120814822614193,1000,1000,1000,1000,-0.027609551325440407,0.025152867659926414,0.00027774859336204827,0,0,-0.00201416015625,0,100
58696.252,0.073738694190979,0.06251464039087296,2.464003562927246,0.002809090306982398,0.0026852781884372234,0.002764411736279726,1000,1000,1000,1000,-0.027678243815898895,0.02519851177930832,0.0002508441102690995,0,0,-0.00201416015625,0,100
58796.252,0.07380656152963638,0.06282498687505722,2.4581832885742188,0.0027897991240024567,0.0025756782852113247,0.0030762830283492804,1000,1000,1000,1000,-0.02771557867527008,0.02528284676373005,0.0002053256903309375,0,0,-0.00201416015625,0,100
58896.252,0.07383338361978531,0.06306018680334091,2.452359676361084,0.002770126098766923,0.0026883443351835012,0.0029221265576779842,1000,1000,1000,1000,-0.027812033891677856,0.025370335206389427,0.00018301694944966584,0,0,-0.00201416015625,0,100
58996.252,0.0739639475941658,0.0632404088973999,2.4464809894561768,0.0027811683248728514,0.002775780623778701,0.003096743021160364,1000,1000,1000,1000,-0.02788737416267395,0.02540314383804798,0.00017155440582428128,0,0,-0.00201416015625,0,100
59096.252,0.07395223528146744,0.06339611113071442,2.440849781036377,0.002690622815862298,0.0030301930382847786,0.0029867123812437057,1000,1000,1000,1000,-0.02793087810277939,0.025474606081843376,0.0002206753270002082,0,0,-0.00201416015625,0,100
59196.252,0.07399788498878479,0.06375832110643387,2.4349145889282227,0.0029047364369034767,0.002908658469095826,0.00275590643286705,1000,1000,1000,1000,-0.02802925929427147,0.025549646466970444,0.00019118886848445982,0,0,-0.00201416015625,0,100
59296.252,0.07445265352725983,0.06428568065166473,2.4291601181030273,0.002780522219836712,0.00281059299595654,0.002797054359689355,1000,1000,1000,1000,-0.0005699940957129002,0.00044844718649983406,0.00017139576084446162,0,0,-0.00201416015625,0,100
59396.252,0.07558704912662506,0.0654342919588089,2.4236838817596436,0.0026761160697788,0.002987802727147937,0.0028069308027625084,1000,1000,1000,1000,-0.0015853578224778175,0.0013166582211852074,0.00014907302102074027,0,0,-0.00201416015625,0,100
59496.252,0.07708349078893661,0.06665468961000443,2.4181032180786133,0.002697740448638797,0.002902364358305931,0.002667940454557538,1000,1000,1000,1000,-0.0023422143422067165,0.001959380926564336,0.0001091822050511837,0,0,-0.00201416015625,0,100
59596.252,0.07859385013580322,0.0681900680065155,2.412623405456543,0.002870432334020734,0.0031374916434288025,0.00311002298258245,1000,1000,1000,1000,-0.0032804713118821383,0.0027872887440025806,0.0001237300457432866,0,0,-0.00201416015625,0,100
59696.252,0.07997964322566986,0.06968740373849869,2.407068967819214,0.0028140719514340162,0.0030568023212254047,0.003083145245909691,1000,1000,1000,1000,-0.003949757665395737,0.003400941612198949,0.00010194153583142906,0,0,-0.00201416015625,0,100
59796.252,0.0815136507153511,0.07105366140604019,2.4014458656311035,0.0026561818085610867,0.0028117778711020947,0.002944130450487137,1000,1000,1000,1000,-0.004862901289016008,0.004255678039044142,0.00008418504148721695,0,0,-0.00201416015625,0,100
59896.252,0.08283086121082306,0.07245397567749023,2.3958404064178467,0.0028682800475507975,0.0028173141181468964,0.002820962108671665,1000,1000,1000,1000,-0.00548198726028204,0.004856277722865343,0.00005205389970797114,0,0,-0.00201416015625,0,100
59996.252,0.08418495208024979,0.0738365650177002,2.3900532722473145,0.0030927136540412903,0.002716289833188057,0.002829329576343298,1000,1000,1000,1000,-0.006440240424126387,0.005755108781158924,0.00005408630386227742,0,0,-0.00201416015625,0,100
60096.252,0.08529303222894669,0.0751124918460846,2.384370803833008,0.002733716508373618,0.0027776448987424374,0.002738647861406207,1000,1000,1000,1000,-0.007097066380083561,0.006332151126116514,0.00008175537368515506,0,0,-0.00201416015625,0,100
60196.252,0.08647536486387253,0.07630567997694016,2.3786733150482178,0.0026386829558759928,0.0029324470087885857,0.0027440893463790417,1000,1000,1000,1000,-0.008016601204872131,0.007171126548200846,0.000044289576180744916,0,0,-0.00201416015625,0,100
60296.252,0.08744601160287857,0.07737114280462265,2.3730010986328125,0.0028127741534262896,0.0031185613479465246,0.0030080550350248814,1000,1000,1000,1000,-0.008676477707922459,0.007803708780556917,0.00002761450559773948,0,0,-0.00201416015625,0,100
60396.252,0.08848655968904495,0.07870694249868393,2.367095708847046,0.003051979001611471,0.0030641485936939716,0.0026338573079556227,1000,1000,1000,1000,-0.009611544199287891,0.008664543740451336,-0.000015826919479877688,0,0,-0.00201416015625,0,100
60496.252,0.08934498578310013,0.07962534576654434,2.361414909362793,0.0027817129157483578,0.00280774780549109,0.002916779136285186,1000,1000,1000,1000,-0.010259253904223442,0.009210205636918545,-0.00006897228013258427,0,0,-0.00201416015625,0,100
60596.252,0.09050361812114716,0.08078522235155106,2.3557448387145996,0.002853236859664321,0.002681419486179948,0.002641964703798294,1000,1000,1000,1000,-0.011232476681470871,0.010085131973028183,-0.00007496931357309222,0,0,-0.00201416015625,0,100
60696.252,0.09132198244333267,0.08131932467222214,2.350140333175659,0.002693790476769209,0.002675859024748206,0.0027512896340340376,1000,1000,1000,1000,-0.011874577030539513,0.010639650747179985,-0.00004517289562500082,0,0,-0.00201416015625,0,100
60796.252,0.09222724288702011,0.08212971687316895,2.3444247245788574,0.0025476389564573765,0.0030942754819989204,0.0029056749772280455,1000,1000,1000,1000,-0.01281307078897953,0.011432013474404812,-0.000058433066442376,0,0,-0.00201416015625,0,100
60896.252,0.09251409024000168,0.08252567797899246,2.338590621948242,0.0024456982500851154,0.002736437600106001,0.002831480000168085,1000,1000,1000,1000,-0.013404861092567444,0.011947998777031898,-0.00006145987572381273,0,0,-0.00201416015625,0,100
60996.252,0.09327219426631927,0.0831836387515068,2.3328967094421387,0.002653722418472171,0.002948092995211482,0.003033144399523735,1000,1000,1000,1000,-0.01436484046280384,0.012790359556674957,-0.00008777583570918068,0,0,-0.00201416015625,0,100
61096.252,0.07811324298381805,0.06803588569164276,2.201286792755127,0.0025860860478132963,0.002730059903115034,0.0028717289678752422,1000,1000,1000,1000,-0.019460849463939667,0.017645683139562607,0.000034081276680808514,0,0,-0.00201416015625,0,100
61196.252,0.07811324298381805,0.06803588569164276,2.201286792755127,0.0025860860478132963,0.002730059903115034,0.0028717289678752422,1000,1000,1000,1000,-0.019460849463939667,0.017645683139562607,0.000034081276680808514,0,0,-0.00201416015625,0,100
61296.252,0.07811324298381805,0.06803588569164276,2.201286792755127,0.0025860860478132963,0.002730059903115034,0.0028717289678752422,1000,1000,1000,1000,-0.019460849463939667,0.017645683139562607,0.000034081276680808514,0,0,-0.00201416015625,0,100
61396.252,0.07811324298381805,0.06803588569164276,2.201286792755127,0.0025860860478132963,0.002730059903115034,0.0028717289678752422,1000,1000,1000,1000,-0.019460849463939667,0.017645683139562607,0.000034081276680808514,0,0,-0.00201416015625,0,100
61496.252,0.07811324298381805,0.06803588569164276,2.201286792755127,0.0025860860478132963,0.002730059903115034,0.0028717289678752422,1000,1000,1000,1000,-0.019460849463939667,0.017645683139562607,0.000034081276680808514,0,0,-0.00201416015625,0,100
61596.252,0.07811324298381805,0.06803588569164276,2.201286792755127,0.0025860860478132963,0.002730059903115034,0.0028717289678752422,1000,1000,1000,1000,-0.019460849463939667,0.017645683139562607,0.000034081276680808514,0,0,-0.00201416015625,0,100
61696.252,0.07811324298381805,0.06803588569164276,2.201286792755127,0.0025860860478132963,0.002730059903115034,0.0028717289678752422,1000,1000,1000,1000,-0.019460849463939667,0.017645683139562607,0.000034081276680808514,0,0,-0.00201416015625,0,100
61796.252,0.07811324298381805,0.06803588569164276,2.201286792755127,0.0025860860478132963,0.002730059903115034,0.0028717289678752422,1000,1000,1000,1000,-0.019460849463939667,0.017645683139562607,0.000034081276680808514,0,0,-0.00201416015625,0,100
61896.252,0.07811324298381805,0.06803588569164276,2.201286792755127,0.0025860860478132963,0.002730059903115034,0.0028717289678752422,1000,1000,1000,1000,-0.019460849463939667,0.017645683139562607,0.000034081276680808514,0,0,-0.00201416015625,0,100
61996.252,0.07811324298381805,0.06803588569164276,2.201286792755127,0.0025860860478132963,0.002730059903115034,0.0028717289678752422,1000,1000,1000,1000,-0.019460849463939667,0.017645683139562607,0.000034081276680808514,0,0,-0.00201416015625,0,100
62096.252,0.07811324298381805,0.06803588569164276,2.201286792755127,0.0025860860478132963,0.002730059903115034,0.0028717289678752422,1000,1000,1000,1000,-0.019460849463939667,0.017645683139562607,0.000034081276680808514,0,0,-0.00201416015625,0,100
62196.252,0.07811324298381805,0.06803588569164276,2.201286792755127,0.0025860860478132963,0.002730059903115034,0.0028717289678752422,1000,1000,1000,1000,-0.019460849463939667,0.017645683139562607,0.000034081276680808514,0,0,-0.00201416015625,0,100
62296.252,0.07811324298381805,0.06803588569164276,2.201286792755127,0.0025860860478132963,0.002730059903115034,0.0028717289678752422,1000,1000,1000,1000,-0.019460849463939667,0.017645683139562607,0.000034081276680808514,0,0,-0.00201416015625,0,100
62396.252,0.07811324298381805,0.06803588569164276,2.201286792755127,0.0025860860478132963,0.002730059903115034,0.0028717289678752422,1000,1000,1000,1000,-0.019460849463939667,0.017645683139562607,0.000034081276680808514,0,0,-0.00201416015625,0,100
62496.252,0.07811324298381805,0.06803588569164276,2.201286792755127,0.0025860860478132963,0.002730059903115034,0.0028717289678752422,1000,1000,1000,1000,-0.019460849463939667,0.017645683139562607,0.000034081276680808514,0,0,-0.00201416015625,0,100
62596.252,0.07811324298381805,0.06803588569164276,2.201286792755127,0.0025860860478132963,0.002730059903115034,0.0028717289678752422,1000,1000,1000,1000,-0.019460849463939667,0.017645683139562607,0.000034081276680808514,0,0,-0.00201416015625,0,100
62696.252,0.07811324298381805,0.06803588569164276,2.201286792755127,0.0025860860478132963,0.002730059903115034,0.0028717289678752422,1000,1000,1000,1000,-0.019460849463939667,0.017645683139562607,0.000034081276680808514,0,0,-0.00201416015625,0,100
62796.252,0.07811324298381805,0.06803588569164276,2.201286792755127,0.0025860860478132963,0.002730059903115034,0.0028717289678752422,1000,1000,1000,1000,-0.019460849463939667,0.017645683139562607,0.000034081276680808514,0,0,-0.00201416015625,0,100
62896.252,0.07811324298381805,0.06803588569164276,2.201286792755127,0.0025860860478132963,0.002730059903115034,0.0028717289678752422,1000,1000,1000,1000,-0.019460849463939667,0.017645683139562607,0.000034081276680808514,0,0,-0.00201416015625,0,100
62996.252,0.07811324298381805,0.06803588569164276,2.201286792755127,0.0025860860478132963,0.002730059903115034,0.0028717289678752422,1000,1000,1000,1000,-0.019460849463939667,0.017645683139562607,0.000034081276680808514,0,0,-0.00201416015625,0,100
63096.252,0.07811324298381805,0.06803588569164276,2.201286792755127,0.0025860860478132963,0.002730059903115034,0.0028717289678752422,1000,1000,1000,1000,-0.019460849463939667,0.017645683139562607,0.000034081276680808514,0,0,-0.00201416015625,0,100
63196.252,0.07811324298381805,0.06803588569164276,2.201286792755127,0.0025860860478132963,0.002730059903115034,0.0028717289678752422,1000,1000,1000,1000,-0.019460849463939667,0.017645683139562607,0.000034081276680808514,0,0,-0.00201416015625,0,100
63296.252,0.07811324298381805,0.06803588569164276,2.201286792755127,0.0025860860478132963,0.002730059903115034,0.0028717289678752422,1000,1000,1000,1000,-0.019460849463939667,0.017645683139562607,0.000034081276680808514,0,0,-0.00201416015625,0,100
63396.252,0.07811324298381805,0.06803588569164276,2.201286792755127,0.0025860860478132963,0.002730059903115034,0.0028717289678752422,1000,1000,1000,1000,-0.019460849463939667,0.017645683139562607,0.000034081276680808514,0,0,-0.00201416015625,0,100
63496.252,0.07811324298381805,0.06803588569164276,2.201286792755127,0.0025860860478132963,0.002730059903115034,0.0028717289678752422,1000,1000,1000,1000,-0.019460849463939667,0.017645683139562607,0.000034081276680808514,0,0,-0.00201416015625,0,100
63596.252,0.07770812511444092,0.06739871203899384,2.1965723037719727,0.0028761110734194517,0.002708189422264695,0.002915096702054143,1000,1000,1000,1000,-0.019538285210728645,0.017666298896074295,-6.283860898292914e-7,0,0,-0.00201416015625,0,100
63696.252,0.07613622397184372,0.06579767167568207,2.19183349609375,0.002945758169516921,0.0027228619437664747,0.002771964529529214,1000,1000,1000,1000,-0.0188825111836195,0.01706524007022381,-0.000020608151316992007,0,0,-0.00201416015625,0,100
63796.252,0.07571183890104294,0.06516919285058975,2.1873035430908203,0.002831615973263979,0.0026999053079634905,0.0029661855660378933,1000,1000,1000,1000,-0.018779413774609566,0.017029253765940666,-0.000021639685655827634,0,0,-0.00201416015625,0,100
63896.252,0.07457245141267776,0.06399334967136383,2.183076858520508,0.002829190343618393,0.0029289324302226305,0.0029943666886538267,1000,1000,1000,1000,-0.01769966632127762,0.0160247590392828,-0.000023902235625428148,0,0,-0.00201416015625,0,100
63996.252,0.07329151779413223,0.0632089301943779,2.1742103099823,0.0027711261063814163,0.002776372479274869,0.002848964184522629,1000,1000,1000,1000,-0.01558576337993145,0.014168892987072468,-0.000007326933882723097,0,0,-0.00201416015625,0,100
64096.252,0.07334869354963303,0.06313127279281616,2.1699466705322266,0.0026516583748161793,0.0028870112728327513,0.002740842290222645,1000,1000,1000,1000,-0.014645659364759922,0.013328887522220612,-0.00005694790161214769,0,0,-0.00201416015625,0,100
64196.252,0.07301682233810425,0.0626503974199295,2.1657216548919678,0.0027123468462377787,0.0029670773074030876,0.0028125494718551636,1000,1000,1000,1000,-0.012660373002290726,0.011559915728867054,-0.000005982025868433993,0,0,-0.00201416015625,0,100
64296.252,0.07350917905569077,0.06295908242464066,2.161363363265991,0.002619465347379446,0.002885625697672367,0.0028215942438691854,1000,1000,1000,1000,-0.01142304576933384,0.010362639091908932,-0.000005199306542635895,0,0,-0.00201416015625,0,100
64396.252,0.07386182993650436,0.06319784373044968,2.157285213470459,0.002823214279487729,0.00275966664776206,0.0027314131148159504,1000,1000,1000,1000,-0.009373269975185394,0.008465849794447422,-0.0000305867288261652,0,0,-0.00201416015625,0,100
64496.252,0.07443295419216156,0.06377407908439636,2.1529321670532227,0.002760757924988866,0.0028619577642530203,0.0026724832132458687,1000,1000,1000,1000,-0.008024001494050026,0.007242919877171516,-0.00005014395355829038,0,0,-0.00201416015625,0,100
64596.252,0.07521701604127884,0.06454039365053177,2.1486504077911377,0.002750385319814086,0.00299315364100039,0.002679344965144992,1000,1000,1000,1000,-0.0061552030965685844,0.005527490749955177,-0.000006340123036352452,0,0,-0.00201416015625,0,100
64696.252,0.07630859315395355,0.06591549515724182,2.1442418098449707,0.0028167120181024075,0.0027272861916571856,0.002865907270461321,1000,1000,1000,1000,-0.004924315959215164,0.004361181985586882,-0.000025439265300519764,0,0,-0.00201416015625,0,100
64796.252,0.0775684267282486,0.06711438298225403,2.1399173736572266,0.0028525700327008963,0.0027111659292131662,0.0027220326010137796,1000,1000,1000,1000,-0.0034911641851067543,0.0031034485436975956,-0.0000052503974075079896,0,0,-0.00201416015625,0,100
64896.252,0.0787092000246048,0.06848505139350891,2.1355905532836914,0.0026175836101174355,0.0027449203189462423,0.002807798096910119,1000,1000,1000,1000,-0.002362696686759591,0.0021059054415673018,-0.000023220551156555302,0,0,-0.00201416015625,0,100
64996.252,0.07997112721204758,0.06954578310251236,2.1314291954040527,0.0028192114550620317,0.0029485186096280813,0.002915366552770138,1000,1000,1000,1000,-0.0012089618248865008,0.001072371145710349,-0.00003275926792412065,0,0,-0.00201416015625,0,100
65096.252,0.08127611875534058,0.07069654017686844,2.127185344696045,0.002939066383987665,0.002844331320375204,0.002383560873568058,1000,1000,1000,1000,-0.0003287428116891533,0.0002771615982055664,-0.00003213333184248768,0,0,-0.00201416015625,0,100
65196.252,0.0825127586722374,0.07176482677459717,2.1227340698242188,0.002861454850062728,0.0024722693488001823,0.0030534807592630386,1000,1000,1000,1000,0.0004922228399664164,-0.0004680316196754575,-0.000007272233688127017,0,0,-0.00201416015625,0,100
65296.252,0.08391985297203064,0.0731012150645256,2.1184144020080566,0.0027965090703219175,0.0028807991184294224,0.0030708429403603077,1000,1000,1000,1000,0.0010323947062715888,-0.0009798937244340777,0.0000037621412047883496,0,0,-0.00201416015625,0,100
65396.252,0.08514220267534256,0.07443762570619583,2.114095687866211,0.0026570665650069714,0.0029705404303967953,0.00269699958153069,1009,1009,1009,1009,0.0015349650057032704,-0.0014233723049983382,0.000008252904990513343,0,0,-0.00201416015625,0,100
65496.252,0.08669969439506531,0.07592646777629852,2.109802007675171,0.0027295711915940046,0.0028362609446048737,0.0026290712412446737,1039,1039,1039,1039,0.0019072749419137836,-0.001723415800370276,-0.000011737143722712062,0,0,-0.00201416015625,0,100
65596.25200000001,0.08803337812423706,0.07741932570934296,2.105423927307129,0.002998031908646226,0.0025070635601878166,0.0025401662569493055,1069,1069,1069,1069,0.0022451113909482956,-0.0020182037260383368,-0.00002005440546781756,0,0,-0.00201416015625,0,100
65696.25200000001,0.0896305963397026,0.07898782193660736,2.1009469032287598,0.002847525058314204,0.002980132820084691,0.0027911018114537,1099,1099,1099,1099,0.002415657741948962,-0.002193695167079568,-0.00001329950009676395,0,0,-0.00201416015625,0,100
65796.25200000001,0.09103129059076309,0.08032827079296112,2.0967657566070557,0.0028349391650408506,0.0028531253337860107,0.0027466025203466415,1129,1129,1129,1129,0.002556065795943141,-0.0023094466887414455,-0.0000352138995367568,0,0,-0.00201416015625,0,100
65896.25200000001,0.09242289513349533,0.08182429522275925,2.092629909515381,0.002601181622594595,0.0027632752899080515,0.002818160457536578,1180,1180,1180,1184,0.002581767039373517,-0.0023455151822417974,-0.00005995327956043184,0,0,-0.00201416015625,0,100
65996.25200000001,0.09387824684381485,0.08340828120708466,2.0876026153564453,0.0025633524637669325,0.0027785010170191526,0.0028436179272830486,1271,1271,1271,1274,0.0026079388335347176,-0.0023298293817788363,-0.00010627398296492174,0,0,-0.00201416015625,0,100
66096.25200000001,0.09532460570335388,0.08486959338188171,2.0837321281433105,0.0025346458423882723,0.002676038071513176,0.0029094284400343895,1343,1343,1342,1345,0.002534999279305339,-0.0022859040182083845,-0.00013941951328888535,0,0,-0.00201416015625,0,100
66196.25200000001,0.09660691022872925,0.08644337952136993,2.080226182937622,0.002912292955443263,0.002833152422681451,0.003034821944311261,1404,1403,1403,1405,0.0025032057892531157,-0.0021871658973395824,-0.00011449307203292847,0,0,-0.00201416015625,0,100
66296.25200000001,0.09824993461370468,0.08815452456474304,2.0777313709259033,0.0027394418139010668,0.003018462099134922,0.002846682909876108,1457,1457,1457,1459,0.0023522949777543545,-0.002052577445283532,-0.00010448465764056891,0,0,-0.00201416015625,0,100
66396.25200000001,0.09990443289279938,0.08977571129798889,2.073396682739258,0.0026702811010181904,0.0031085575465112925,0.002581895561888814,1506,1506,1506,1508,0.0022291906643658876,-0.0018951516831293702,-0.00004462469951249659,0,0,-0.00201416015625,0,100
66496.25200000001,0.09189807623624802,0.08277589827775955,2.0749478340148926,0.007637064438313246,0.011655389331281185,0.19161935150623322,1551,1551,1552,1552,0.001894173095934093,-0.001803237246349454,-0.015001379884779453,0,0,-0.00201416015625,0,100
66596.25200000001,0.09189807623624802,0.08277589827775955,2.0749478340148926,0.007637064438313246,0.011655389331281185,0.19161935150623322,1551,1551,1552,1552,0.001894173095934093,-0.001803237246349454,-0.015001379884779453,0,0,-0.00201416015625,0,100
66696.25200000001,0.07003039121627808,0.06691379845142365,2.071409225463867,0.004634170327335596,0.006751168053597212,0.1636011004447937,1553,1553,1554,1553,0.0018710956210270524,-0.0018153649289160967,-0.09157563000917435,0,0,0.012573242187500002,0,100
66796.25200000001,0.05770644545555115,0.05082285776734352,2.0727739334106445,0.003293196437880397,0.004391887690871954,0.09875758737325668,1557,1556,1557,1557,0.002125094411894679,-0.0020929088350385427,-0.18212167918682098,0,0,0.02142333984375,0,100
66896.25200000001,0.058924634009599686,0.04162940755486488,2.0689454078674316,0.0030044480226933956,0.003420904278755188,0.05359864979982376,1560,1557,1558,1560,0.0026270984672009945,-0.0026068834122270346,-0.27469953894615173,0,0,0.0389404296875,0.0020000000949949026,100
66996.25200000001,0.03839483484625816,0.051147982478141785,2.069810628890991,0.0029389201663434505,0.006105766631662846,0.01739250309765339,1556,1570,1570,1557,0.003558863652870059,-0.003433707170188427,-0.4648759067058563,0,0,0.1097412109375,0.005000000353902578,100
67096.25200000001,0.01955331303179264,0.058408692479133606,2.0669431686401367,0.0029886411502957344,0.0133967949077487,0.016410404816269875,1556,1575,1575,1557,0.003913485445082188,-0.004002846777439117,-0.5620027184486389,0,0,0.17132568359375,0.005000000353902578,100
67196.25200000001,0.07837354391813278,0.06555246561765671,2.067371368408203,0.0032542627304792404,0.02653450518846512,0.05918314307928085,1582,1554,1555,1582,0.004235950764268637,-0.004866986069828272,-0.6579950451850891,0,0,0.22747802734375,0.00800000037997961,100
67296.25200000001,-0.07140922546386719,0.07276962697505951,2.073122501373291,0.003955128137022257,0.04580116271972656,0.25297796726226807,1579,1580,1580,1580,0.004337913356721401,-0.005249474197626114,-0.7303056716918945,0,0,0.29779052734375,0.00800000037997961,100
67396.25200000001,-0.15102729201316833,0.07946107536554337,2.061497449874878,0.004988174419850111,0.051640745252370834,0.35512539744377136,1522,1654,1654,1522,0.004380767233669758,-0.0038018198683857918,-0.8064407706260681,0,0,0.36859130859375,0.009000000543892384,100
67496.25200000001,0.18557268381118774,0.08234026283025742,2.0680625438690186,0.005255251191556454,0.05384470894932747,0.37915289402008057,1568,1621,1621,1569,0.004184406716376543,-0.0026571236085146666,-0.9078810214996338,0,0,0.45654296875,0.009000000543892384,100
67596.25200000001,0.35293707251548767,0.08617570251226425,2.066086769104004,0.005145279690623283,0.05288757383823395,0.3682073652744293,1651,1539,1540,1651,0.00422939658164978,-0.003804959589615464,-1.0125688314437866,0,0,0.5478515625,0.010000000707805157,100
67696.25200000001,0.11692027747631073,0.09566177427768707,2.0638132095336914,0.005235782824456692,0.050874266773462296,0.36784520745277405,1639,1558,1558,1640,0.003979607950896025,-0.004444288555532694,-1.1285334825515747,0,0,0.65972900390625,0.010000000707805157,100
67796.25200000001,-0.16102707386016846,0.09739616513252258,2.059394359588623,0.004804207477718592,0.05140295624732971,0.34557852149009705,1564,1636,1636,1564,0.0036840708926320076,-0.003818150609731674,-1.2387759685516357,0,0,0.78326416015625,0.010000000707805157,100
67896.25200000001,0.0012698255013674498,0.09654530882835388,2.065452814102173,0.005183063447475433,0.04801694676280022,0.34369125962257385,1546,1655,1655,1546,0.0032123993150889874,-0.0025251128245145082,-1.3549425601959229,0,0,0.90972900390625,0.01100000087171793,100
67996.25200000001,0.30930575728416443,0.09839825332164764,2.0691914558410645,0.004866669420152903,0.04885489121079445,0.3269598186016083,1617,1591,1591,1618,0.003043184522539377,-0.0022159991785883904,-1.4640036821365356,0,0,1.05084228515625,0.01100000087171793,100
68096.25200000001,0.32745417952537537,0.10304289311170578,2.057378053665161,0.004871768411248922,0.04639572277665138,0.3189067244529724,1659,1547,1546,1659,0.0026840127538889647,-0.0024839735124260187,-1.575519323348999,0,0,1.20086669921875,0.01100000087171793,100
68196.25200000001,0.024297650903463364,0.1077670082449913,2.0568108558654785,0.004633016884326935,0.04643077403306961,0.3172895312309265,1623,1589,1589,1623,0.002382091712206602,-0.0023841916117817163,-1.6861469745635986,0,0,1.3682861328125,0.01100000087171793,100
68296.25200000001,-0.1438983678817749,0.11004316061735153,2.0655062198638916,0.004240971524268389,0.04516726732254028,0.30133700370788574,1563,1649,1649,1563,0.0019157265778630972,-0.0017104482976719737,-1.7887179851531982,0,0,1.53924560546875,0.01100000087171793,100
68396.25200000001,0.053472548723220825,0.11362775415182114,2.0662949085235596,0.004915102384984493,0.043014612048864365,0.291393518447876,1566,1648,1649,1567,0.0015302930260077119,-0.0010175093775615096,-1.896187424659729,0,0,1.721435546875,0.01100000087171793,100
68496.25200000001,0.3227972686290741,0.10891389101743698,2.0566909313201904,0.004911932162940502,0.04370962455868721,0.27474501729011536,1623,1597,1597,1622,0.0010856628650799394,-0.0004870903503615409,-1.996687412261963,0,0,1.918212890625,0.01100000087171793,100
68596.25200000001,0.31680068373680115,0.11112622916698456,2.0654308795928955,0.004457530099898577,0.0418805293738842,0.280705988407135,1660,1560,1561,1660,0.0008950166520662606,-0.0004984840634278953,-2.096661329269409,0,0,2.12139892578125,0.01100000087171793,100
68696.25200000001,0.0718827843666077,0.12486852705478668,2.0647380352020264,0.003984375391155481,0.0409826822578907,0.26939162611961365,1632,1593,1594,1632,0.0004672398790717125,-0.000295285222819075,-2.1993589401245117,0,0,2.3416748046875,0.01100000087171793,100
68796.25200000001,-0.09974528104066849,0.12466070801019669,2.0549323558807373,0.003873066511005163,0.04059236869215965,0.2536084055900574,1581,1645,1645,1581,0.00006595672311959788,0.00014980707783251995,-2.2954049110412598,0,0,2.5565185546875,0.01100000087171793,100
68896.25200000001,-0.027170859277248383,0.13054250180721283,2.0519886016845703,0.00411974685266614,0.03858824074268341,0.2493947595357895,1565,1653,1653,1565,-0.00038134999340400094,0.0006017303094267845,-2.391279935836792,0,0,2.80072021484375,0.01100000087171793,100
68996.25200000001,0.18690207600593567,0.15126189589500427,359.99713134765625,0.004322932567447424,0.04113642871379852,0.26635995507240295,1595,1618,1618,1595,-0.0008614439284428954,0.0004950440488755703,-2.453961133956909,0,0,3.04193115234375,0.01100000087171793,100
69096.25200000001,0.3365562856197357,0.14984895288944244,359.9363708496094,0.00408351281657815,0.04167085140943527,0.2647817134857178,1639,1566,1566,1638,-0.0015373416244983673,0.00017127342289313674,-2.491547107696533,0,0,3.28863525390625,0.01100000087171793,100
69196.25200000001,0.2740151882171631,0.1466827243566513,359.8537292480469,0.004241073504090309,0.04048322141170502,0.2565670609474182,1647,1552,1552,1647,-0.001864151214249432,0.00002990885877807159,-2.5168354511260986,0,0,3.53863525390625,0.01100000087171793,100
69296.25200000001,0.09811315685510635,0.15888765454292297,359.833251953125,0.003913139924407005,0.042202178388834,0.26406025886535645,1610,1588,1587,1610,-0.0024214405566453934,0.0009222587104886771,-2.53143310546875,0,0,3.7886962890625,0.01100000087171793,100
69396.25200000001,-0.03958480432629585,0.16129058599472046,359.8943786621094,0.0040020509622991085,0.043499238789081573,0.25781649351119995,1560,1634,1634,1559,-0.0029018584173172712,0.002553180791437626,-2.5316762924194336,0,0,4.0416259765625,0.01100000087171793,100
69496.25200000001,0.03003697283565998,0.17368049919605255,0.0020001213997602463,0.004082095343619585,0.04230915382504463,0.271476149559021,1546,1646,1647,1546,-0.003688230412080884,0.004017242230474949,-2.529756546020508,0,0,4.300537109375,0.009000000543892384,100
69596.25200000001,0.03003697283565998,0.17368049919605255,0.0020001213997602463,0.004082095343619585,0.04230915382504463,0.271476149559021,1546,1646,1647,1546,-0.003688230412080884,0.004017242230474949,-2.529756546020508,0,0,4.300537109375,0.009000000543892384,100
69696.25200000001,0.25638964772224426,0.18488624691963196,0.07900282740592957,0.0038707847706973553,0.04378032311797142,0.2722715139389038,1591,1602,1603,1592,-0.004201438743621111,0.004746192134916782,-2.526973009109497,0,0,4.547607421875,0.00800000037997961,100
69796.25200000001,0.3620573580265045,0.18534605205059052,0.09480684250593185,0.004092433489859104,0.04354207590222359,0.26286283135414124,1637,1552,1553,1638,-0.0050587463192641735,0.004765408579260111,-2.5192580223083496,0,0,4.80059814453125,0.00800000037997961,100
69896.25200000001,0.26246681809425354,0.18845219910144806,0.05955108255147934,0.003923843614757061,0.042531631886959076,0.2617295980453491,1641,1547,1547,1642,-0.005530663765966892,0.004770766478031874,-2.5152089595794678,0,0,5.05059814453125,0.006000000052154064,100
69996.25200000001,-0.09498336911201478,0.18507452309131622,0.02054477669298649,0.003964264877140522,0.04383840784430504,0.26600611209869385,1549,1639,1640,1550,-0.006858492735773325,0.0059863911010324955,-2.498870372772217,0,0,5.55902099609375,0.005000000353902578,100
70096.25200000001,0.015488770790398121,0.18755598366260529,0.03572164848446846,0.0043410733342170715,0.04248363897204399,0.26684537529945374,1551,1639,1639,1550,-0.007694067899137735,0.006442365702241659,-2.495603322982788,0,0,5.79736328125,0.005000000353902578,100
70196.25200000001,0.1967528760433197,0.18811513483524323,0.051647644490003586,0.004249482415616512,0.04436397925019264,0.2648971974849701,1596,1595,1595,1597,-0.008044077083468437,0.005652195308357477,-2.491206645965576,0,0,6.05029296875,0.003000000026077032,100
70296.25200000001,0.28787875175476074,0.19939923286437988,0.04042365774512291,0.00434691971167922,0.043857280164957047,0.263301283121109,1640,1549,1549,1640,-0.008848811499774456,0.004056439734995365,-2.4849483966827393,0,0,6.3004150390625,0.003000000026077032,100
70396.25200000001,0.2094767838716507,0.19494782388210297,0.022862683981657028,0.004582023713737726,0.04224330559372902,0.2599157392978668,1640,1549,1549,1640,-0.009279215708374977,0.002766540739685297,-2.4842395782470703,0,0,6.5474853515625,0.0010000000474974513,100
70496.25200000001,0.02907295897603035,0.19077180325984955,0.02226232923567295,0.004519681446254253,0.044472482055425644,0.2699357867240906,1596,1596,1598,1596,-0.010053236968815327,0.0030929106287658215,-2.4802563190460205,0,0,6.803466796875,0.0010000000474974513,100
70596.25200000001,-0.06035032123327255,0.19029349088668823,0.014464075677096844,0.004175071604549885,0.04409860074520111,0.27041131258010864,1548,1641,1642,1549,-0.010396160185337067,0.004366154316812754,-2.476113796234131,0,0,7.04998779296875,0,100
70696.25200000001,0.06242663040757179,0.18230155110359192,0.02905539609491825,0.004319819156080484,0.04293042793869972,0.2743171155452728,1554,1638,1638,1554,-0.011039461940526962,0.005411430727690458,-2.4766831398010254,0,0,7.30010986328125,0,100
70796.25200000001,0.26681676506996155,0.17099300026893616,0.040868766605854034,0.004027367569506168,0.04433899745345116,0.26865121722221375,1606,1587,1587,1607,-0.011171041056513786,0.005079004913568497,-2.4747605323791504,0,0,7.53839111328125,0,100
70896.25200000001,0.3020920157432556,0.17303505539894104,0.029642054811120033,0.004218535032123327,0.042943745851516724,0.26488229632377625,1644,1546,1546,1644,-0.011425275355577469,0.004000667482614517,-2.474020481109619,0,0,7.7884521484375,0.0010000000474974513,100
70996.25200000001,0.14555193483829498,0.1740747094154358,0.015790391713380814,0.003942857962101698,0.042742568999528885,0.2667403221130371,1633,1559,1560,1633,-0.011438068933784962,0.002986172679811716,-2.476271629333496,0,0,8.0413818359375,0.0010000000474974513,100
71096.25200000001,-0.030723290517926216,0.17734882235527039,0.009473093785345554,0.0041112033650279045,0.04448371008038521,0.26768258213996887,1579,1614,1615,1580,-0.011627118103206158,0.003428939962759614,-2.4752726554870605,0,0,8.29150390625,0.0010000000474974513,100
71196.25200000001,-0.03953084349632263,0.17820866405963898,0.008809247054159641,0.004355485085397959,0.042953480035066605,0.2685287594795227,1544,1648,1649,1543,-0.011737816967070103,0.004700671415776014,-2.473909378051758,0,0,8.529296875,0.0010000000474974513,100
71296.25200000001,0.15104584395885468,0.18702195584774017,0.022938163951039314,0.004109351895749569,0.04336478188633919,0.2769727110862732,1570,1624,1624,1570,-0.012094606645405293,0.005393940955400467,-2.4783568382263184,0,0,8.7794189453125,0.003000000026077032,100
71396.25200000001,0.3271480202674866,0.18412210047245026,0.03336644172668457,0.004052258562296629,0.04412589967250824,0.26337891817092896,1623,1570,1571,1623,-0.0122609194368124,0.004945708904415369,-2.4768550395965576,0,0,9.02935791015625,0.003000000026077032,100
71496.25200000001,0.27798566222190857,0.17700085043907166,0.02496575377881527,0.004362302366644144,0.04263954609632492,0.2688063383102417,1647,1543,1544,1647,-0.01265078503638506,0.004123775754123926,-2.4793572425842285,0,0,9.27362060546875,0.004000000189989805,100
71596.25200000001,0.05259572714567182,0.16861657798290253,0.01703948713839054,0.004372529685497284,0.04348903149366379,0.2765089273452759,1616,1578,1579,1617,-0.012659723870456219,0.0035010511055588722,-2.481191635131836,0,0,9.52069091796875,0.004000000189989805,100
71696.25200000001,-0.10477477312088013,0.1693509966135025,0.009609839878976345,0.004272127058357,0.04416990280151367,0.2649027407169342,1562,1630,1630,1563,-0.012759890407323837,0.0037782436702400446,-2.480036497116089,0,0,9.770751953125,0.004000000189989805,100
71796.25200000001,-0.04888948798179627,0.1720743626356125,0.015814321115612984,0.00398924108594656,0.042220503091812134,0.26991143822669983,1544,1646,1646,1545,-0.012768390588462353,0.004029466770589352,-2.4829046726226807,0,0,10.017333984375,0.004000000189989805,100
71896.25200000001,0.18301151692867276,0.16962508857250214,0.013859735801815987,0.004157555289566517,0.04355569928884506,0.2718525826931,1585,1610,1610,1584,-0.012969491071999073,0.003853138303384185,-2.4847230911254883,0,0,10.2674560546875,0.004000000189989805,100
71996.25200000001,0.3314073383808136,0.16564570367336273,0.024582555517554283,0.00419096602126956,0.04447708651423454,0.26608431339263916,1635,1557,1557,1635,-0.01288040541112423,0.002879013307392597,-2.4819579124450684,0,0,10.5115966796875,0.004000000189989805,100
72096.25200000001,0.27175647020339966,0.16128119826316833,0.013330806978046894,0.004439226817339659,0.04194987937808037,0.26609230041503906,1644,1547,1547,1644,-0.012980732135474682,0.00244269915856421,-2.4861981868743896,0,0,10.76165771484375,0.005000000353902578,100
72196.25200000001,0.07182443886995316,0.15348783135414124,0.010114653967320919,0.004117908887565136,0.04385881870985031,0.27602091431617737,1605,1590,1590,1605,-0.012734013609588146,0.0029381983913481236,-2.4872055053710938,0,0,11.0087890625,0.005000000353902578,100
72296.25200000001,-0.022792208939790726,0.1557403802871704,0.0038875993341207513,0.0041892873123288155,0.04406065493822098,0.27008697390556335,1555,1637,1637,1555,-0.012714637443423271,0.004667963366955519,-2.485617160797119,0,0,11.25885009765625,0.005000000353902578,100
72396.25200000001,0.06227443367242813,0.15531378984451294,0.005644298158586025,0.004474550019949675,0.042736295610666275,0.26246196031570435,1549,1643,1643,1548,-0.012480511330068111,0.0061270310543477535,-2.4888293743133545,0,0,11.4967041015625,0.005000000353902578,100
72496.25200000001,0.23726965487003326,0.15731965005397797,0.00835313368588686,0.004363842308521271,0.04382665827870369,0.2691650390625,1590,1605,1604,1589,-0.012495432049036026,0.006530574522912502,-2.489429473876953,0,0,11.7525634765625,0.005000000353902578,100
72596.25200000001,0.23726965487003326,0.15731965005397797,0.00835313368588686,0.004363842308521271,0.04382665827870369,0.2691650390625,1590,1605,1604,1589,-0.012495432049036026,0.006530574522912502,-2.489429473876953,0,0,11.7525634765625,0.005000000353902578,100
72696.25200000001,0.3634363114833832,0.15482693910598755,0.016007618978619576,0.004036993253976107,0.04378985986113548,0.26449593901634216,1638,1554,1554,1638,-0.012160065583884716,0.005838663782924414,-2.4866323471069336,0,0,11.99969482421875,0.004000000189989805,100
72796.25200000001,0.26889467239379883,0.15316826105117798,0.008815884590148926,0.004121821839362383,0.04230702668428421,0.2680877149105072,1643,1548,1548,1643,-0.012129285372793674,0.005743037443608046,-2.4905622005462646,0,0,12.249755859375,0.004000000189989805,100
72896.25200000001,0.021439746022224426,0.1505957394838333,0.004994336981326342,0.003828071290627122,0.04394355043768883,0.27233392000198364,1599,1596,1596,1599,-0.011823344975709915,0.005907753482460976,-2.490463972091675,0,0,12.49981689453125,0.004000000189989805,100
72996.25200000001,0.001126740826293826,0.15560056269168854,0.0079035060480237,0.004371691960841417,0.042202163487672806,0.2603433430194855,1551,1641,1640,1551,-0.011518672108650208,0.006602624896913767,-2.4926719665527344,0,0,12.9906005859375,0.004000000189989805,100
73096.25200000001,0.19443504512310028,0.1598425954580307,0.016143547371029854,0.004582033958286047,0.04387529939413071,0.26682087779045105,1597,1597,1597,1598,-0.011554543860256672,0.005634581204503775,-2.4927947521209717,0,0,13.24066162109375,0.004000000189989805,100
73196.25200000001,0.30207887291908264,0.16260404884815216,0.013170980848371983,0.004399158526211977,0.04295250400900841,0.2662794291973114,1642,1549,1549,1642,-0.011218243278563023,0.0036275889724493027,-2.4912915229797363,0,0,13.48779296875,0.006000000052154064,100
73296.25200000001,0.20294241607189178,0.16073298454284668,0.009991645812988281,0.0041039264760911465,0.04192137345671654,0.2614457905292511,1639,1554,1554,1639,-0.011369483545422554,0.002627456095069647,-2.493957042694092,0,0,13.73779296875,0.006000000052154064,100
73396.25200000001,0.029935844242572784,0.15628066658973694,0.005215948913246393,0.0036773807369172573,0.043548569083213806,0.2644307017326355,1592,1602,1602,1592,-0.011136340908706188,0.0027162490878254175,-2.494595766067505,0,0,13.98785400390625,0.00800000037997961,100
73496.25200000001,-0.018291760236024857,0.15902110934257507,0.005823273677378893,0.004075774922966957,0.04294061288237572,0.2615932822227478,1549,1642,1642,1549,-0.011160711757838726,0.004166563507169485,-2.4937336444854736,0,0,14.2408447265625,0.00800000037997961,100
73596.25200000001,0.10714637488126755,0.1618407815694809,0.011455588042736053,0.004016321152448654,0.042261287569999695,0.2644059360027313,1555,1637,1637,1555,-0.010921181179583073,0.0054082185961306095,-2.496583938598633,0,0,14.4908447265625,0.007000000216066837,100
73696.25200000001,0.2926998734474182,0.1626623570919037,0.0069743674248456955,0.004127205349504948,0.04434337094426155,0.2627071142196655,1605,1590,1590,1604,-0.011039474979043007,0.0056787640787661076,-2.4957587718963623,0,0,14.73748779296875,0.007000000216066837,100
73796.25200000001,0.32448622584342957,0.16328878700733185,0.014550870284438133,0.004519494716078043,0.043144576251506805,0.2624472379684448,1643,1548,1548,1643,-0.01093507930636406,0.004452876280993223,-2.4959094524383545,0,0,14.990478515625,0.007000000216066837,100
73896.25200000001,0.18772107362747192,0.16635219752788544,0.002732859691604972,0.004301869310438633,0.042827408760786057,0.27003252506256104,1636,1557,1557,1636,-0.011006766930222511,0.003355107270181179,-2.4983043670654297,0,0,15.24053955078125,0.00800000037997961,100
73996.25200000001,-0.010684932582080336,0.16374684870243073,0.0039212871342897415,0.004130794666707516,0.044806722551584244,0.268680214881897,1584,1611,1611,1584,-0.010783648118376732,0.003341898089274764,-2.4957363605499268,0,0,15.48175048828125,0.00800000037997961,100
74096.25200000001,-0.019443783909082413,0.16638614237308502,0.0013036889722570777,0.004245497286319733,0.04282379150390625,0.26699110865592957,1544,1647,1646,1544,-0.010802983306348324,0.004370283801108599,-2.4958105087280273,0,0,15.72894287109375,0.010000000707805157,100
74196.25200000001,0.16074028611183167,0.16340111196041107,0.0065466188825666904,0.004038084764033556,0.042328909039497375,0.26547545194625854,1565,1629,1629,1565,-0.01072614174336195,0.004977719858288765,-2.4985947608947754,0,0,15.97894287109375,0.010000000707805157,100
74296.25200000001,0.34228894114494324,0.16919031739234924,0.016119642183184624,0.004126615356653929,0.04375597834587097,0.2638394236564636,1615,1579,1579,1615,-0.0107465460896492,0.00486605241894722,-2.497793197631836,0,0,16.23193359375,0.010000000707805157,100
74396.25200000001,0.3713713586330414,0.17473344504833221,0.012768048793077469,0.0040671490132808685,0.04276566952466965,0.2634044587612152,1647,1544,1544,1647,-0.010748003609478474,0.004200025461614132,-2.4970123767852783,0,0,16.48150634765625,0.010000000707805157,100
74496.25200000001,0.19750389456748962,0.17676924169063568,359.9996032714844,0.003683443646878004,0.042918603867292404,0.26910194754600525,1625,1570,1569,1625,-0.010957807302474976,0.004426109604537487,-2.499526023864746,0,0,16.7286376953125,0.010000000707805157,100
74596.25200000001,0.039678338915109634,0.16315695643424988,0.0032448465935885906,0.00437422189861536,0.04427826404571533,0.2603953778743744,1570,1624,1624,1570,-0.010877304710447788,0.005920631345361471,-2.497203826904297,0,0,16.9786376953125,0.010000000707805157,100
74696.25200000001,0.08819829672574997,0.168451726436615,0.006815185304731131,0.0044358642771840096,0.04246345907449722,0.264466255903244,1544,1647,1647,1544,-0.010839516296982765,0.008224115706980228,-2.4990599155426025,0,0,17.23162841796875,0.009000000543892384,100
74796.25200000001,0.28673607110977173,0.1743212640285492,0.008133986964821815,0.004454353824257851,0.043062176555395126,0.2689853310585022,1576,1619,1618,1576,-0.010831084102392197,0.009824140928685665,-2.5016329288482666,0,0,17.481689453125,0.009000000543892384,100
74896.25200000001,0.46161824464797974,0.17795316874980927,0.013422013260424137,0.004380164202302694,0.043986015021800995,0.2607409358024597,1628,1565,1565,1628,-0.011031297966837883,0.010843995027244091,-2.4980995655059814,0,0,17.72882080078125,0.007000000216066837,100
74996.25200000001,0.3902176022529602,0.17633922398090363,0.010924316942691803,0.004433065187186003,0.04234140366315842,0.26667922735214233,1647,1544,1544,1647,-0.011130978353321552,0.011243860237300396,-2.5003135204315186,0,0,17.9696044921875,0.007000000216066837,100
75096.25200000001,0.1612674742937088,0.17636600136756897,0.007902574725449085,0.004459760617464781,0.04373598471283913,0.2752157151699066,1611,1584,1584,1612,-0.011321889236569405,0.01224538404494524,-2.5010950565338135,0,0,18.21673583984375,0.005000000353902578,100
75196.25200000001,0.007163750007748604,0.17384789884090424,359.9996337890625,0.003994515165686607,0.04384639114141464,0.2612657845020294,1559,1634,1633,1559,-0.011225458234548569,0.013608827255666256,-2.498701810836792,0,0,18.47259521484375,0.005000000353902578,100
75296.25200000001,0.08723900467157364,0.17471085488796234,0.004463862162083387,0.0041533964686095715,0.04214397817850113,0.26332980394363403,1547,1645,1644,1547,-0.011371389962732792,0.015002625994384289,-2.5012500286102295,0,0,18.7197265625,0.004000000189989805,100
75396.25200000001,0.2737940549850464,0.17817610502243042,0.008137388154864311,0.004165193066000938,0.043292175978422165,0.2638242840766907,1584,1610,1610,1584,-0.011281569488346577,0.015441305004060268,-2.5049240589141846,0,0,18.96978759765625,0.004000000189989805,100
75496.25200000001,0.2737940549850464,0.17817610502243042,0.008137388154864311,0.004165193066000938,0.043292175978422165,0.2638242840766907,1584,1610,1610,1584,-0.011281569488346577,0.015441305004060268,-2.5049240589141846,0,0,18.96978759765625,0.003000000026077032,100
75596.25200000001,0.4335443079471588,0.185178741812706,0.0097193056717515,0.004167076200246811,0.04338546469807625,0.25962159037590027,1633,1560,1559,1633,-0.011474281549453735,0.015486259013414383,-2.5000078678131104,0,0,19.2198486328125,0.003000000026077032,100
75696.25200000001,0.3489389717578888,0.18791958689689636,0.008704756386578083,0.0038176195230334997,0.04161263629794121,0.2646894156932831,1645,1547,1547,1645,-0.01149678323417902,0.015279138460755348,-2.502189874649048,0,0,19.4727783203125,0.004000000189989805,100
75796.25200000001,0.11437115073204038,0.187432199716568,359.9996643066406,0.0038366089574992657,0.043535832315683365,0.27140167355537415,1606,1588,1588,1606,-0.011848723515868187,0.01606002449989319,-2.5028135776519775,0,0,19.71942138671875,0.004000000189989805,100
75896.25200000001,0.07415669411420821,0.19254359602928162,0.005366788245737553,0.004193758126348257,0.04239707812666893,0.2666040360927582,1548,1644,1644,1548,-0.012106901966035366,0.017754968255758286,-2.5010244846343994,0,0,20.21954345703125,0.004000000189989805,100
75996.25200000001,0.31466570496559143,0.19061700999736786,0.004255540203303099,0.004272667225450277,0.04414477199316025,0.27444565296173096,1598,1598,1598,1598,-0.012208972126245499,0.01774723082780838,-2.501659393310547,0,0,20.46661376953125,0.005000000353902578,100
76096.25200000001,0.41413581371307373,0.19169048964977264,0.010017815977334976,0.004546795971691608,0.04332970455288887,0.25917157530784607,1642,1550,1551,1642,-0.012608151882886887,0.01768757961690426,-2.500070095062256,0,0,20.7196044921875,0.005000000353902578,100
76196.25200000001,0.29348230361938477,0.1855095475912094,0.010574924759566784,0.004418059252202511,0.042270030826330185,0.2581815719604492,1639,1553,1554,1639,-0.012568045407533646,0.01744626648724079,-2.5037479400634766,0,0,20.96966552734375,0.005000000353902578,100
76296.25200000001,0.09578835964202881,0.19303621351718903,0.005228088703006506,0.004220508970320225,0.043779149651527405,0.2619304955005646,1593,1601,1601,1593,-0.012838135473430157,0.018553338944911957,-2.503866195678711,0,0,21.2197265625,0.005000000353902578,100
76396.25200000001,0.02527381293475628,0.19404953718185425,0.003648284124210477,0.004309698939323425,0.04318870231509209,0.2630077004432678,1549,1642,1642,1549,-0.012832188978791237,0.020112397149205208,-2.5023207664489746,0,0,21.47216796875,0.007000000216066837,100
76496.25200000001,0.13112354278564453,0.19147448241710663,0.00705428933724761,0.004043409135192633,0.04226645827293396,0.26468464732170105,1555,1638,1638,1555,-0.013211995363235474,0.02170138619840145,-2.504880905151367,0,0,21.72222900390625,0.007000000216066837,100
76596.25200000001,0.3165503144264221,0.1859520971775055,0.009342496283352375,0.004150594584643841,0.044324230402708054,0.2664666175842285,1606,1589,1589,1606,-0.013139668852090836,0.021435603499412537,-2.502591848373413,0,0,21.9693603515625,0.00800000037997961,100
76696.25200000001,0.35012227296829224,0.18582281470298767,0.00809234008193016,0.0040452126413583755,0.042532287538051605,0.2674529552459717,1645,1546,1546,1645,-0.013420434668660164,0.02054631896317005,-2.50105619430542,0,0,22.21942138671875,0.00800000037997961,100
76796.25200000001,0.17977364361286163,0.18158267438411713,0.00474365521222353,0.0037018251605331898,0.04260390251874924,0.2660927474498749,1633,1560,1560,1633,-0.013424834236502647,0.019485849887132645,-2.5042262077331543,0,0,22.46649169921875,0.00800000037997961,100
76896.25200000001,-0.028329094871878624,0.18342402577400208,0.0024329053703695536,0.003616949310526252,0.044731415808200836,0.26689451932907104,1582,1613,1613,1582,-0.013579821214079857,0.01938975229859352,-2.5016286373138428,0,0,22.72247314453125,0.00800000037997961,100
76996.25200000001,-0.02105759084224701,0.18649700284004211,0.0024903896264731884,0.00434194877743721,0.04341311752796173,0.277197927236557,1545,1647,1647,1545,-0.013457358814775944,0.019833892583847046,-2.501044511795044,0,0,22.96954345703125,0.00800000037997961,100
77096.25200000001,0.16856983304023743,0.19063282012939453,0.007694536820054054,0.004222158342599869,0.042891424149274826,0.26121169328689575,1566,1627,1627,1567,-0.013667192310094833,0.020431749522686005,-2.505124568939209,0,0,23.2191162109375,0.00800000037997961,100
77196.25200000001,0.3335016071796417,0.19294573366641998,0.01196176279336214,0.004259476903825998,0.043666958808898926,0.25897786021232605,1615,1577,1578,1615,-0.013596407137811184,0.019930018112063408,-2.5033762454986572,0,0,23.4691162109375,0.00800000037997961,100
77296.25200000001,0.3596774935722351,0.19942022860050201,359.99847412109375,0.004452394787222147,0.04304399713873863,0.2665739059448242,1643,1540,1539,1642,-0.013892078772187233,0.019106708467006683,-2.4937832355499268,0,0,23.72216796875,0.009000000543892384,100
77396.25200000001,0.21948513388633728,0.1962367743253708,0.0034165657125413418,0.004291444085538387,0.04378621280193329,0.26886919140815735,1627,1553,1553,1626,-0.013874719850718975,0.018426645547151566,-2.471590518951416,0,0,23.96923828125,0.009000000543892384,100
77496.25200000001,0.029912041500210762,0.19922643899917603,0.0005391296581365168,0.004281098488718271,0.0464097298681736,0.27870023250579834,1570,1606,1606,1570,-0.014055394567549229,0.019430555403232574,-2.4359192848205566,0,0,24.21051025390625,0.009000000543892384,100
77596.25200000001,-0.004240625537931919,0.1996472030878067,0.005802632309496403,0.004249355290085077,0.04578075557947159,0.2803404927253723,1529,1639,1639,1529,-0.01404702477157116,0.020602168515324593,-2.394918203353882,0,0,24.44879150390625,0.009000000543892384,100
77696.25200000001,0.15248379111289978,0.20701424777507782,0.00895006489008665,0.004074815660715103,0.046243634074926376,0.28022193908691406,1547,1621,1621,1547,-0.014352654106914997,0.021416962146759033,-2.35050368309021,0,0,24.68963623046875,0.009000000543892384,100
77796.25200000001,0.3300229609012604,0.2081378698348999,0.009006359614431858,0.004321299027651548,0.04892931878566742,0.2876877188682556,1605,1561,1561,1605,-0.014376679435372353,0.02037171833217144,-2.2982375621795654,0,0,24.91912841796875,0.009000000543892384,100
77896.25200000001,0.3344484269618988,0.20918914675712585,0.008214053697884083,0.004316715523600578,0.04756265506148338,0.30060240626335144,1639,1519,1519,1639,-0.014702710323035717,0.01863064244389534,-2.2454278469085693,0,0,25.148681640625,0.009000000543892384,100
77996.25200000001,0.11638379096984863,0.20695070922374725,0.008736317977309227,0.004433903377503157,0.04881579801440239,0.3099890947341919,1610,1551,1551,1610,-0.014660917222499847,0.017299560829997063,-2.192976236343384,0,0,25.36895751953125,0.009000000543892384,100
78096.25200000001,-0.07539096474647522,0.2210230529308319,0.010463453829288483,0.004260632209479809,0.05073638632893562,0.3073578178882599,1542,1617,1617,1542,-0.014969819225370884,0.01764458790421486,-2.133985996246338,0,0,25.58966064453125,0.00800000037997961,100
78196.25200000001,-0.00892354641109705,0.22111916542053223,0.006079221144318581,0.004169959109276533,0.04878021404147148,0.31086835265159607,1515,1638,1638,1515,-0.014910964295268059,0.018027115613222122,-2.0818586349487305,0,0,25.8016357421875,0.00800000037997961,100
78296.25200000001,0.29219406843185425,0.23523449897766113,0.009029295295476913,0.004256241489201784,0.0510968416929245,0.327159583568573,1565,1592,1592,1566,-0.015310585498809814,0.01837267354130745,-2.0255844593048096,0,0,25.99847412109375,0.00800000037997961,100
78396.25200000001,0.4454419016838074,0.24094708263874054,0.009808734059333801,0.004837448243051767,0.05233721807599068,0.33605021238327026,1631,1520,1520,1630,-0.015539884567260742,0.01729411818087101,-1.9658188819885254,0,0,26.20159912109375,0.00800000037997961,100
78496.25200000001,0.4454419016838074,0.24094708263874054,0.009808734059333801,0.004837448243051767,0.05233721807599068,0.33605021238327026,1631,1520,1520,1630,-0.015539884567260742,0.01729411818087101,-1.9658188819885254,0,0,26.20159912109375,0.007000000216066837,100
78596.25200000001,0.31396105885505676,0.2560547888278961,0.0080428346991539,0.004955142270773649,0.05095112696290016,0.3361119031906128,1629,1523,1522,1629,-0.016271574422717094,0.017022401094436646,-1.914023995399475,0,0,26.38958740234375,0.007000000216066837,100
78696.25200000001,0.0319245308637619,0.26375991106033325,0.010718807578086853,0.004750869236886501,0.053493764251470566,0.3393089771270752,1559,1593,1593,1559,-0.01671200804412365,0.017967093735933304,-1.8579012155532837,0,0,26.58056640625,0.005000000353902578,100
78796.25200000001,-0.01505921222269535,0.27243852615356445,0.007498389109969139,0.004800609312951565,0.05245712772011757,0.3487134873867035,1505,1639,1639,1505,-0.017938069999217987,0.020148832350969315,-1.8036422729492188,0,0,26.76910400390625,0.005000000353902578,100
78896.25200000001,0.3892422616481781,0.26652538776397705,0.016947569325566292,0.004793166182935238,0.05447859689593315,0.3331151604652405,1614,1530,1530,1615,-0.019917085766792297,0.019751163199543953,-1.6964503526687622,0,0,27.10699462890625,0.004000000189989805,100
78996.25200000001,0.2761392891407013,0.25784578919410706,0.007099530193954706,0.005420483648777008,0.05256948247551918,0.3476906418800354,1636,1505,1505,1635,-0.02054944448173046,0.017459891736507416,-1.6447521448135376,0,0,27.28094482421875,0.0020000000949949026,100
79096.25200000001,-0.02461562491953373,0.25167936086654663,0.00647704117000103,0.004933923948556185,0.05625804513692856,0.3580392599105835,1573,1572,1572,1573,-0.021642977371811867,0.016788741573691368,-1.5916310548782349,0,0,27.43963623046875,0.0020000000949949026,100
79196.25200000001,-0.07240559160709381,0.2396148145198822,0.0006406200700439513,0.0050553143955767155,0.055331308394670486,0.35589075088500977,1503,1634,1634,1503,-0.02206227369606495,0.017510605975985527,-1.536576509475708,0,0,27.60125732421875,0.0020000000949949026,100
79296.25200000001,0.21799848973751068,0.23926106095314026,0.012079333886504173,0.005258218850940466,0.05530773475766182,0.36699479818344116,1523,1615,1615,1524,-0.02295859344303608,0.019214477390050888,-1.4871432781219482,0,0,27.751220703125,0.0020000000949949026,100
79396.25200000001,0.5169649124145508,0.23243306577205658,0.022003594785928726,0.005139165557920933,0.05764848366379738,0.36348703503608704,1609,1529,1529,1610,-0.02317460998892784,0.019520126283168793,-1.4288932085037231,0,0,27.90118408203125,0.004000000189989805,100
79496.25200000001,0.3696281611919403,0.22853614389896393,0.013364441692829132,0.005428474862128496,0.0556197315454483,0.37450483441352844,1636,1497,1497,1636,-0.023987751454114914,0.019380265846848488,-1.3788533210754395,0,0,28.036376953125,0.004000000189989805,100
79596.25200000001,-0.017893200740218163,0.21835066378116608,0.011130318976938725,0.004861001390963793,0.058307990431785583,0.380327433347702,1572,1564,1565,1572,-0.02409352734684944,0.01882796548306942,-1.3265471458435059,0,0,28.1688232421875,0.006000000052154064,100
79696.25200000001,-0.11259346455335617,0.21099324524402618,0.007877448573708534,0.005087291356176138,0.05817681550979614,0.3849733769893646,1493,1637,1637,1493,-0.02454928308725357,0.01996978558599949,-1.268908143043518,0,0,28.3011474609375,0.006000000052154064,100
79796.25200000001,0.2109101414680481,0.20348906517028809,0.009692275896668434,0.00524348858743906,0.058235689997673035,0.3859952688217163,1526,1607,1607,1525,-0.024576405063271523,0.020763341337442398,-1.2198457717895508,0,0,28.4305419921875,0.006000000052154064,100
79896.25200000001,0.47447577118873596,0.20151330530643463,0.005946277175098658,0.005137964617460966,0.05999942496418953,0.38957834243774414,1617,1512,1512,1617,-0.02482745237648487,0.02003330923616886,-1.161185622215271,0,0,28.5482177734375,0.007000000216066837,100
79996.25200000001,0.3413996398448944,0.1970120221376419,0.015927355736494064,0.005379574839025736,0.058267999440431595,0.3942507803440094,1632,1491,1491,1633,-0.02472808212041855,0.019236959517002106,-1.1115199327468872,0,0,28.66302490234375,0.007000000216066837,100
80096.25200000001,-0.06403104215860372,0.1948648989200592,0.008412727154791355,0.005390124395489693,0.06171916797757149,0.40350455045700073,1546,1583,1583,1546,-0.0248485766351223,0.020236561074852943,-1.0545588731765747,0,0,28.76898193359375,0.007000000216066837,100
80196.25200000001,-0.14954300224781036,0.18535135686397552,359.9988098144531,0.005074718501418829,0.06022217497229576,0.41168567538261414,1477,1639,1639,1477,-0.024580802768468857,0.021169817075133324,-1.0011080503463745,0,0,28.86865234375,0.007000000216066837,100
80296.25200000001,0.2551380097866059,0.19660250842571259,0.0017956257797777653,0.005222341977059841,0.062374815344810486,0.42158243060112,1541,1585,1585,1540,-0.024658873677253723,0.021251071244478226,-0.9464959502220154,0,0,28.9658203125,0.00800000037997961,100
80396.25200000001,0.44686514139175415,0.19342467188835144,0.008599191904067993,0.00550085911527276,0.062218837440013885,0.41615140438079834,1631,1487,1487,1630,-0.024458372965455055,0.019717227667570114,-0.8852850198745728,0,0,29.06005859375,0.00800000037997961,100
80496.25200000001,0.0992700606584549,0.19009768962860107,0.011649489402770996,0.005686740390956402,0.06264340877532959,0.42834043502807617,1612,1508,1509,1612,-0.024613497778773308,0.017992911860346794,-0.8325425982475281,0,0,29.13922119140625,0.006000000052154064,100
80596.25200000001,-0.21707195043563843,0.18507428467273712,359.9935302734375,0.005760833155363798,0.06487949192523956,0.42381682991981506,1498,1620,1620,1497,-0.024272797629237175,0.01843218132853508,-0.7678176760673523,0,0,29.22174072265625,0.006000000052154064,100
80696.25200000001,0.015697896480560303,0.18794091045856476,359.9975891113281,0.005513431038707495,0.06299710273742676,0.43702462315559387,1491,1626,1625,1491,-0.024339763447642326,0.01899888925254345,-0.714985191822052,0,0,29.30133056640625,0.005000000353902578,100
80796.25200000001,0.4179186224937439,0.18345658481121063,0.008335426449775696,0.005643528886139393,0.06607185304164886,0.4319940209388733,1601,1515,1515,1601,-0.024089960381388664,0.017280898988246918,-0.6535208225250244,0,0,29.37164306640625,0.005000000353902578,100
80896.25200000001,0.27671390771865845,0.18210050463676453,0.0059049902483820915,0.005698923487216234,0.06411707401275635,0.4460200071334839,1636,1470,1470,1636,-0.02405940182507038,0.014833549037575722,-0.5987157225608826,0,0,29.42730712890625,0.006000000052154064,100
80996.25200000001,-0.14651040732860565,0.17692357301712036,0.00882897712290287,0.006012017838656902,0.06714723259210587,0.4445171356201172,1536,1577,1578,1536,-0.023608887568116188,0.014436296187341213,-0.5351635217666626,0,0,29.47760009765625,0.006000000052154064,100
81096.25200000001,-0.13321726024150848,0.1855432689189911,0.013827895745635033,0.005781586281955242,0.065192811191082,0.46283936500549316,1459,1640,1641,1460,-0.02357424609363079,0.015596565790474415,-0.4738703668117523,0,0,29.5391845703125,0.007000000216066837,100
81196.25200000001,0.3641090989112854,0.17910076677799225,0.010167262516915798,0.005582069978117943,0.06995212286710739,0.477682888507843,1558,1552,1552,1558,-0.023270491510629654,0.015180405229330063,-0.4076721966266632,0,0,29.5777587890625,0.007000000216066837,100
81296.25200000001,0.43245208263397217,0.18172532320022583,0.013407505117356777,0.006256160791963339,0.06832287460565567,0.48556339740753174,1642,1450,1450,1642,-0.023164944723248482,0.012786262668669224,-0.3359331786632538,0,0,29.6187744140625,0.009000000543892384,100
81396.25200000001,-0.059278082102537155,0.18282067775726318,0.009649463929235935,0.005639511160552502,0.07095211744308472,0.494853138923645,1564,1539,1539,1564,-0.02285831980407238,0.011791396886110306,-0.263511061668396,0,0,29.64813232421875,0.009000000543892384,100
81496.25200000001,-0.059278082102537155,0.18282067775726318,0.009649463929235935,0.005639511160552502,0.07095211744308472,0.494853138923645,1564,1539,1539,1564,-0.02285831980407238,0.011791396886110306,-0.263511061668396,0,0,29.64813232421875,0.01100000087171793,100
81596.25200000001,-0.16906780004501343,0.1871604025363922,0.006323541048914194,0.006021698005497456,0.06980035454034805,0.5036101341247559,1448,1644,1644,1448,-0.022882265970110893,0.013347316533327103,-0.18600676953792572,0,0,29.67156982421875,0.01100000087171793,100
81696.25200000001,0.39215975999832153,0.18912294507026672,0.011871209368109703,0.006031608209013939,0.07288689911365509,0.5266842246055603,1549,1561,1561,1549,-0.022538436576724052,0.013568424619734287,-0.12122124433517456,0,0,29.68035888671875,0.013000000268220901,100
81796.25200000001,0.47865620255470276,0.1940363198518753,0.013466991484165192,0.006352256052196026,0.07059464603662491,0.5229837894439697,1646,1450,1449,1647,-0.02284342609345913,0.011953997425734997,-0.0662163570523262,0,0,29.6890869140625,0.013000000268220901,100
81896.25200000001,-0.1319407820701599,0.18542219698429108,0.013357635587453842,0.006157299038022757,0.07092830538749695,0.5295374989509583,1452,1652,1652,1452,-0.023126207292079926,0.013347716070711613,0.009740742854773998,0,0,29.6978759765625,0.015000000596046448,100
81996.25200000001,0.420475572347641,0.17790956795215607,0.012834252789616585,0.00606874143704772,0.07255635410547256,0.5156844854354858,1571,1553,1553,1571,-0.022983577102422714,0.012820139527320862,0.031567249447107315,0,0,29.6978759765625,0.017000000923871994,100
82096.25200000001,0.4163541793823242,0.1766987442970276,0.009103808552026749,0.006595196668058634,0.06965615600347519,0.5150989890098572,1652,1459,1458,1652,-0.02330160140991211,0.010763484053313732,0.04155226796865463,0,0,29.6890869140625,0.017000000923871994,100
82196.25200000001,-0.11155066639184952,0.17095324397087097,359.9977111816406,0.006163032725453377,0.07163592427968979,0.508952796459198,1548,1578,1577,1548,-0.023079464212059975,0.010482987388968468,0.04534536972641945,0,0,29.6890869140625,0.01900000125169754,100
82296.25200000001,-0.04548335075378418,0.17458024621009827,0.010782944038510323,0.006507051642984152,0.06916685402393341,0.50727379322052,1462,1652,1652,1463,-0.02338133379817009,0.013363555073738098,0.044502172619104385,0,0,29.6890869140625,0.01900000125169754,100
82396.25200000001,0.5162633657455444,0.17205557227134705,0.012060047127306461,0.006322761066257954,0.07138343900442123,0.49357640743255615,1584,1545,1546,1584,-0.023147400468587875,0.013686585240066051,0.04340868070721626,0,0,29.68035888671875,0.020000001415610313,100
82496.25200000001,0.45128941535949707,0.16511476039886475,0.00979775283485651,0.006624286994338036,0.06867922097444534,0.5085116624832153,1652,1466,1466,1652,-0.023382030427455902,0.012754317373037338,0.03571383282542229,0,0,29.68035888671875,0.020000001415610313,100
82596.25200000001,-0.06715940684080124,0.1497466266155243,359.9975891113281,0.006083936430513859,0.07105891406536102,0.4992501139640808,1541,1589,1588,1541,-0.02305538021028042,0.01339289452880621,0.029018281027674675,0,0,29.67156982421875,0.020000001415610313,100
82696.25200000001,-0.01852472871541977,0.141421377658844,0.004772288259118795,0.006705819629132748,0.0679563507437706,0.5075545907020569,1466,1652,1651,1466,-0.023051805794239044,0.01637064665555954,0.021257253363728523,0,0,29.67156982421875,0.020000001415610313,100
82796.25200000001,0.5217369198799133,0.13671664893627167,0.017224514856934547,0.006261639762669802,0.07108225673437119,0.5006070137023926,1593,1538,1538,1593,-0.022619813680648804,0.016175394877791405,0.018311740830540657,0,0,29.67156982421875,0.020000001415610313,100
82896.25200000001,0.4152059555053711,0.13554500043392181,0.010229455307126045,0.006879905238747597,0.067335344851017,0.5014490485191345,1649,1471,1471,1649,-0.022555815055966377,0.014744289219379425,0.009083651937544346,0,0,29.67156982421875,0.020000001415610313,100
82996.25200000001,-0.06019070371985441,0.11942646652460098,359.9966735839844,0.0060713160783052444,0.07099704444408417,0.4893418550491333,1532,1598,1597,1532,-0.02199580706655979,0.016014568507671356,0.009654451161623001,0,0,29.67156982421875,0.020000001415610313,100
83096.25200000001,0.08534777164459229,0.10566067695617676,359.9923095703125,0.005977945867925882,0.06845180690288544,0.5053659081459045,1471,1649,1648,1471,-0.021446779370307922,0.019517451524734497,0.0011216894490644336,0,0,29.67156982421875,0.020000001415610313,100
83196.25200000001,0.5778578519821167,0.09779928624629974,0.0022000372409820557,0.0059503656812012196,0.07156815379858017,0.49577417969703674,1602,1525,1525,1602,-0.020512793213129044,0.01929634064435959,0.0032414610031992197,0,0,29.67156982421875,0.020000001415610313,100
83296.25200000001,0.38924479484558105,0.10259650647640228,0.005285921040922403,0.006020240020006895,0.0684986412525177,0.5006295442581177,1644,1476,1476,1644,-0.01971975900232792,0.018160490319132805,-0.003012998029589653,0,0,29.67156982421875,0.01900000125169754,100
83396.25200000001,-0.10034136474132543,0.10060044378042221,359.9985656738281,0.006136520765721798,0.07165230810642242,0.49925386905670166,1520,1606,1606,1519,-0.018646908923983574,0.019370362162590027,-0.00010797435970744118,0,0,29.67156982421875,0.01900000125169754,100
83496.25200000001,0.14300236105918884,0.10910087078809738,0.0010710994247347116,0.00623747706413269,0.06822232156991959,0.5020653605461121,1475,1643,1643,1475,-0.01799662597477436,0.02282693423330784,-0.00635528564453125,0,0,29.67156982421875,0.017000000923871994,100
83596.25200000001,0.6471014618873596,0.11099055409431458,359.9945373535156,0.006037758197635412,0.07167118787765503,0.5017604827880859,1610,1516,1516,1610,-0.01706552505493164,0.023259703069925308,-0.0005574456881731749,0,0,29.67156982421875,0.017000000923871994,100
83696.25200000001,0.4265037477016449,0.12141530215740204,359.99298095703125,0.006165417842566967,0.06852617114782333,0.5009952187538147,1641,1478,1477,1641,-0.016460910439491272,0.023260239511728287,-0.00594724714756012,0,0,29.67156982421875,0.015000000596046448,100
83796.25200000001,-0.08280333876609802,0.12209806591272354,359.9867858886719,0.0058536590076982975,0.07152187079191208,0.5039975047111511,1511,1614,1613,1512,-0.015723349526524544,0.025281820446252823,-0.00010549480793997645,0,0,29.67156982421875,0.015000000596046448,100
83896.25200000001,0.14093028008937838,0.13149037957191467,359.9897766113281,0.005842900834977627,0.06807561963796616,0.4934409558773041,1481,1638,1638,1480,-0.01545672956854105,0.028449874371290207,-0.006966236978769302,0,0,29.67156982421875,0.012000000104308128,100
83996.25200000001,0.6411594748497009,0.13189902901649475,359.9796447753906,0.005931903142482042,0.07168854773044586,0.5029243230819702,1617,1509,1509,1615,-0.014880988746881485,0.02832217514514923,0.0020080460235476494,0,0,29.67156982421875,0.012000000104308128,100
84096.25200000001,0.38863709568977356,0.14294391870498657,359.9810485839844,0.005923381075263023,0.06840512901544571,0.5077822208404541,1636,1486,1485,1635,-0.01467844471335411,0.028170401230454445,-0.004975284915417433,0,0,29.68035888671875,0.010000000707805157,100
84196.25200000001,-0.076621413230896,0.13850653171539307,359.9872741699219,0.005827764980494976,0.07138922810554504,0.5064816474914551,1503,1621,1621,1503,-0.014271409250795841,0.03043653815984726,0.002836419502273202,0,0,29.68035888671875,0.010000000707805157,100
84296.25200000001,0.2370191067457199,0.14437651634216309,359.98492431640625,0.006354817189276218,0.06891180574893951,0.5189790725708008,1492,1631,1631,1492,-0.014165480621159077,0.034035079181194305,-0.001628996804356575,0,0,29.68035888671875,0.00800000037997961,100
84396.25200000001,0.6118189096450806,0.1442798674106598,359.9853820800781,0.006432695314288139,0.07100227475166321,0.4903917908668518,1615,1506,1507,1615,-0.013875197619199753,0.033777639269828796,0.003618990071117878,0,0,29.68035888671875,0.00800000037997961,100
84496.25200000001,0.6118189096450806,0.1442798674106598,359.9853820800781,0.006432695314288139,0.07100227475166321,0.4903917908668518,1615,1506,1507,1615,-0.013875197619199753,0.033777639269828796,0.003618990071117878,0,0,29.68035888671875,0.007000000216066837,100
84596.25200000001,0.3270249664783478,0.15530478954315186,359.98150634765625,0.006435801740735769,0.06888805329799652,0.4932541847229004,1637,1483,1482,1637,-0.013886029832065105,0.03308717906475067,0.000796913169324398,0,0,29.68035888671875,0.007000000216066837,100
84696.25200000001,-0.13327625393867498,0.1607404202222824,359.9817199707031,0.006191848777234554,0.07120180130004883,0.4903485178947449,1503,1620,1620,1503,-0.01363912783563137,0.034387193620204926,0.008255796507000923,0,0,29.68035888671875,0.006000000052154064,100
84796.25200000001,0.17240402102470398,0.1664128452539444,359.9811706542969,0.006356424186378717,0.06923575699329376,0.49939242005348206,1488,1634,1633,1488,-0.014010041020810604,0.037506550550460815,0.003878105664625764,0,0,29.68035888671875,0.006000000052154064,100
84896.25200000001,0.2542315125465393,0.1608690470457077,359.98638916015625,0.005950212944298983,0.06897559016942978,0.5007617473602295,1630,1493,1493,1629,-0.014431031420826912,0.035694316029548645,0.004285257309675217,0,0,29.68035888671875,0.006000000052154064,100
84996.25200000001,-0.1804765015840531,0.1524360328912735,359.98211669921875,0.0056954133324325085,0.071474589407444,0.5048380494117737,1494,1628,1629,1493,-0.014169611968100071,0.036796685308218,0.010332069359719753,0,0,29.68035888671875,0.006000000052154064,100
85096.25200000001,0.1384231299161911,0.15607933700084686,359.9845886230469,0.006101739592850208,0.06938481330871582,0.5021543502807617,1499,1624,1624,1498,-0.01444347482174635,0.03870241343975067,0.0032575693912804127,0,0,29.67156982421875,0.006000000052154064,100
85196.25200000001,0.5279988050460815,0.15797604620456696,359.9839172363281,0.0064881728030741215,0.07069002836942673,0.5043853521347046,1633,1488,1488,1633,-0.014225224032998085,0.03638665750622749,0.008574998006224632,0,0,29.67156982421875,0.006000000052154064,100
85296.25200000001,0.15504473447799683,0.1649627685546875,359.98291015625,0.006113667506724596,0.06964892148971558,0.526168167591095,1620,1507,1507,1620,-0.014656520448625088,0.0349048376083374,0.002838991116732359,0,0,29.67156982421875,0.006000000052154064,100
85396.25200000001,-0.18452678620815277,0.1683482974767685,359.9803771972656,0.0056252554059028625,0.07069133967161179,0.4969214200973511,1486,1634,1633,1486,-0.014655311591923237,0.035687562078237534,0.0046075256541371346,0,0,29.67156982421875,0.006000000052154064,100
85496.25200000001,0.21311460435390478,0.1689477264881134,359.99200439453125,0.005749664269387722,0.0694350078701973,0.5155426263809204,1510,1617,1617,1511,-0.015136771835386753,0.037637725472450256,0.0009168823598884046,0,0,29.67156982421875,0.006000000052154064,100
85596.25200000001,0.5184798240661621,0.15637017786502838,359.9874267578125,0.006436297204345465,0.07002470642328262,0.5071795582771301,1639,1481,1481,1639,-0.015287813730537891,0.03570004180073738,0.0038087423890829086,0,0,29.67156982421875,0.006000000052154064,100
85696.25200000001,0.09249396622180933,0.151009202003479,359.9864807128906,0.0062054963782429695,0.06977368146181107,0.519213080406189,1611,1517,1517,1610,-0.015482463873922825,0.034261591732501984,-0.001332188374362886,0,0,29.67156982421875,0.006000000052154064,100
85796.25200000001,-0.2200167328119278,0.1483808159828186,359.98431396484375,0.0058700344525277615,0.06997916847467422,0.5055885910987854,1477,1641,1641,1477,-0.015354245901107788,0.035119909793138504,0.0021559251472353935,0,0,29.67156982421875,0.006000000052154064,100
85896.25200000001,0.24085193872451782,0.15927624702453613,359.9957580566406,0.006097663659602404,0.07000286877155304,0.511006236076355,1521,1606,1606,1522,-0.01554472092539072,0.0363277904689312,-0.0037756909150630236,0,0,29.67156982421875,0.006000000052154064,100
85996.25200000001,0.5214625597000122,0.15460841357707977,359.9950256347656,0.006013988051563501,0.07006604224443436,0.5089880228042603,1644,1474,1474,1644,-0.015513215214014053,0.03381422534584999,0.000401785277063027,0,0,29.67156982421875,0.006000000052154064,100
86096.25200000001,0.08830324560403824,0.1538517028093338,0.0006341122789308429,0.005838301498442888,0.07018484175205231,0.519783079624176,1601,1527,1527,1601,-0.01577921397984028,0.03287634998559952,-0.004386520478874445,0,0,29.67156982421875,0.006000000052154064,100
86196.25200000001,-0.17516759037971497,0.14842768013477325,359.9909973144531,0.005926361307501793,0.06948882341384888,0.5110800266265869,1472,1645,1645,1472,-0.015708576887845993,0.03460628539323807,-0.0012379708932712674,0,0,29.67156982421875,0.006000000052154064,100
86296.25200000001,0.2785145342350006,0.15392492711544037,0.0022963702213019133,0.005517821758985519,0.07074753195047379,0.5359671115875244,1533,1596,1596,1534,-0.015848996117711067,0.035818811506032944,-0.0029957867227494717,0,0,29.68035888671875,0.006000000052154064,100
86396.25200000001,0.4780164659023285,0.15377624332904816,0.005159083288162947,0.006396799348294735,0.06985701620578766,0.5177291631698608,1646,1470,1470,1646,-0.015732355415821075,0.03324965760111809,-0.000400105636799708,0,0,29.68035888671875,0.006000000052154064,100
86496.25200000001,0.009389249607920647,0.15906871855258942,0.003111546626314521,0.006052760872989893,0.07044797390699387,0.5301356911659241,1593,1536,1537,1593,-0.015905587002635002,0.03191276267170906,-0.0011694437125697732,0,0,29.68035888671875,0.007000000216066837,100
86596.25200000001,-0.1822434514760971,0.16103187203407288,359.99481201171875,0.005982958246022463,0.06960251927375793,0.5171756148338318,1467,1648,1649,1467,-0.01568014919757843,0.03330465778708458,0.0028644679114222527,0,0,29.68035888671875,0.007000000216066837,100
86696.25200000001,0.35094141960144043,0.1793380081653595,359.9922790527344,0.005888508632779121,0.0709933415055275,0.5368841886520386,1546,1585,1585,1546,-0.01592916063964367,0.0343795008957386,0.00421124929562211,0,0,29.67156982421875,0.007000000216066837,100
86796.25200000001,0.4874667823314667,0.1887952834367752,359.9942932128906,0.006458798889070749,0.06939239799976349,0.5171251893043518,1654,1462,1462,1654,-0.016194498166441917,0.032302387058734894,0.00742700882256031,0,0,29.67156982421875,0.007000000216066837,100
86896.25200000001,-0.05172669142484665,0.1982203871011734,359.99383544921875,0.005898803472518921,0.07158499211072922,0.5302566289901733,1575,1555,1555,1575,-0.01693951152265072,0.03214975818991661,0.003894426627084613,0,0,29.67156982421875,0.007000000216066837,100
86996.25200000001,-0.15297655761241913,0.1928337663412094,359.9919128417969,0.0059028491377830505,0.06879091262817383,0.5087904334068298,1462,1654,1654,1462,-0.017378192394971848,0.03412127494812012,0.0057148402556777,0,0,29.67156982421875,0.007000000216066837,100
87096.25200000001,0.37505871057510376,0.19996289908885956,359.9858703613281,0.006192201282829046,0.07190217077732086,0.5176792144775391,1562,1567,1567,1561,-0.018200542777776718,0.03464394435286522,-0.000020675992345786653,0,0,29.67156982421875,0.00800000037997961,100
87196.25200000001,0.4190569818019867,0.2005896121263504,359.99462890625,0.00670014601200819,0.06892931461334229,0.5144094824790955,1654,1462,1462,1653,-0.018722550943493843,0.031917132437229156,0.0008832817547954618,0,0,29.67156982421875,0.00800000037997961,100
87296.25200000001,-0.1551073044538498,0.1991453617811203,359.998046875,0.005845371168106794,0.0711265280842781,0.5029222965240479,1560,1570,1569,1561,-0.01964624784886837,0.0313401073217392,-0.0017583746230229735,0,0,29.67156982421875,0.00800000037997961,100
87396.25200000001,-0.1551073044538498,0.1991453617811203,359.998046875,0.005845371168106794,0.0711265280842781,0.5029222965240479,1560,1570,1569,1561,-0.01964624784886837,0.0313401073217392,-0.0017583746230229735,0,0,29.67156982421875,0.00800000037997961,100
87496.25200000001,-0.16294609010219574,0.19611641764640808,0.0015375899383798242,0.006344246212393045,0.06911133229732513,0.513314962387085,1461,1655,1655,1462,-0.020056258887052536,0.03211142122745514,0.0009093215339817107,0,0,29.67156982421875,0.009000000543892384,100
87596.25200000001,0.40570268034935,0.19686579704284668,0.005119272042065859,0.006577731110155582,0.07148894667625427,0.5075564384460449,1578,1552,1552,1579,-0.02101161517202854,0.03186231106519699,0.0019940100610256195,0,0,29.67156982421875,0.009000000543892384,100
87696.25200000001,0.36168190836906433,0.18816228210926056,0.005228756461292505,0.006429153960198164,0.06858004629611969,0.5078200101852417,1653,1463,1463,1653,-0.021458428353071213,0.02892531454563141,-0.0010270144557580352,0,0,29.67156982421875,0.010000000707805157,100
87796.25200000001,-0.09396573156118393,0.1749405711889267,0.007369743660092354,0.006222171243280172,0.06887350231409073,0.5096406936645508,1467,1650,1651,1467,-0.02253148704767227,0.03076782450079918,-0.0027056208346039057,0,0,29.67156982421875,0.01100000087171793,100
87896.25200000001,0.43799421191215515,0.17051540315151215,0.006268987897783518,0.006501718889921904,0.07210098206996918,0.5013799667358398,1594,1534,1534,1594,-0.023239586502313614,0.03055640496313572,-0.0006783052231185138,0,0,29.67156982421875,0.01100000087171793,100
87996.25200000001,0.3179807960987091,0.15726900100708008,0.008974088355898857,0.006363746710121632,0.0685114786028862,0.5086823105812073,1649,1471,1471,1649,-0.023270785808563232,0.027937306091189384,-0.002305132569745183,0,0,29.67156982421875,0.013000000268220901,100
88096.25200000001,-0.16569176316261292,0.1573542356491089,359.99945068359375,0.0055395085364580154,0.07124770432710648,0.49734699726104736,1530,1598,1597,1530,-0.023730136454105377,0.028898946940898895,-0.0011150480713695288,0,0,29.67156982421875,0.013000000268220901,100
88196.25200000001,-0.03508259356021881,0.1534315049648285,0.004740527831017971,0.005592532455921173,0.0685303658246994,0.5120031833648682,1472,1646,1646,1473,-0.02363945171236992,0.03083396516740322,-0.004913677927106619,0,0,29.67156982421875,0.014000000432133675,100
88296.25200000001,0.44798123836517334,0.1437893807888031,0.0033274462912231684,0.005993186961859465,0.07173779606819153,0.5051761269569397,1601,1526,1526,1602,-0.023963360115885735,0.03075159527361393,0.0008455349016003311,0,0,29.67156982421875,0.014000000432133675,100
88396.25200000001,0.2510368227958679,0.1362239271402359,0.009769472293555737,0.006052682176232338,0.06862000375986099,0.5149649381637573,1645,1474,1473,1645,-0.023659955710172653,0.028277289122343063,-0.003926457837224007,0,0,29.67156982421875,0.015000000596046448,100
88496.25200000001,-0.27026355266571045,0.13625364005565643,359.99603271484375,0.005610214080661535,0.07153993844985962,0.5012701749801636,1515,1613,1612,1515,-0.02389289252460003,0.028803791850805283,0.003538342658430338,0,0,29.67156982421875,0.015000000596046448,100
88596.25200000001,-0.030924983322620364,0.12031928449869156,359.98358154296875,0.005840293597429991,0.06846154481172562,0.5104047060012817,1481,1641,1641,1480,-0.023646222427487373,0.029777606949210167,-0.0019240530673414469,0,0,29.68035888671875,0.015000000596046448,100
88696.25200000001,0.44363516569137573,0.12556149065494537,359.9950256347656,0.006236133631318808,0.07109301537275314,0.5005196332931519,1619,1506,1505,1618,-0.02354433573782444,0.028127780184149742,0.0030883802101016045,0,0,29.68035888671875,0.015000000596046448,100
88796.25200000001,0.14477477967739105,0.1176084503531456,0.004263598937541246,0.006191077176481485,0.06848664581775665,0.5115192532539368,1636,1485,1486,1635,-0.02319268137216568,0.02541624754667282,-0.0029250006191432476,0,0,29.68035888671875,0.015000000596046448,100
88896.25200000001,-0.27174347639083857,0.126205176115036,359.9952087402344,0.005854925140738487,0.07062643021345139,0.509257435798645,1497,1628,1627,1497,-0.023028263822197914,0.026343129575252533,0.006378346588462591,0,0,29.68035888671875,0.014000000432133675,100
88996.25200000001,0.07022795081138611,0.12342795729637146,359.9909973144531,0.0058135902509093285,0.06900327652692795,0.5266410708427429,1496,1628,1628,1496,-0.02270238660275936,0.0275128073990345,-0.00018917868146672932,0,0,29.68035888671875,0.014000000432133675,100
89096.25200000001,0.4790730178356171,0.13307160139083862,359.9941711425781,0.006307694595307112,0.0710563063621521,0.5024669766426086,1630,1492,1492,1630,-0.02267138846218586,0.026335760951042175,0.006563318427652121,0,0,29.68035888671875,0.014000000432133675,100
89196.25200000001,0.10895781964063644,0.1280827671289444,0.004097970202565193,0.00578006636351347,0.06933697313070297,0.5164966583251953,1624,1500,1501,1624,-0.022467054426670074,0.024880869314074516,0.0009388313628733158,0,0,29.67156982421875,0.014000000432133675,100
89296.25200000001,-0.27674147486686707,0.13349901139736176,359.9985046386719,0.005714185070246458,0.0710747167468071,0.5073339343070984,1485,1635,1635,1486,-0.022480802610516548,0.026546111330389977,0.008200770244002342,0,0,29.67156982421875,0.015000000596046448,100
89396.25200000001,0.10489329695701599,0.12442700564861298,0.008910952135920525,0.006089018192142248,0.06943303346633911,0.5143982768058777,1508,1618,1618,1509,-0.02233096770942211,0.027523254975676537,0.0007198946550488472,0,0,29.67156982421875,0.015000000596046448,100
89496.25200000001,0.4289591312408447,0.12344900518655777,0.0035918939393013716,0.006345085334032774,0.07048432528972626,0.5098969340324402,1639,1481,1481,1639,-0.022358927875757217,0.025345589965581894,0.005555784795433283,0,0,29.67156982421875,0.015000000596046448,100
89596.25200000001,-0.020893141627311707,0.104569211602211,0.00940356869250536,0.005974241998046637,0.06956326216459274,0.5082889795303345,1612,1513,1515,1612,-0.02219480648636818,0.022988872602581978,-0.0018768758745864034,0,0,29.67156982421875,0.015000000596046448,100
89696.25200000001,-0.3396216034889221,0.09134028851985931,0.0027354033663868904,0.006121295038610697,0.07027839869260788,0.5071836709976196,1475,1644,1644,1475,-0.021944353356957436,0.023923490196466446,0.003487047040835023,0,0,29.67156982421875,0.014000000432133675,100
89796.25200000001,0.1315786242485047,0.0751856341958046,0.004006155766546726,0.005862605292350054,0.07034927606582642,0.5234447717666626,1526,1603,1603,1525,-0.021341709420084953,0.023905256763100624,-0.0034920847974717617,0,0,29.67156982421875,0.014000000432133675,100
89896.25200000001,0.41337525844573975,0.07073289155960083,0.0057357740588486195,0.005787301808595657,0.06991195678710938,0.521159291267395,1646,1473,1472,1646,-0.0207187719643116,0.021349096670746803,-0.0000941477264859718,0,0,29.67156982421875,0.012000000104308128,100
89996.25200000001,-0.026241838932037298,0.05401251092553139,0.010488074272871017,0.005881939548999071,0.06994383782148361,0.5192980766296387,1600,1527,1528,1600,-0.019707724452018738,0.019456716254353523,-0.006999928504228592,0,0,29.68035888671875,0.012000000104308128,100
90096.25200000001,-0.27393004298210144,0.06194870546460152,0.0009411547798663378,0.006181526463478804,0.0700812041759491,0.5186513066291809,1472,1646,1646,1471,-0.018850047141313553,0.02101859264075756,-0.0005649066879414022,0,0,29.68035888671875,0.010000000707805157,100
90196.25200000001,0.19629557430744166,0.06904216855764389,0.002697428921237588,0.005650383420288563,0.0705646425485611,0.5277107357978821,1535,1594,1594,1535,-0.017905112355947495,0.02151521109044552,-0.004341685678809881,0,0,29.68035888671875,0.010000000707805157,100
90296.25200000001,0.4262453615665436,0.07174766808748245,0.012717376463115215,0.006270504090934992,0.07091712206602097,0.5385943651199341,1655,1459,1460,1656,-0.017224624752998352,0.019057827070355415,0.004689227789640427,0,0,29.68035888671875,0.009000000543892384,100
90396.25200000001,0.4262453615665436,0.07174766808748245,0.012717376463115215,0.006270504090934992,0.07091712206602097,0.5385943651199341,1655,1459,1460,1656,-0.017224624752998352,0.019057827070355415,0.004689227789640427,0,0,29.68035888671875,0.009000000543892384,100
90496.25200000001,-0.09722074866294861,0.06990321725606918,0.0076080868020653725,0.005535460077226162,0.07103826850652695,0.5306599736213684,1580,1550,1550,1580,-0.01627039723098278,0.017476694658398628,-0.0019268515752628446,0,0,29.68035888671875,0.00800000037997961,100
90596.25200000001,-0.24425505101680756,0.07583902776241302,0.00861555989831686,0.0058382852002978325,0.0697379782795906,0.521597146987915,1464,1651,1652,1464,-0.01566138118505478,0.01939319260418415,0.002676941454410553,0,0,29.68035888671875,0.00800000037997961,100
90696.25200000001,0.2784624695777893,0.08517586439847946,0.013514398597180843,0.005926890764385462,0.07105375081300735,0.5198152661323547,1555,1574,1574,1556,-0.014773896895349026,0.019595565274357796,0.0007122506503947079,0,0,29.68035888671875,0.00800000037997961,100
90796.25200000001,-0.1653861552476883,0.08248885720968246,0.0006957578007131815,0.005727055016905069,0.071330226957798,0.5192337036132812,1567,1562,1563,1567,-0.013713418506085873,0.016880156472325325,0.004260793328285217,0,0,29.68035888671875,0.00800000037997961,100
90896.25200000001,-0.2293790876865387,0.0865604504942894,359.99444580078125,0.0059891450218856335,0.06895669549703598,0.5064466595649719,1462,1654,1654,1462,-0.013331410475075245,0.018631363287568092,0.006172129884362221,0,0,29.68035888671875,0.00800000037997961,100
90996.25200000001,0.31147822737693787,0.08773410320281982,359.99798583984375,0.006014117039740086,0.0716175064444542,0.5084803104400635,1571,1559,1559,1571,-0.012660271488130093,0.018271397799253464,0.006623582448810339,0,0,29.68035888671875,0.007000000216066837,100
91096.25200000001,0.30393365025520325,0.1005934402346611,359.99591064453125,0.006437933072447777,0.06864254176616669,0.5021040439605713,1654,1463,1461,1654,-0.012457066215574741,0.015991581603884697,0.006013026926666498,0,0,29.68035888671875,0.007000000216066837,100
91196.25200000001,-0.2524944245815277,0.10725455731153488,359.9853210449219,0.005664126481860876,0.0721200555562973,0.5007023811340332,1548,1582,1581,1548,-0.012021421454846859,0.015506952069699764,0.007597037125378847,0,0,29.68035888671875,0.006000000052154064,100
91296.25200000001,-0.1799193024635315,0.11105288565158844,0.0017556000966578722,0.005814297124743462,0.06864137947559357,0.5074705481529236,1465,1651,1652,1465,-0.012150203809142113,0.01748814433813095,0.00594795448705554,0,0,29.68035888671875,0.006000000052154064,100
91396.25200000001,0.35847538709640503,0.1014975756406784,359.9977722167969,0.005944601725786924,0.0719984769821167,0.5024545788764954,1593,1536,1536,1592,-0.011834604665637016,0.016643309965729713,0.008399337530136108,0,0,29.68035888671875,0.005000000353902578,100
91496.25200000001,0.2425137311220169,0.10706028342247009,0.0009420747519470751,0.006031114608049393,0.06882506608963013,0.5108002424240112,1648,1470,1470,1648,-0.011818251572549343,0.014473608694970608,0.003789463546127081,0,0,29.68035888671875,0.005000000353902578,100
91596.25200000001,-0.2660296559333801,0.11125203967094421,359.9999084472656,0.005653739906847477,0.07187612354755402,0.4968544542789459,1529,1598,1598,1529,-0.011648517102003098,0.01467414852231741,0.007144934497773647,0,0,29.68035888671875,0.005000000353902578,100
91696.25200000001,-0.11857920140028,0.11531136929988861,359.9936828613281,0.00594549672678113,0.06838023662567139,0.5093445777893066,1473,1646,1645,1473,-0.01180313341319561,0.016562828794121742,0.0035548715386539698,0,0,29.68035888671875,0.005000000353902578,100
91796.25200000001,0.38048943877220154,0.1120932400226593,359.9993591308594,0.00605454808101058,0.07181015610694885,0.492398202419281,1607,1520,1520,1607,-0.011697910726070404,0.015204602852463722,0.01120017934590578,0,0,29.68035888671875,0.005000000353902578,100
91896.25200000001,0.16957196593284604,0.11160272359848022,0.0051850685849785805,0.00620671734213829,0.06812363117933273,0.4925399720668793,1643,1473,1474,1643,-0.011814361438155174,0.012460192665457726,0.0025213221088051796,0,0,29.68035888671875,0.004000000189989805,100
91996.25200000001,-0.3409077823162079,0.11067908257246017,0.00012347163283266127,0.005430930759757757,0.07145892828702927,0.4995947778224945,1515,1611,1611,1515,-0.011618818156421185,0.012429887428879738,0.010173245333135128,0,0,29.68035888671875,0.004000000189989805,100
92096.25200000001,-0.09091024845838544,0.12211646884679794,0.005052508786320686,0.005527065135538578,0.06869681924581528,0.5050148963928223,1480,1639,1640,1480,-0.011784346774220467,0.013555681332945824,0.003722636029124261,0,0,29.68035888671875,0.004000000189989805,100
92196.25200000001,0.40033113956451416,0.12084135413169861,359.9967346191406,0.005630354396998882,0.07132948935031891,0.505166232585907,1619,1506,1506,1618,-0.011751336976885796,0.011735498905181885,0.010580327361822128,0,0,29.68035888671875,0.004000000189989805,100
92296.25200000001,0.13801999390125275,0.12667511403560638,359.99517822265625,0.005617064889520407,0.0687795951962471,0.5133456587791443,1634,1489,1489,1633,-0.012000532820820808,0.009721378795802593,0.0042567080818116665,0,0,29.68035888671875,0.003000000026077032,100
92396.25200000001,-0.28310340642929077,0.12700535356998444,0.0005470135947689414,0.005546439439058304,0.07120848447084427,0.4999310076236725,1503,1619,1619,1503,-0.012064543552696705,0.010725301690399647,0.007557449862360954,0,0,29.68035888671875,0.003000000026077032,100
92496.25200000001,0.004800271708518267,0.13196437060832977,359.9969482421875,0.005771765951067209,0.06854819506406784,0.5053249001502991,1490,1633,1632,1490,-0.01239645667374134,0.012646368704736233,0.005071551539003849,0,0,29.67156982421875,0.003000000026077032,100
92596.25200000001,0.4185049831867218,0.12803024053573608,0.0017229815712198615,0.0064671896398067474,0.071311816573143,0.5056294202804565,1625,1498,1498,1625,-0.012595695443451405,0.011253575794398785,0.00995598640292883,0,0,29.67156982421875,0.003000000026077032,100
92696.25200000001,0.07288196682929993,0.11804692447185516,0.0024906951002776623,0.006153476890176535,0.06917454302310944,0.5267584919929504,1627,1498,1498,1627,-0.01282482873648405,0.009397209621965885,0.004636833444237709,0,0,29.67156982421875,0.003000000026077032,100
92796.25200000001,-0.32348242402076727,0.11941148340702057,359.9990234375,0.005929010454565287,0.07138542085886002,0.5094255208969116,1493,1630,1630,1493,-0.012741273269057274,0.010203566402196884,0.009090024046599865,0,0,29.67156982421875,0.003000000026077032,100
92896.25200000001,0.04154805466532707,0.11988232284784317,0.004679854493588209,0.0059195649810135365,0.06866570562124252,0.5172855257987976,1500,1625,1625,1502,-0.012936539947986603,0.011388991959393024,0.0032924043480306864,0,0,29.67156982421875,0.003000000026077032,100
92996.25200000001,0.42982175946235657,0.11779329180717468,0.003081775736063719,0.006205396726727486,0.0705380067229271,0.5073791742324829,1632,1489,1489,1632,-0.012871635146439075,0.009613619185984135,0.005942501127719879,0,0,29.67156982421875,0.003000000026077032,100
93096.25200000001,0.10354381799697876,0.11805196851491928,0.0016836842987686396,0.0060769603587687016,0.06814632564783096,0.5034751892089844,1623,1501,1501,1623,-0.01308124978095293,0.008433111011981964,-0.003693359438329935,0,0,29.67156982421875,0.003000000026077032,100
93196.25200000001,-0.2739865183830261,0.11930892616510391,359.9980163574219,0.005668995436280966,0.07020309567451477,0.48069652915000916,1500,1620,1620,1499,-0.013048895634710789,0.009554257616400719,-0.0012235541362315416,0,0,29.67156982421875,0.003000000026077032,100
93296.25200000001,-0.0034780767746269703,0.12029466032981873,359.9992370605469,0.005639610346406698,0.06859760731458664,0.5069310069084167,1485,1637,1637,1485,-0.013293271884322166,0.011381345801055431,-0.00016094787861220539,0,0,29.67156982421875,0.003000000026077032,100
93396.25200000001,-0.0034780767746269703,0.12029466032981873,359.9992370605469,0.005639610346406698,0.06859760731458664,0.5069310069084167,1485,1637,1637,1485,-0.013293271884322166,0.011381345801055431,-0.00016094787861220539,0,0,29.67156982421875,0.003000000026077032,100
93496.25200000001,0.43536505103111267,0.12042782455682755,0.013910003006458282,0.0057094707153737545,0.07111161202192307,0.49710360169410706,1620,1501,1501,1621,-0.013125847093760967,0.01005664374679327,0.0018814540235325694,0,0,29.67156982421875,0.004000000189989805,100
93596.25200000001,0.1075405403971672,0.12370777875185013,0.010985936969518661,0.005595752969384193,0.06876751780509949,0.4964113235473633,1633,1489,1488,1634,-0.013410437852144241,0.008255199529230595,-0.000659690354950726,0,0,29.68035888671875,0.004000000189989805,100
93696.25200000001,-0.33051824569702143,0.12079586088657379,0.0006356227095238864,0.005230985581874847,0.07109881192445755,0.499533087015152,1499,1623,1622,1499,-0.013412626460194588,0.008833417668938637,0.002764520002529025,0,0,29.68035888671875,0.005000000353902578,100
93796.25200000001,0.4661910533905029,0.11196258664131165,0.003492578864097595,0.0060298992320895195,0.07149014621973038,0.5034986734390259,1629,1494,1494,1628,-0.013561365194618702,0.009175067767500877,0.006499615032225847,0,0,29.68035888671875,0.006000000052154064,100
93896.25200000001,0.13728240132331848,0.11330018192529678,0.0012757506920024753,0.005613329820334911,0.0691581591963768,0.5135317444801331,1625,1498,1498,1625,-0.013713727705180645,0.00824820064008236,0.0009857590775936842,0,0,29.68035888671875,0.006000000052154064,100
93996.25200000001,-0.2523876428604126,0.11615799367427826,359.9996643066406,0.00514385337010026,0.07114151865243912,0.5075897574424744,1488,1632,1632,1488,-0.013559889048337936,0.010215208865702152,0.007371493149548769,0,0,29.68035888671875,0.006000000052154064,100
94096.25200000001,0.11825373768806458,0.11915724724531174,0.0005958049441687763,0.005255646072328091,0.06956206262111664,0.517397940158844,1507,1618,1618,1507,-0.013850444927811623,0.012682203203439713,0.002496404806151986,0,0,29.68035888671875,0.006000000052154064,100
94196.25200000001,0.43230563402175903,0.11208917200565338,0.012411215342581272,0.005675903987139463,0.0705522671341896,0.5046828389167786,1636,1484,1484,1637,-0.01369995903223753,0.011280803941190243,0.009281924925744534,0,0,29.67156982421875,0.007000000216066837,100
94296.25200000001,0.013752643950283583,0.1216883659362793,359.9976806640625,0.005802180618047714,0.0701514407992363,0.5222216844558716,1613,1513,1512,1613,-0.014018870890140533,0.010066723451018333,0.004167607519775629,0,0,29.67156982421875,0.007000000216066837,100
94396.25200000001,-0.3027409017086029,0.12267160415649414,359.995361328125,0.005255152937024832,0.07083818316459656,0.5046433806419373,1478,1641,1641,1478,-0.014032245613634586,0.011210794560611248,0.009025643579661846,0,0,29.67156982421875,0.009000000543892384,100
94496.25200000001,0.12405502796173096,0.12234136462211609,359.99407958984375,0.005481970962136984,0.06902219355106354,0.5036157369613647,1515,1611,1611,1515,-0.014430074021220207,0.012214673683047295,0.0017719008028507233,0,0,29.67156982421875,0.009000000543892384,100
94596.25200000001,0.45117297768592834,0.10753139108419418,359.99993896484375,0.005691380240023136,0.07026869058609009,0.5074850916862488,1641,1478,1478,1641,-0.01445420365780592,0.010653606615960598,0.007053048815578222,0,0,29.67156982421875,0.009000000543892384,100
94696.25200000001,0.027534546330571175,0.10297012329101562,0.005223591346293688,0.005325231235474348,0.07022055238485336,0.5217952132225037,1608,1519,1520,1608,-0.01449770387262106,0.009940541349351406,0.0016778639983385801,0,0,29.67156982421875,0.010000000707805157,100
94796.25200000001,-0.28960752487182617,0.1007426455616951,359.9950866699219,0.00544831482693553,0.07084216177463531,0.5166839361190796,1475,1644,1644,1474,-0.014198134653270245,0.011652718298137188,0.004833432845771313,0,0,29.67156982421875,0.010000000707805157,100
94896.25200000001,0.17227603495121002,0.10386163741350174,359.9950866699219,0.005747624672949314,0.07035869359970093,0.5162025690078735,1528,1602,1602,1527,-0.01419319212436676,0.012930783443152905,0.00004198999158688821,0,0,29.67156982421875,0.010000000707805157,100
94996.25200000001,0.41661059856414795,0.10418205708265305,359.9898986816406,0.00600147619843483,0.06957098841667175,0.5119725465774536,1647,1472,1471,1646,-0.013850062154233456,0.01071825623512268,0.002654979471117258,0,0,29.67156982421875,0.010000000707805157,100
95096.25200000001,-0.03273778781294823,0.10760825127363205,359.99212646484375,0.005605619866400957,0.07042770087718964,0.5299398303031921,1594,1536,1534,1594,-0.013797478750348091,0.009803744964301586,-0.0016382115427404642,0,0,29.67156982421875,0.012000000104308128,100
95196.25200000001,-0.22133181989192963,0.10891147702932358,359.994873046875,0.005652705207467079,0.06981515139341354,0.5112899541854858,1469,1648,1648,1469,-0.013604194857180119,0.011892126873135567,0.001841143355704844,0,0,29.67156982421875,0.012000000104308128,100
95296.25200000001,0.29600194096565247,0.11304903030395508,359.99993896484375,0.0056122117675840855,0.0706033706665039,0.5310325622558594,1542,1589,1589,1542,-0.013730193488299847,0.013670386746525764,-0.0004372446855995804,0,0,29.68035888671875,0.012000000104308128,100
95396.25200000001,0.4570735692977905,0.11224962770938873,0.007763492409139872,0.005732805468142033,0.06944616138935089,0.5140888094902039,1649,1467,1466,1649,-0.013597416691482067,0.012406935915350914,0.0007182632107287645,0,0,29.68035888671875,0.012000000104308128,100
95496.25200000001,-0.05260637775063515,0.11122311651706696,0.0008403913816437125,0.00539765041321516,0.07089616358280182,0.5198716521263123,1584,1545,1545,1584,-0.01364440843462944,0.012448430061340332,0.00016299137496389449,0,0,29.68035888671875,0.012000000104308128,100
95596.25200000001,-0.22577133774757385,0.1067359521985054,359.9872741699219,0.005417987704277039,0.06945484131574631,0.5130507946014404,1464,1652,1651,1464,-0.013476673513650894,0.014447581954300404,0.0038664184976369143,0,0,29.68035888671875,0.012000000104308128,100
95696.25200000001,0.29069486260414124,0.11085410416126251,359.99798583984375,0.005486811511218548,0.07086953520774841,0.5240805745124817,1549,1580,1580,1549,-0.013526123017072678,0.015236012637615204,0.0025697206147015095,0,0,29.68035888671875,0.012000000104308128,100
95796.25200000001,0.4294489324092865,0.11127492040395737,0.000826117699034512,0.005666299723088741,0.06928787380456924,0.5088217258453369,1653,1462,1462,1653,-0.013296818360686302,0.013010719791054726,0.00730790663510561,0,0,29.68035888671875,0.012000000104308128,100
95896.25200000001,-0.0689845010638237,0.11443683505058289,359.9983215332031,0.005066942423582077,0.07151690125465393,0.5235559344291687,1573,1556,1556,1573,-0.013368812389671803,0.013275619596242905,0.006039402913302183,0,0,29.68035888671875,0.012000000104308128,100
95996.25200000001,-0.1337517648935318,0.11834803968667984,359.9920654296875,0.005497220903635025,0.06878923624753952,0.49976804852485657,1464,1653,1653,1463,-0.013400213792920113,0.016215570271015167,0.008353259414434433,0,0,29.67156982421875,0.012000000104308128,100
96096.25200000001,0.3961608409881592,0.12406394630670547,359.9963684082031,0.006038588006049395,0.07189595699310303,0.513235867023468,1560,1569,1569,1560,-0.01359198335558176,0.0178349781781435,0.006416392512619495,0,0,29.67156982421875,0.01100000087171793,100
96196.25200000001,0.4543752074241638,0.1201377883553505,359.99725341796875,0.0063299075700342655,0.06857255101203918,0.5015851855278015,1652,1462,1461,1652,-0.013705432415008545,0.01641468144953251,0.004702240694314241,0,0,29.67156982421875,0.01100000087171793,100
96296.25200000001,-0.04626210033893585,0.12017246335744858,359.99591064453125,0.005521106068044901,0.07192622125148773,0.526447057723999,1573,1560,1560,1573,-0.013861390762031078,0.0172753743827343,0.007978862151503563,0,0,29.67156982421875,0.009000000543892384,100
96396.25200000001,-0.04626210033893585,0.12017246335744858,359.99591064453125,0.005521106068044901,0.07192622125148773,0.526447057723999,1573,1560,1560,1573,-0.013861390762031078,0.0172753743827343,0.007978862151503563,0,0,29.67156982421875,0.009000000543892384,100
96496.25200000001,-0.13158580660820007,0.12239642441272736,359.9940490722656,0.0055144368670880795,0.06904755532741547,0.5185533165931702,1464,1653,1653,1463,-0.013740266673266888,0.01991252787411213,0.005594381131231785,0,0,29.67156982421875,0.007000000216066837,100
96596.25200000001,0.39182236790657043,0.12607483565807343,359.99957275390625,0.005818395875394344,0.07155712693929672,0.5197059512138367,1566,1565,1565,1566,-0.014089057222008705,0.021390048786997795,0.0046376315876841545,0,0,29.67156982421875,0.007000000216066837,100
96696.25200000001,0.42163750529289246,0.12379158288240433,0.0033006849698722363,0.006222235970199108,0.06922238320112228,0.5254735946655273,1654,1463,1462,1654,-0.01400414016097784,0.019761931151151657,0.003217268968001008,0,0,29.67156982421875,0.005000000353902578,100
96796.25200000001,-0.14581061899662018,0.11511272192001343,359.9922790527344,0.005526120774447918,0.06921256333589554,0.51678866147995,1463,1653,1652,1463,-0.014311956241726875,0.022924890741705894,0.00042355817276984453,0,0,29.67156982421875,0.003000000026077032,100
96896.25200000001,0.3552304208278656,0.1086345985531807,359.9894104003906,0.005794149823486805,0.07088059931993484,0.5025195479393005,1570,1559,1559,1569,-0.014571478590369225,0.02340196631848812,-0.0001752242969814688,0,0,29.67156982421875,0.003000000026077032,100
96996.25200000001,0.3630886971950531,0.11143772304058075,0.006646232679486275,0.006182367913424969,0.06790260970592499,0.5075820684432983,1653,1462,1462,1653,-0.01436652522534132,0.020951056852936745,-0.0004299615102354437,0,0,29.67156982421875,0.003000000026077032,100
97096.25200000001,-0.15372520685195923,0.11448148638010025,359.9813537597656,0.005518685560673475,0.07203664630651474,0.5059320330619812,1556,1575,1573,1556,-0.01454197522252798,0.021464306861162186,0.0003936020075343549,0,0,29.67156982421875,0.003000000026077032,100
97196.25200000001,-0.12963370978832245,0.10905839502811432,359.9916076660156,0.005821020808070898,0.06825920939445496,0.5045310854911804,1464,1653,1653,1463,-0.014365624636411667,0.02376273088157177,0.00011296228331048042,0,0,29.67156982421875,0.003000000026077032,100
97296.25200000001,0.4109312891960144,0.11600232869386673,359.994873046875,0.005707557313144207,0.0716576874256134,0.49838852882385254,1581,1549,1549,1580,-0.014569029211997986,0.02437683567404747,0.0017666236963123083,0,0,29.67156982421875,0.003000000026077032,100
97396.25200000001,0.3454445004463196,0.11371579766273499,359.9976501464844,0.005787250120192766,0.06836112588644028,0.5030889511108398,1652,1463,1463,1652,-0.014439469203352928,0.022197166457772255,-0.0011457763612270355,0,0,29.67156982421875,0.0020000000949949026,100
97496.25200000001,-0.22674575448036194,0.11987531930208206,359.98736572265625,0.005494849290698767,0.07175882905721664,0.5080550312995911,1541,1588,1588,1541,-0.014688458293676376,0.022668158635497093,0.0022914872970432043,0,0,29.67156982421875,0.0020000000949949026,100
97596.25200000001,-0.17110410332679749,0.1068832129240036,359.99542236328125,0.005554326809942722,0.06888321787118912,0.5071282386779785,1467,1650,1650,1467,-0.01462789811193943,0.02407415583729744,-0.0011304424842819571,0,0,29.67156982421875,0.0020000000949949026,100
97696.25200000001,0.38110148906707764,0.10762397199869156,359.9994201660156,0.005297469906508923,0.07129768282175064,0.49965089559555054,1592,1536,1536,1592,-0.014711195603013039,0.023319877684116364,0.0007095755427144468,0,0,29.67156982421875,0.0020000000949949026,100
97796.25200000001,0.3014102876186371,0.1047733873128891,0.0014626041520386934,0.005803779233247042,0.06806805729866028,0.4930460453033447,1649,1467,1467,1649,-0.014566127210855484,0.021160639822483063,-0.0025159155484288927,0,0,29.68035888671875,0.0020000000949949026,100
97896.25200000001,-0.2255193591117859,0.10781826823949814,359.9945983886719,0.005368465092033148,0.07163973152637482,0.4916161298751831,1534,1594,1594,1534,-0.014642900787293911,0.02164282649755478,0.001882250769995153,0,0,29.68035888671875,0.0020000000949949026,100
97996.25200000001,-0.10871528089046478,0.10211300104856491,359.9961853027344,0.00541260652244091,0.06848401576280594,0.5115681290626526,1469,1649,1649,1468,-0.014381300657987595,0.023297537118196487,0.00016849450184963665,0,0,29.68035888671875,0.0020000000949949026,100
98096.25200000001,0.41215217113494873,0.11512582004070282,0.00016916940512601286,0.0054068188183009624,0.07138698548078537,0.505908727645874,1596,1531,1530,1596,-0.014393148012459278,0.022559450939297676,0.004781312774866819,0,0,29.68035888671875,0.0020000000949949026,100
98196.25200000001,0.29280099272727966,0.12373030930757523,359.99798583984375,0.005937867797911167,0.06818891316652298,0.5045438408851624,1647,1469,1469,1647,-0.014159155078232288,0.0206537414342165,0.0003469932998996228,0,0,29.68035888671875,0.0020000000949949026,100
98296.25200000001,-0.20959138870239258,0.1330195665359497,359.9967956542969,0.005444936454296112,0.07141982764005661,0.49665385484695435,1531,1595,1595,1531,-0.014378977008163929,0.021771972998976707,0.005643132142722607,0,0,29.68035888671875,0.0020000000949949026,100
98396.25200000001,-0.08846841752529144,0.13860923051834106,359.9869384765625,0.00579659640789032,0.0681927278637886,0.5089036226272583,1470,1649,1648,1469,-0.014326106756925583,0.023689044639468193,0.005251627881079912,0,0,29.68035888671875,0.0020000000949949026,100
98496.25200000001,0.42215695977211,0.1634671539068222,0.004783152136951685,0.005552035756409168,0.07212838530540466,0.5054911971092224,1603,1523,1523,1604,-0.014940670691430569,0.02283150516450405,0.010807476006448269,0,0,29.68035888671875,0.0020000000949949026,100
98596.25200000001,0.2524041533470154,0.1649368405342102,0.00008408245776081458,0.005802828352898359,0.06789065152406693,0.4964931905269623,1645,1471,1471,1644,-0.015538891777396202,0.02063731662929058,0.0023673628456890583,0,0,29.67156982421875,0.0020000000949949026,100
98696.25200000001,-0.240224227309227,0.1646774560213089,359.99859619140625,0.005009036976844072,0.07137872278690338,0.4952780604362488,1523,1604,1604,1523,-0.016262201592326164,0.021699994802474976,0.009311488829553127,0,0,29.67156982421875,0.0020000000949949026,100
98796.25200000001,-0.024374976754188538,0.1561860293149948,359.993408203125,0.005663751158863306,0.06856377422809601,0.5002949237823486,1476,1645,1644,1475,-0.016788264736533165,0.024004317820072174,0.005117824766784906,0,0,29.67156982421875,0.0020000000949949026,100
98896.25200000001,0.4555658102035522,0.16037331521511078,0.006351516116410494,0.006169493775814772,0.07064740359783173,0.4896544814109802,1606,1519,1519,1606,-0.017517969012260437,0.02373618632555008,0.004963594023138285,0,0,29.67156982421875,0.004000000189989805,100
98996.25200000001,0.2335497885942459,0.1493763029575348,0.0073453569784760475,0.0061484952457249165,0.06802638620138168,0.4906448423862457,1643,1473,1474,1643,-0.017917394638061523,0.021862002089619637,-0.0022271701600402594,0,0,29.67156982421875,0.004000000189989805,100
99096.25200000001,-0.26646435260772705,0.15838977694511414,359.9957275390625,0.0054802801460027695,0.07152679562568665,0.49204063415527344,1524,1602,1602,1524,-0.018497642129659653,0.022602641955018044,0.003087925026193261,0,0,29.67156982421875,0.005000000353902578,100
99196.25200000001,-0.09290336817502975,0.14990001916885376,359.9977722167969,0.005845478270202875,0.06751847267150879,0.5087807774543762,1471,1647,1646,1471,-0.018951620906591415,0.024317996576428413,-0.0024284343235194683,0,0,29.67156982421875,0.005000000353902578,100
99296.25200000001,-0.09290336817502975,0.14990001916885376,359.9977722167969,0.005845478270202875,0.06751847267150879,0.5087807774543762,1471,1647,1646,1471,-0.018951620906591415,0.024317996576428413,-0.0024284343235194683,0,0,29.67156982421875,0.006000000052154064,100
99396.25200000001,0.4119413495063782,0.15083615481853485,359.9903564453125,0.00607917970046401,0.07182610780000687,0.5002137422561646,1602,1528,1528,1600,-0.019603140652179718,0.02417346090078354,0.004368556663393974,0,0,29.67156982421875,0.006000000052154064,100
99496.25200000001,0.1979530155658722,0.14992894232273102,0.002367272274568677,0.006512945517897606,0.06879061460494995,0.5184210538864136,1645,1475,1475,1645,-0.019860100001096725,0.02150106430053711,-0.000040675273339729756,0,0,29.67156982421875,0.007000000216066837,100
99596.25200000001,-0.3085781931877136,0.14645659923553467,359.99462890625,0.005386271979659796,0.07175995409488678,0.5027614235877991,1514,1614,1613,1514,-0.020597221329808235,0.021868867799639702,0.006749260704964399,0,0,29.67156982421875,0.007000000216066837,100
99696.25200000001,0.4059537947177887,0.1352481096982956,0.00732028391212225,0.0058634658344089985,0.07141175121068954,0.5021250247955322,1616,1508,1508,1616,-0.021331533789634705,0.021222738549113274,0.0030340419616550207,0,0,29.67156982421875,0.00800000037997961,100
99796.25200000001,0.13610391318798065,0.13668517768383026,0.006516816560178995,0.00580914132297039,0.06896859407424927,0.5146211385726929,1637,1484,1484,1637,-0.0215134397149086,0.018460119143128395,-0.0023968927562236786,0,0,29.67156982421875,0.009000000543892384,100
99896.25200000001,-0.30177634954452515,0.12566202878952026,0.010651210322976112,0.0055299317464232445,0.07099562138319016,0.5057733058929443,1502,1620,1621,1502,-0.022058837115764618,0.019506892189383507,0.0016987184062600136,0,0,29.67156982421875,0.009000000543892384,100
99996.25200000001,0.04234938323497772,0.11539118736982346,0.008763371035456657,0.006122488062828779,0.06896573305130005,0.5168954133987427,1492,1632,1632,1492,-0.021896809339523315,0.021114671602845192,-0.0021331501193344593,0,0,29.67156982421875,0.010000000707805157,100
100096.25200000001,0.47000694274902344,0.1172727569937706,0.007853206247091293,0.005768423434346914,0.0707731619477272,0.49750733375549316,1625,1498,1497,1625,-0.02218552865087986,0.020565569400787354,0.002235725987702608,0,0,29.67156982421875,0.010000000707805157,100
100196.25200000001,0.1499410718679428,0.11356570571660995,0.013382116332650185,0.005719475448131561,0.0685204565525055,0.49348610639572144,1629,1491,1491,1630,-0.02203100174665451,0.01876204088330269,-0.006574498023837805,0,0,29.67156982421875,0.01100000087171793,100
100296.25200000001,-0.3131718337535858,0.1176946759223938,0.00006313888297881758,0.00540255568921566,0.07143744081258774,0.507466197013855,1494,1628,1627,1495,-0.02232465147972107,0.02031056582927704,0.0030965011101216078,0,0,29.67156982421875,0.01100000087171793,100
100396.25200000001,0.020946763455867767,0.11253268271684647,0.013637920841574669,0.005682285875082016,0.06847278028726578,0.5038433074951172,1498,1626,1626,1499,-0.022062843665480614,0.021522806957364082,-0.0035778325982391843,0,0,29.67156982421875,0.01100000087171793,100
100496.25200000001,0.4361136853694916,0.11129753291606903,0.013858209364116192,0.005467870272696018,0.07110635191202164,0.5038002729415894,1631,1490,1490,1631,-0.022269461303949356,0.020019764080643654,0.002330200048163533,0,0,29.67156982421875,0.01100000087171793,100
100596.25200000001,0.06966498494148254,0.09453776478767395,0.015215903520584106,0.005318074021488428,0.06973598897457123,0.5182690620422363,1620,1505,1505,1621,-0.022044271230697632,0.018221907317638397,-0.003083620686084032,0,0,29.67156982421875,0.01100000087171793,100
100696.25200000001,-0.29647183418273926,0.09168175607919693,0.003139612264931202,0.0055824690498411655,0.07090892642736435,0.5062509775161743,1482,1640,1639,1482,-0.021862918511033058,0.02014167048037052,0.005342995747923851,0,0,29.67156982421875,0.01100000087171793,100
100796.25200000001,0.11147169768810272,0.08934186398983002,0.006061968859285116,0.005651688203215599,0.06995093822479248,0.5109360218048096,1510,1615,1615,1510,-0.021478720009326935,0.021461792290210724,-0.004477702081203461,0,0,29.67156982421875,0.01100000087171793,100
100896.25200000001,0.4377668797969818,0.0877537652850151,0.008995945565402508,0.005753121338784695,0.07028614729642868,0.504403293132782,1638,1481,1480,1638,-0.021285422146320343,0.019864190369844437,0.0010373470140621066,0,0,29.67156982421875,0.012000000104308128,100
100996.25200000001,-0.008409922942519188,0.07723426818847656,359.9992370605469,0.005558318458497524,0.06986717134714127,0.5068557262420654,1612,1514,1513,1612,-0.02093939110636711,0.018021827563643456,-0.0038236412219703197,0,0,29.67156982421875,0.012000000104308128,100
101096.25200000001,-0.32163286209106445,0.070565365254879,359.9969787597656,0.005401870235800743,0.07055637240409851,0.5132893919944763,1476,1643,1642,1476,-0.02072676084935665,0.0195890124887228,0.0016822376055642962,0,0,29.67156982421875,0.01100000087171793,100
101196.25200000001,0.1365781724452973,0.05908903852105141,0.0027203187346458435,0.0058881123550236225,0.06987518817186356,0.5196155309677124,1522,1606,1606,1521,-0.020200978964567184,0.02037692628800869,-0.004194523673504591,0,0,29.67156982421875,0.01100000087171793,100
101296.25200000001,0.4308566749095917,0.05057285353541374,0.007949113845825195,0.0061244782991707325,0.07003843039274216,0.5194483995437622,1647,1471,1471,1647,-0.01962556689977646,0.01843138411641121,0.0023157228715717784,0,0,29.67156982421875,0.01100000087171793,100
101396.25200000001,-0.051135189831256866,0.047002844512462616,0.009032021276652813,0.005256926640868187,0.07048649340867996,0.5286865234375,1595,1534,1534,1595,-0.018735533580183983,0.01726268231868744,-0.003569079330191016,0,0,29.67156982421875,0.01100000087171793,100
101496.25200000001,-0.25276488065719604,0.05232840031385422,0.012453531846404076,0.005365230143070221,0.06999237090349197,0.5197350382804871,1467,1651,1651,1467,-0.01809060201048851,0.01955271326005459,0.0027735349722206584,0,0,29.67156982421875,0.01100000087171793,100
101596.25200000001,0.25389355421066284,0.0492025762796402,0.015279095619916916,0.005236511118710041,0.07108231633901596,0.5328550934791565,1547,1585,1584,1548,-0.0171947181224823,0.020560475066304207,-0.0007090640137903397,0,0,29.67156982421875,0.01100000087171793,100
101696.25200000001,0.40947791934013367,0.052835863083601,0.010364159941673279,0.0058424388989806175,0.06856252253055573,0.49761688709259033,1649,1465,1465,1650,-0.01651177369058132,0.01893586479127407,-0.0002152964734705165,0,0,29.67156982421875,0.012000000104308128,100
101796.25200000001,-0.11842009425163269,0.05454707518219948,0.004501028917729855,0.005613591987639666,0.07081042230129242,0.5227438807487488,1584,1547,1546,1584,-0.01564669795334339,0.018270200118422508,-0.0025985571555793285,0,0,29.67156982421875,0.012000000104308128,100
101896.25200000001,-0.2822556793689728,0.06032027304172516,0.0030822288244962692,0.0056579941883683205,0.06949152797460556,0.5104518532752991,1463,1653,1653,1463,-0.015035906806588173,0.020379260182380676,0.0009452084195800126,0,0,29.67156982421875,0.014000000432133675,100
101996.25200000001,0.21891433000564575,0.05671598017215729,0.00518369534984231,0.0056752231903374195,0.07101984322071075,0.5237670540809631,1552,1577,1577,1552,-0.014283849857747555,0.020300285890698433,-0.003034948604181409,0,0,29.67156982421875,0.014000000432133675,100
102096.25200000001,0.3236040771007538,0.06257490068674088,0.01542020495980978,0.006085689645260572,0.06928574293851852,0.5062616467475891,1651,1464,1465,1651,-0.013691184110939503,0.017652545124292374,-0.0015741712413728237,0,0,29.67156982421875,0.015000000596046448,100
102196.25200000001,-0.09800446778535848,0.07221031934022903,0.007693140301853419,0.005402303766459227,0.0704244077205658,0.49646058678627014,1582,1542,1542,1582,-0.013067671097815037,0.016828451305627823,-0.008587105199694633,0,0,29.68035888671875,0.015000000596046448,100
102296.25200000001,-0.09800446778535848,0.07221031934022903,0.007693140301853419,0.005402303766459227,0.0704244077205658,0.49646058678627014,1582,1542,1542,1582,-0.013067671097815037,0.016828451305627823,-0.008587105199694633,0,0,29.68035888671875,0.01600000075995922,100
102396.25200000001,-0.2861158847808838,0.07766543328762054,0.004441800992935896,0.0053185345605015755,0.06976865231990814,0.5171796679496765,1465,1652,1651,1465,-0.012707581743597984,0.0191175676882267,0.0001222149294335395,0,0,29.68035888671875,0.01600000075995922,100
102496.25200000001,0.19242037832736963,0.08252871781587601,0.007459969259798527,0.005600003059953451,0.07109995931386948,0.5204886198043823,1551,1578,1578,1551,-0.012131771072745323,0.019432246685028076,-0.0007551683229394257,0,0,29.68035888671875,0.018000001087784767,100
102596.25200000001,0.28807809948921204,0.08795846998691559,0.011262207292020321,0.005641957279294729,0.06908567249774933,0.5215001106262207,1653,1464,1464,1653,-0.011990570463240147,0.0166653823107481,0.003956144209951162,0,0,29.68035888671875,0.018000001087784767,100
102696.25200000001,-0.2938983142375946,0.08600069582462311,0.004557534120976925,0.005517272744327784,0.06906413286924362,0.5169728398323059,1462,1653,1653,1462,-0.011377830058336258,0.016966259106993675,0.00498415669426322,0,0,29.68035888671875,0.018000001087784767,100
102796.25200000001,0.22889776527881622,0.09041030704975128,0.009388587437570095,0.005924922879785299,0.07189273089170456,0.5128505825996399,1568,1562,1562,1568,-0.01105653028935194,0.016589295119047165,0.006547620519995689,0,0,29.68035888671875,0.01900000125169754,100
102896.25200000001,0.26396477222442627,0.10272639244794846,0.010948249138891697,0.005734287202358246,0.06842218339443207,0.4983742833137512,1654,1462,1461,1654,-0.01123462338000536,0.014030876569449902,0.0063545373268425465,0,0,29.67156982421875,0.01900000125169754,100
102996.25200000001,-0.27179375290870667,0.09651105105876923,0.011394613422453403,0.0053447759710252285,0.07115655392408371,0.4969574213027954,1558,1572,1572,1558,-0.011187395080924034,0.013490743935108185,0.007380673661828041,0,0,29.67156982421875,0.01900000125169754,100
103096.25200000001,-0.27658015489578247,0.09777125716209412,0.0013978725764900446,0.005725842900574207,0.06864161044359207,0.5003026723861694,1463,1654,1654,1462,-0.01135416328907013,0.01524355448782444,0.006457008421421051,0,0,29.67156982421875,0.01900000125169754,100
103196.25200000001,0.242278590798378,0.10195674747228622,0.011533837765455246,0.005976289045065641,0.07140129804611206,0.5048527717590332,1580,1551,1550,1580,-0.011245197616517544,0.01456594280898571,0.006924208253622055,0,0,29.67156982421875,0.01900000125169754,100
103296.25200000001,0.16036692261695862,0.10120848566293716,0.017151549458503723,0.0057304329238832,0.06846196204423904,0.510664165019989,1652,1464,1464,1652,-0.01145532913506031,0.011234685778617859,0.0028839111328125,0,0,29.67156982421875,0.01900000125169754,100
103396.25200000001,-0.39271804690361023,0.10333026200532913,0.003291239263489844,0.005301013123244047,0.07122477889060974,0.496295303106308,1543,1586,1585,1543,-0.011305384337902069,0.009915262460708618,0.002823413349688053,0,0,29.67156982421875,0.017000000923871994,100
103496.25200000001,-0.31926771998405457,0.105811707675457,0.010030927136540413,0.005681127309799194,0.06834076344966888,0.5066860914230347,1466,1650,1650,1466,-0.011639168485999107,0.010361744090914726,-0.00033834122586995363,0,0,29.67156982421875,0.017000000923871994,100
103596.25200000001,0.2386544793844223,0.10060574114322662,0.01521378569304943,0.005585423670709133,0.07193814218044281,0.5013251304626465,1591,1537,1537,1591,-0.01171528734266758,0.0086513701826334,0.0023259753361344337,0,0,29.67156982421875,0.017000000923871994,100
103696.25200000001,0.11033271998167038,0.10643734782934189,0.014813696965575218,0.005613504443317652,0.06825044006109238,0.5079792141914368,1648,1472,1471,1648,-0.011864244006574154,0.0053114923648536205,-0.0004280982248019427,0,0,29.68035888671875,0.015000000596046448,100
103796.25200000001,-0.38512957096099854,0.10943814367055893,0.013313798233866692,0.005474014673382044,0.0717853456735611,0.49905747175216675,1531,1595,1595,1531,-0.011925019323825836,0.004990711808204651,0.0020736022852361202,0,0,29.68035888671875,0.015000000596046448,100
103896.25200000001,-0.26325422525405884,0.10870065540075302,0.016665950417518616,0.00564773241057992,0.0682404562830925,0.5061097145080566,1469,1648,1648,1470,-0.012199917808175087,0.0058046672493219376,-0.000481537776067853,0,0,29.68035888671875,0.014000000432133675,100
103996.25200000001,0.253121942281723,0.10023224353790283,0.02662983164191246,0.005738342180848122,0.07165869325399399,0.4926823675632477,1601,1525,1526,1602,-0.012108905240893364,0.00380135141313076,0.007469465024769306,0,0,29.68035888671875,0.014000000432133675,100
104096.25200000001,0.054377112537622424,0.10120227932929993,0.021376408636569977,0.005752457305788994,0.06862859427928925,0.501736044883728,1645,1473,1473,1645,-0.012247699312865734,0.0003275378549005836,0.0028134025633335114,0,0,29.68035888671875,0.012000000104308128,100
104196.25200000001,-0.45500439405441284,0.10333193838596344,0.0146288787946105,0.005324610508978367,0.07208537310361862,0.5032408833503723,1516,1610,1610,1515,-0.012140517123043537,-0.0001112211612053216,0.009274697862565517,0,0,29.68035888671875,0.012000000104308128,100
104296.25200000001,-0.20090074837207794,0.10615479201078415,0.014839022420346737,0.005516678094863892,0.06934893876314163,0.507229208946228,1481,1639,1639,1481,-0.012355176731944084,0.0004948770510964096,0.004133262671530247,0,0,29.68035888671875,0.010000000707805157,100
104396.25200000001,0.2823678851127624,0.10886325687170029,0.018452193588018417,0.005894556175917387,0.07094542682170868,0.4899158477783203,1611,1512,1512,1611,-0.012325829826295376,-0.0014673438854515553,0.007923937402665615,0,0,29.68035888671875,0.010000000707805157,100
104496.25200000001,0.052450615912675885,0.11358670890331268,0.019563520327210426,0.0055362689308822155,0.06852009892463684,0.5043174624443054,1639,1482,1482,1639,-0.012617163360118866,-0.004300736356526613,0.005377917550504208,0,0,29.68035888671875,0.00800000037997961,100
104596.25200000001,-0.39420148730278015,0.10682260245084763,0.008574647828936577,0.005286534782499075,0.07101106643676758,0.5039090514183044,1504,1621,1620,1504,-0.012693246826529503,-0.0035180163104087114,0.011657671071588993,0,0,29.67156982421875,0.00800000037997961,100
104696.25200000001,-0.08534625917673111,0.10973990708589554,0.01944555900990963,0.005546204745769501,0.06870412081480026,0.5143795609474182,1493,1631,1631,1493,-0.012945971451699734,-0.002130673034116626,0.006586435250937939,0,0,29.67156982421875,0.006000000052154064,100
104796.25200000001,0.3233512043952942,0.10996925085783005,0.020465439185500145,0.005648008547723293,0.07112875580787659,0.5061570405960083,1628,1495,1495,1628,-0.013025790452957153,-0.0036491481587290764,0.011438633315265179,0,0,29.67156982421875,0.006000000052154064,100
104896.25200000001,-0.0382140651345253,0.11209522932767868,0.02142389304935932,0.005337907467037439,0.06904193758964539,0.5167170763015747,1625,1500,1500,1625,-0.013305253349244595,-0.005854897666722536,0.0038410101551562548,0,0,29.67156982421875,0.006000000052154064,100
104996.25200000001,-0.4128609895706177,0.10472028702497482,0.022036287933588028,0.005866032559424639,0.07160623371601105,0.5127675533294678,1487,1636,1636,1487,-0.01331035140901804,-0.004780030343681574,0.011571258306503296,0,0,29.67156982421875,0.006000000052154064,100
105096.25200000001,-0.021736972033977453,0.10387498885393143,0.019576916471123695,0.005669297184795141,0.06982254236936569,0.5095566511154175,1507,1619,1619,1507,-0.013490676879882812,-0.0038884286768734455,0.0014311909908428788,0,0,29.67156982421875,0.005000000353902578,100
105196.25200000001,0.3143985867500305,0.09783069044351578,0.03075157105922699,0.005684960167855024,0.07099317759275436,0.5129441618919373,1639,1479,1480,1639,-0.013369021005928516,-0.006087954621762037,0.00511205056682229,0,0,29.67156982421875,0.005000000353902578,100
105296.25200000001,0.3143985867500305,0.09783069044351578,0.03075157105922699,0.005684960167855024,0.07099317759275436,0.5129441618919373,1639,1479,1480,1639,-0.013369021005928516,-0.006087954621762037,0.00511205056682229,0,0,29.67156982421875,0.004000000189989805,100
105396.25200000001,-0.13448695838451385,0.10701752454042435,0.022624021396040916,0.005552137270569801,0.07017664611339569,0.528167188167572,1608,1522,1522,1608,-0.013535991311073303,-0.008244284428656101,0.0018614570144563913,0,0,29.67156982421875,0.004000000189989805,100
105496.25200000001,-0.3888916075229645,0.10761836171150208,0.022521158680319786,0.0053733778186142445,0.07069645822048187,0.5212828516960144,1475,1642,1642,1475,-0.013367224484682083,-0.006854657549411058,0.0031677798833698034,0,0,29.67156982421875,0.004000000189989805,100
105596.25200000001,0.04734736680984497,0.1110798791050911,0.018060974776744843,0.005374501924961805,0.07038354128599167,0.5164079666137695,1522,1606,1606,1521,-0.01370922103524208,-0.006076386664062738,-0.0012869155034422874,0,0,29.67156982421875,0.004000000189989805,100
105696.25200000001,-0.13172829151153564,0.11069092899560928,0.025606853887438774,0.005564524792134762,0.07084405422210693,0.5245769619941711,1600,1528,1528,1600,-0.014013494364917278,-0.009456009604036808,-0.0007413590792566538,0,0,29.67156982421875,0.003000000026077032,100
105796.25200000001,-0.3542015850543976,0.10218174010515213,0.005992799531668425,0.00551924342289567,0.07007788121700287,0.5102083086967468,1469,1649,1647,1468,-0.0139531921595335,-0.0073286318220198154,0.0034016165882349014,0,0,29.67156982421875,0.003000000026077032,100
105896.25200000001,0.1443578600883484,0.10845408588647842,0.016391266137361526,0.005534685682505369,0.07066437602043152,0.5132870674133301,1533,1595,1594,1533,-0.01430834736675024,-0.005997390486299992,-0.00137117609847337,0,0,29.67156982421875,0.003000000026077032,100
105996.25200000001,0.3565917909145355,0.1061786562204361,0.02425527200102806,0.005951613653451204,0.06968902051448822,0.5125877261161804,1650,1466,1466,1650,-0.014210031367838383,-0.007562587969005108,0.0035269353538751602,0,0,29.67156982421875,0.003000000026077032,100
106096.25200000001,-0.16901981830596924,0.10185772180557251,0.027615675702691078,0.00544739281758666,0.07079558819532394,0.5141579508781433,1586,1542,1544,1586,-0.014441194012761116,-0.008159125223755836,-0.000997259863652289,0,0,29.67156982421875,0.003000000026077032,100
106196.25200000001,-0.32921335101127625,0.09777341783046722,0.022887369617819786,0.00562593899667263,0.06960004568099976,0.522618293762207,1465,1652,1653,1465,-0.014127040281891823,-0.005857544019818306,0.0030484814196825027,0,0,29.67156982421875,0.003000000026077032,100
106296.25200000001,0.18314403295516968,0.10360493510961533,0.02371007390320301,0.005771327763795853,0.07106563448905945,0.5170179009437561,1555,1575,1575,1555,-0.01426208857446909,-0.005241340026259422,-0.0003563988429959868,0,0,29.67156982421875,0.003000000026077032,100
106396.25200000001,0.2807512581348419,0.1022414118051529,0.017412304878234863,0.00620238995179534,0.06902559101581573,0.5127852559089661,1651,1465,1465,1650,-0.014041466638445854,-0.007094137370586395,-0.00031122774817049503,0,0,29.67156982421875,0.004000000189989805,100
106496.25200000001,-0.24894939363002777,0.10249465703964233,0.006769566331058741,0.005453521851450205,0.07162433117628098,0.5207684636116028,1571,1559,1558,1572,-0.014191706664860249,-0.00807914324104786,0.0005997455446049571,0,0,29.67156982421875,0.004000000189989805,100
106596.25200000001,-0.3165532052516937,0.10004562884569168,0.005926822312176228,0.005589169915765524,0.06893471628427505,0.5184004306793213,1463,1654,1654,1463,-0.014102386310696602,-0.006425243802368641,0.0020297651644796133,0,0,29.67156982421875,0.004000000189989805,100
106696.25200000001,0.26699090003967285,0.10997065901756287,0.018506478518247604,0.005899595562368631,0.07201357185840607,0.5215473175048828,1565,1564,1564,1566,-0.014252069406211376,-0.005980820395052433,0.0015166059602051973,0,0,29.67156982421875,0.005000000353902578,100
106796.25200000001,0.2940947413444519,0.10794906318187714,0.019106799736618996,0.006350536830723286,0.06877143681049347,0.5163155794143677,1653,1464,1464,1653,-0.014268442057073116,-0.007592792622745037,0.00047969326260499656,0,0,29.67156982421875,0.005000000353902578,100
106896.25200000001,-0.2629847526550293,0.1038346216082573,0.01647939160466194,0.005274912808090448,0.07178948074579239,0.5075411200523376,1554,1576,1576,1554,-0.014430535025894642,-0.007277623284608126,0.0017601456493139267,0,0,29.67156982421875,0.006000000052154064,100
106996.25200000001,-0.251508891582489,0.09732556343078613,0.013615766540169716,0.005196491722017527,0.06856299191713333,0.5113258361816406,1465,1652,1652,1464,-0.014238234609365463,-0.004974901210516691,-0.0004065565299242735,0,0,29.67156982421875,0.006000000052154064,100
107096.25200000001,0.2754873037338257,0.10663093626499176,0.013918926008045673,0.005450569558888674,0.07170817255973816,0.5013372898101807,1586,1544,1544,1586,-0.014288554899394512,-0.005234314128756523,0.002054257784038782,0,0,29.67156982421875,0.006000000052154064,100
107196.25200000001,0.20027942955493927,0.09755637496709824,0.02799151837825775,0.005702130496501923,0.068711057305336,0.5103625059127808,1650,1467,1468,1650,-0.01411872636526823,-0.007336367852985859,-0.0009170984849333763,0,0,29.67156982421875,0.006000000052154064,100
107296.25200000001,-0.32008036971092224,0.10455133765935898,0.011773773469030857,0.005248694680631161,0.07192017138004303,0.5001904964447021,1538,1590,1590,1538,-0.014166967943310738,-0.0071427179500460625,0.001714092562906444,0,0,29.67156982421875,0.007000000216066837,100
107396.25200000001,-0.22529132664203644,0.1039620041847229,0.008188324049115181,0.005492799915373325,0.06780337542295456,0.5024698376655579,1469,1649,1649,1469,-0.014009461738169193,-0.005255941301584244,-0.0015669495332986112,0,0,29.67156982421875,0.007000000216066837,100
107496.25200000001,0.3123560845851898,0.10360774397850037,0.01445991825312376,0.005760658532381058,0.07199352234601974,0.5022766590118408,1595,1533,1533,1595,-0.01407568994909525,-0.006139502860605717,0.0032126132864505053,0,0,29.67156982421875,0.00800000037997961,100
107596.25200000001,0.21052365005016327,0.09811355918645859,0.023464137688279152,0.0061582522466778755,0.06870442628860474,0.5043636560440063,1648,1468,1469,1648,-0.01388544775545597,-0.007779458537697792,-0.0021394346840679646,0,0,29.67156982421875,0.00800000037997961,100
107696.25200000001,-0.30391523241996765,0.11160434037446976,0.012897245585918427,0.00540442019701004,0.07180913537740707,0.49474036693573,1528,1599,1598,1529,-0.013980770483613014,-0.006663337349891663,0.003193181473761797,0,0,29.68035888671875,0.009000000543892384,100
107796.25200000001,-0.14020854234695435,0.11090452969074249,0.010667086578905582,0.006012992467731237,0.06886137276887894,0.504993736743927,1472,1647,1647,1471,-0.013978598639369011,-0.004201250616461039,-0.000014741131053597634,0,0,29.68035888671875,0.009000000543892384,100
107896.25200000001,0.36784103512763977,0.11398331075906754,0.004657330457121134,0.005807061679661274,0.07175607979297638,0.5004464983940125,1605,1521,1521,1604,-0.014261728152632713,-0.0047859810292720795,0.00418610917404294,0,0,29.67156982421875,0.009000000543892384,100
107996.25200000001,0.14162276685237885,0.1093204915523529,0.015305018983781338,0.00592958927154541,0.06921955198049545,0.5106856822967529,1642,1478,1478,1642,-0.014268110506236553,-0.006569896824657917,0.0013929007109254599,0,0,29.67156982421875,0.009000000543892384,100
108096.25200000001,-0.34060379862785345,0.11519205570220947,0.010648484341800213,0.005271836183965206,0.07114966958761215,0.5010931491851807,1512,1613,1613,1513,-0.014521352015435696,-0.005404252093285322,0.005537671502679586,0,0,29.67156982421875,0.009000000543892384,100
108196.25200000001,-0.025055397301912308,0.10998853296041489,0.010563824325799942,0.0055779870599508286,0.06964807957410812,0.5296096801757812,1489,1639,1639,1489,-0.014505774714052677,-0.002794979140162468,0.007444471120834351,0,0,29.67156982421875,0.009000000543892384,100
108296.25200000001,-0.025055397301912308,0.10998853296041489,0.010563824325799942,0.0055779870599508286,0.06964807957410812,0.5296096801757812,1489,1639,1639,1489,-0.014505774714052677,-0.002794979140162468,0.007444471120834351,0,0,29.67156982421875,0.009000000543892384,100
108396.25200000001,0.41138359904289246,0.10577467083930969,0.01426935289055109,0.005464042071253061,0.07126227766275406,0.5081258416175842,1620,1500,1500,1621,-0.014707651920616627,-0.003407231532037258,0.0008672823896631607,0,0,29.67156982421875,0.009000000543892384,100
108496.25200000001,0.08175212144851685,0.10988878458738327,0.009737562388181686,0.004951228387653828,0.06937659531831741,0.5091238021850586,1632,1492,1491,1632,-0.01434935163706541,-0.004829367622733116,-0.0015871099894866347,0,0,29.67156982421875,0.007000000216066837,100
108596.25200000001,-0.3590307831764221,0.11932426691055298,0.011292031034827232,0.004709130153059959,0.07116350531578064,0.502378523349762,1498,1624,1623,1498,-0.014510717242956161,-0.0034116199240088463,0.0011930153705179691,0,0,29.67156982421875,0.007000000216066837,100
108696.25200000001,0.4053090512752533,0.1374673694372177,0.021225670352578163,0.0059160636737942696,0.07074624300003052,0.504876434803009,1631,1491,1491,1631,-0.014775041490793228,-0.0024159695021808147,0.0033489326015114784,0,0,29.67156982421875,0.006000000052154064,100
108796.25200000001,0.018931075930595398,0.14271405339241028,0.016566304489970207,0.005681490991264582,0.06956398487091064,0.5188068151473999,1620,1507,1507,1620,-0.014825080521404743,-0.0035334669519215822,-0.001342833274975419,0,0,29.67156982421875,0.005000000353902578,100
108896.25200000001,-0.33459043502807617,0.14914202690124512,0.02189386636018753,0.005538014229387045,0.070560023188591,0.5090751051902771,1482,1639,1639,1482,-0.01555573008954525,-0.0015045846812427044,0.0038288894575089216,0,0,29.67156982421875,0.005000000353902578,100
108996.25200000001,0.07214752584695816,0.15322083234786987,0.028439562767744064,0.005774003453552723,0.06967445462942123,0.5219059586524963,1516,1611,1612,1516,-0.015809735283255577,0.0002178507565986363,-0.0029125066939741373,0,0,29.67156982421875,0.003000000026077032,100
109096.25200000001,0.3814654052257538,0.15853436291217804,0.028981225565075874,0.006092200055718422,0.07006829231977463,0.5090183615684509,1637,1482,1481,1638,-0.01666485331952572,-0.0008241394534707069,0.0007382446201518178,0,0,29.67156982421875,0.003000000026077032,100
109196.25200000001,-0.034691017121076584,0.15353521704673767,0.016859736293554306,0.005551826674491167,0.06953739374876022,0.5289767384529114,1613,1513,1513,1613,-0.017068110406398773,-0.0018823557766154408,-0.0039137438870966434,0,0,29.67156982421875,0.0020000000949949026,100
109296.25200000001,-0.3672742247581482,0.1552426517009735,0.013681127689778805,0.005299111362546682,0.07062595337629318,0.5144025087356567,1478,1642,1642,1478,-0.017881575971841812,-0.0003055974084418267,0.003263629274442792,0,0,29.67156982421875,0.0020000000949949026,100
109396.25200000001,0.05228489264845848,0.14558644592761993,0.01770683191716671,0.005592567380517721,0.0699346661567688,0.51358562707901,1516,1609,1609,1517,-0.018308522179722786,0.0006143557257018984,-0.004856368992477655,0,0,29.67156982421875,0.0020000000949949026,100
109496.25200000001,0.3528417646884918,0.14371298253536224,0.019586782902479172,0.006019326392561197,0.07001014053821564,0.5036661624908447,1644,1476,1476,1644,-0.01898779533803463,-0.001288922852836549,0.0034836051054298878,0,0,29.67156982421875,0.003000000026077032,100
109596.25200000001,-0.08314556628465652,0.13873650133609772,0.015005331486463547,0.005683587398380041,0.0703415721654892,0.5130186676979065,1605,1521,1521,1605,-0.01932116411626339,-0.002160161267966032,-0.003934485837817192,0,0,29.67156982421875,0.003000000026077032,100
109696.25200000001,-0.3744336664676666,0.14575397968292236,0.010836774483323097,0.00530184805393219,0.07019073516130447,0.5093168616294861,1474,1643,1642,1475,-0.019928226247429848,-0.000532985373865813,-0.00017487157310824885,0,0,29.67156982421875,0.004000000189989805,100
109796.25200000001,0.0723889097571373,0.1351432353258133,0.012408940121531487,0.00537962606176734,0.06998330354690552,0.5055603981018066,1524,1603,1603,1525,-0.020290769636631012,0.0004483168013393879,-0.0023565455339848995,0,0,29.67156982421875,0.004000000189989805,100
109896.25200000001,0.3254494071006775,0.1454683542251587,0.01409525889903307,0.005697224754840136,0.06979405134916306,0.512673556804657,1648,1471,1470,1648,-0.020850367844104767,-0.0018689074786379933,0.002943682949990034,0,0,29.67156982421875,0.005000000353902578,100
109996.25200000001,-0.1579051017761231,0.13484135270118713,0.012772307731211185,0.005392199847847223,0.07045511156320572,0.5336156487464905,1591,1539,1540,1591,-0.021217772737145424,-0.003050473053008318,-0.0009436566033400595,0,0,29.67156982421875,0.005000000353902578,100
110096.25200000001,-0.3446056544780731,0.13286159932613373,0.007738807238638401,0.005193774122744799,0.06953007727861404,0.5060979127883911,1469,1648,1647,1470,-0.02168487198650837,-0.0013221236877143385,0.0008921056869439783,0,0,29.67156982421875,0.007000000216066837,100
110196.25200000001,0.14001597464084625,0.12297665327787399,0.007626252714544535,0.005544845014810562,0.07046117633581161,0.5226210355758667,1538,1591,1591,1537,-0.02179558016359806,-0.00026644847821444273,-0.004424392245709896,0,0,29.67156982421875,0.007000000216066837,100
110296.25200000001,0.33004021644592285,0.12373766303062439,0.01192845031619072,0.0057034920901060104,0.06909503042697906,0.5157995820045471,1650,1467,1467,1650,-0.022177129983901978,-0.002051024464890361,0.0012453431263566017,0,0,29.67156982421875,0.00800000037997961,100
110396.25200000001,-0.18862195312976837,0.11462804675102234,0.012134544551372528,0.005230227950960398,0.0711573138833046,0.5330721139907837,1585,1546,1546,1584,-0.022259864956140518,-0.002774237422272563,-0.0010129234287887812,0,0,29.67156982421875,0.00800000037997961,100
110496.25200000001,-0.34427252411842346,0.11975011229515076,0.01343105360865593,0.0056343358010053635,0.06909914314746857,0.5182206630706787,1463,1653,1654,1463,-0.022533375769853592,-0.0008739193435758354,0.0021527034696191554,0,0,29.67156982421875,0.009000000543892384,100
110596.25200000001,0.16957594454288483,0.1106783002614975,0.017285315319895744,0.005761710461229086,0.07151258736848831,0.5180079936981201,1552,1577,1578,1553,-0.022473260760307312,-0.0007868272950872779,-0.0016814763657748695,0,0,29.67156982421875,0.009000000543892384,100
110696.25200000001,0.27166101336479187,0.10511209070682526,0.01492183469235897,0.00576757499948144,0.06903920322656631,0.5058568716049194,1653,1462,1462,1653,-0.02261248044669628,-0.003519813297316432,0.0007894518203102052,0,0,29.67156982421875,0.009000000543892384,100
110796.25200000001,-0.257130891084671,0.09905458986759186,0.012935301288962364,0.005785754416137934,0.07182229310274124,0.5190445184707642,1568,1562,1562,1568,-0.022358262911438942,-0.004190749488770962,-0.0005039338138885796,0,0,29.67156982421875,0.009000000543892384,100
110896.25200000001,-0.30948302149772644,0.09870202839374542,0.009227906353771687,0.005826746113598347,0.0694255456328392,0.5245476365089417,1459,1655,1655,1460,-0.022269362583756447,-0.002186079043895006,-0.000514382787514478,0,0,29.67156982421875,0.010000000707805157,100
110996.25200000001,0.2559345066547394,0.09486354142427444,0.018050359562039375,0.005774024873971939,0.07170207053422928,0.5156915783882141,1571,1558,1559,1571,-0.02189164236187935,-0.001998140010982752,-0.0012748073786497116,0,0,29.67156982421875,0.010000000707805157,100
111096.25200000001,0.3187699019908905,0.0990646705031395,0.020574180409312248,0.006093353033065796,0.069509357213974,0.5257946252822876,1656,1458,1458,1657,-0.02182365581393242,-0.004024044144898653,-0.0009744548588059843,0,0,29.67156982421875,0.010000000707805157,100
111196.25200000001,0.3187699019908905,0.0990646705031395,0.020574180409312248,0.006093353033065796,0.069509357213974,0.5257946252822876,1656,1458,1458,1657,-0.02182365581393242,-0.004024044144898653,-0.0009744548588059843,0,0,29.67156982421875,0.010000000707805157,100
111296.25200000001,-0.2788302004337311,0.0928225889801979,359.99395751953125,0.005081344861537218,0.07245387136936188,0.5168835520744324,1551,1585,1583,1550,-0.021554967388510704,-0.0033692196011543274,0.00740524148568511,0,0,29.67156982421875,0.009000000543892384,100
111396.25200000001,-0.25417351722717285,0.09118339419364929,0.00421894621104002,0.005683701019734144,0.06857376545667648,0.5088446736335754,1463,1651,1651,1463,-0.021644290536642075,-0.0011919059325009584,-0.0026574512012302876,0,0,29.67156982421875,0.009000000543892384,100
111496.25200000001,0.298639714717865,0.0745103657245636,0.005634422414004803,0.005651441402733326,0.0719122663140297,0.5016657114028931,1585,1544,1544,1585,-0.021409032866358757,-0.0013268353650346398,0.001241635880433023,0,0,29.67156982421875,0.009000000543892384,100
111596.25200000001,-0.31932127475738525,0.05513317883014679,359.99884033203125,0.005110884550958872,0.07170096784830093,0.49857839941978455,1534,1595,1594,1534,-0.020687347277998924,-0.002968252869322896,0.0009198667830787599,0,0,29.67156982421875,0.00800000037997961,100
111696.25200000001,-0.2124747335910797,0.04350258782505989,0.009447962045669556,0.0053865183144807816,0.06799709796905518,0.5041833519935608,1471,1648,1648,1471,-0.02021654322743416,-0.001043245429173112,-0.002117464318871498,0,0,29.67156982421875,0.00800000037997961,100
111796.25200000001,0.27375322580337524,0.04142804443836212,0.011070514097809792,0.005260654259473085,0.07122408598661423,0.48284363746643066,1599,1529,1529,1599,-0.019265124574303627,-0.002040168270468712,0.0013074063463136554,0,0,29.67156982421875,0.006000000052154064,100
111896.25200000001,0.13482213020324707,0.04313601180911064,0.01299357507377863,0.0052166651003062725,0.0678885206580162,0.5037822723388672,1646,1472,1473,1645,-0.018737580627202988,-0.004689509514719248,-0.0042290049605071545,0,0,29.68035888671875,0.006000000052154064,100
111996.25200000001,-0.3639357388019562,0.04606377333402634,0.002170879626646638,0.004938933532685041,0.07211924344301224,0.49646902084350586,1524,1604,1603,1524,-0.017694028094410896,-0.0046799061819911,0.003079858375713229,0,0,29.68035888671875,0.004000000189989805,100
112096.25200000001,-0.16162706911563873,0.04719791188836098,0.010677230544388294,0.005401976406574249,0.06840752810239792,0.5183203816413879,1476,1644,1644,1476,-0.017131732776761055,-0.003027342027053237,-0.0010624302085489035,0,0,29.68035888671875,0.004000000189989805,100
112196.25200000001,0.3297270834445954,0.04039016366004944,0.015227090567350388,0.005206763744354248,0.07161612808704376,0.5055742859840393,1608,1517,1518,1608,-0.01614229753613472,-0.0038165715523064137,0.004499386064708233,0,0,29.68035888671875,0.003000000026077032,100
112296.25200000001,0.10231659561395645,0.04485098645091057,0.012258823961019516,0.0053146821446716785,0.06874178349971771,0.5173604488372803,1642,1478,1478,1642,-0.01547619141638279,-0.0057970453053712845,0.0024753620382398367,0,0,29.68035888671875,0.003000000026077032,100
112396.25200000001,-0.37101513147354126,0.049765314906835556,0.009581371210515499,0.005281207151710987,0.07203822582960129,0.5054101943969727,1512,1613,1613,1512,-0.014612585306167603,-0.0048958901315927505,0.00798126496374607,0,0,29.68035888671875,0.003000000026077032,100
112496.25200000001,-0.14443400502204895,0.05529475957155228,0.007933535613119602,0.005902220495045185,0.06840486079454422,0.5092712044715881,1478,1640,1640,1478,-0.014039318077266216,-0.0034255115315318108,0.002613841323181987,0,0,29.68035888671875,0.0010000000474974513,100
112596.25200000001,0.3173064589500427,0.05992460623383522,0.01252103690057993,0.005573405884206295,0.07138166576623917,0.5014244914054871,1616,1508,1508,1616,-0.01331900991499424,-0.005036983639001846,0.010001475922763348,0,0,29.67156982421875,0.0010000000474974513,100
112696.25200000001,0.061048321425914764,0.07693145424127579,0.007985095493495464,0.005409333389252424,0.06859418004751205,0.5119099617004395,1635,1488,1487,1634,-0.012942653149366379,-0.00745006138458848,0.0035023568198084823,0,0,29.67156982421875,0.0020000000949949026,100
112796.25200000001,-0.3524307608604431,0.07175634056329727,0.015328750014305115,0.005407898221164942,0.07127980142831802,0.4948084056377411,1501,1624,1624,1500,-0.012506343424320221,-0.006114280316978693,0.009758037514984608,0,0,29.67156982421875,0.0020000000949949026,100
112896.25200000001,-0.02496020868420601,0.07394304871559143,0.004753310699015856,0.005698471330106258,0.06899429112672806,0.5199111700057983,1496,1630,1629,1494,-0.01226409524679184,-0.003994144964963198,0.002951313043013215,0,0,29.67156982421875,0.0020000000949949026,100
112996.25200000001,0.38853955268859863,0.08141098916530609,0.010367948561906815,0.005591510329395533,0.07122442871332169,0.5093370676040649,1633,1490,1490,1632,-0.011898195371031761,-0.004812153521925211,0.00894884392619133,0,0,29.67156982421875,0.0020000000949949026,100
113096.25200000001,0.006498264614492655,0.08411122858524323,0.011671318672597408,0.005579341668635607,0.06943802535533905,0.5120624899864197,1623,1503,1503,1623,-0.011768768541514874,-0.0058449856005609035,0.001639565103687346,0,0,29.67156982421875,0.0020000000949949026,100
113196.25200000001,-0.3733886182308197,0.08423581719398499,0.018078409135341644,0.005661970004439354,0.07107175141572952,0.5058735609054565,1485,1635,1635,1486,-0.011423349380493164,-0.003823177656158805,0.005370249040424824,0,0,29.67156982421875,0.0020000000949949026,100
113296.25200000001,-0.00022184322006069124,0.08610381931066513,0.01739220693707466,0.005617679096758366,0.06915728747844696,0.5138630867004395,1507,1619,1619,1507,-0.011365172453224659,-0.0023773268330842257,-0.0009507745271548637,0,0,29.67156982421875,0.004000000189989805,100
113396.25200000001,0.15513932704925537,-0.4297296702861786,0.001763978973031044,0.0055519938468933105,0.06885897368192673,0.49340176582336426,1640,1498,1484,1647,-0.009191709570586681,-0.004861828405410051,-0.013318078592419624,0,0,29.67156982421875,0.004000000189989805,100
113496.25200000001,-0.832893431186676,-2.511800765991211,0.025584623217582703,0.007219021674245596,0.06806053966283798,0.498256653547287,1616,1520,1510,1623,0.01605558581650257,-0.014273480512201786,-0.047851357609033585,0,0,29.67156982421875,0.018000001087784767,100
113596.25200000001,-1.9355210065841675,-5.5899200439453125,0.12085186690092087,0.008381390944123268,0.06916221231222153,0.49197918176651,1488,1641,1636,1494,0.08759453892707825,-0.03268836811184883,-0.06063486263155937,0,0,29.68035888671875,0.018000001087784767,100
113696.25200000001,-2.419423818588257,-8.932427406311035,0.31168660521507263,0.008602061308920383,0.06839821487665176,0.49366509914398193,1519,1619,1616,1521,0.2165367752313614,-0.06609292328357697,-0.07728315144777298,0,0,29.6890869140625,0.13700000941753387,100
113796.25200000001,-3.0486090183258057,-12.218009948730469,0.5837546586990356,0.008844347670674324,0.06810982525348663,0.49387410283088684,1642,1489,1492,1652,0.40237957239151,-0.11729328334331512,-0.07788485288619995,0,0,29.6890869140625,0.13700000941753387,100
113896.25200000001,-3.7283079624176025,-15.005159378051758,359.0851135253906,0.009698162786662579,0.06518836319446564,0.47551530599594116,1605,1510,1558,1624,0.6470891237258911,-0.18333877623081207,-0.09149878472089767,0,0,29.6978759765625,0.4650000333786011,100
113996.25200000001,-3.075115442276001,-16.326555252075195,354.9580993652344,0.008023939095437527,0.06377657502889633,0.4520842134952545,1472,1613,1668,1537,0.9216762781143188,-0.2532627284526825,-0.09075363725423813,0,0,29.7100830078125,0.4650000333786011,100
114096.25200000001,-1.617844581604004,-16.62994384765625,350.7645568847656,0.00681106885895133,0.061298515647649765,0.448113352060318,1502,1613,1643,1541,1.21127450466156,-0.3275291323661804,-0.09714068472385406,0,0,29.71893310546875,0.9800000190734863,100
114196.25200000001,-1.617844581604004,-16.62994384765625,350.7645568847656,0.00681106885895133,0.061298515647649765,0.448113352060318,1502,1613,1643,1541,1.21127450466156,-0.3275291323661804,-0.09714068472385406,0,0,29.71893310546875,0.9800000190734863,100
114296.25200000001,-0.6478506326675415,-16.4418888092041,348.3181457519531,0.0059849657118320465,0.06281200051307678,0.4436458945274353,1628,1506,1526,1643,1.4912667274475098,-0.40289485454559326,-0.08803872019052505,0,0,29.72772216796875,1.559000015258789,100
114396.25200000001,-0.5756102204322815,-16.127410888671875,346.8906555175781,0.005653006955981255,0.06089291349053383,0.44149133563041687,1632,1512,1522,1639,1.7676893472671509,-0.47956013679504395,-0.08956173062324524,0,0,29.73651123046875,1.559000015258789,100
114496.25200000001,-0.7353251576423645,-15.83199691772461,345.99456787109375,0.0052039423026144505,0.06200563162565231,0.4290390908718109,1527,1623,1625,1531,2.035609245300293,-0.5535075068473816,-0.08121296763420105,0,0,29.75115966796875,2.125,100
114596.25200000001,0.08914794772863388,-15.363872528076172,345.11456298828125,0.005167771130800247,0.061965446919202805,0.41254645586013794,1607,1551,1550,1605,2.5581154823303223,-0.7002105712890625,-0.072878398001194,0,0,29.75994873046875,2.6690001487731934,100
114696.25200000001,0.16113905608654022,-15.165607452392578,344.917724609375,0.005535309202969074,0.05847889557480812,0.41365429759025574,1652,1502,1499,1650,2.813413619995117,-0.7731958031654358,-0.07078578323125839,0,0,29.7686767578125,2.6690001487731934,100
114796.25200000001,-0.18383574485778809,-14.988068580627441,344.77569580078125,0.005267482716590166,0.061069462448358536,0.4119603931903839,1577,1587,1584,1575,3.0647571086883545,-0.843493640422821,-0.06545596569776535,0,0,29.7686767578125,3.19700026512146,100
114896.25200000001,-0.1334218978881836,-14.82062816619873,344.6946105957031,0.0069097247906029224,0.0589434951543808,0.40825605392456055,1506,1652,1649,1502,3.313828468322754,-0.9101972579956055,-0.06191304698586464,0,0,29.7803955078125,3.19700026512146,100
114996.25200000001,0.2650638222694397,-14.678332328796387,344.6348876953125,0.010474862530827522,0.05949672311544418,0.4047778844833374,1565,1602,1599,1562,3.560640811920166,-0.977034330368042,-0.06129930913448334,0,0,29.7803955078125,3.7110002040863037,100
115096.25200000001,0.5076601505279541,-14.555548667907715,344.6217346191406,0.013496536761522293,0.058069538325071335,0.402445524930954,1647,1515,1511,1644,3.803510904312134,-1.0434058904647827,-0.05659250542521477,0,0,29.78924560546875,3.7110002040863037,100
115196.25200000001,0.22759990394115448,-14.445977210998535,344.5979919433594,0.018842706456780434,0.05663876608014107,0.4016958177089691,1623,1545,1541,1621,4.046047210693359,-1.1088554859161377,-0.057860516011714935,0,0,29.78924560546875,4.2170000076293945,100
115296.25200000001,0.012282097712159157,-14.350170135498047,344.5951232910156,0.022124070674180984,0.056910205632448196,0.3750264644622803,1538,1630,1628,1535,4.28558349609375,-1.1706805229187012,-0.05384405329823494,0,0,29.79803466796875,4.2170000076293945,100
115396.25200000001,0.2007504403591156,-14.291056632995605,344.595458984375,0.02191207930445671,0.05485726147890091,0.38012829422950745,1522,1645,1642,1518,4.5228753089904785,-1.2311614751815796,-0.056698027998209,0,0,29.79803466796875,4.2170000076293945,100
115496.25200000001,0.5037717819213867,-14.344791412353516,344.5928039550781,0.018315233290195465,0.05710810795426369,0.37132754921913147,1603,1571,1567,1600,4.758357524871826,-1.2924410104751587,-0.05497300252318382,0,0,29.80682373046875,4.715000152587891,100
115596.25200000001,0.5051358342170715,-14.39708137512207,344.6004333496094,0.014565616846084595,0.05739415064454079,0.37194135785102844,1650,1519,1514,1648,4.993111610412598,-1.3547635078430176,-0.05468663573265076,0,0,29.80682373046875,4.715000152587891,100
115696.25200000001,0.17909538745880127,-14.46861457824707,344.6075134277344,0.010459237731993198,0.06166353449225426,0.3724088966846466,1606,1571,1567,1604,5.230086326599121,-1.416481375694275,-0.05679526552557945,0,0,29.82147216796875,5.211000442504883,100
115796.25200000001,0.03007706068456173,-14.523508071899414,344.6259460449219,0.01139596663415432,0.06341058015823364,0.3485551178455353,1533,1642,1639,1531,5.465860366821289,-1.4769134521484375,-0.05296947434544563,0,0,29.82147216796875,5.211000442504883,100
115896.25200000001,0.28386595845222473,-14.592838287353516,344.6317138671875,0.017741158604621887,0.061730775982141495,0.3477168381214142,1541,1637,1634,1538,5.704972267150879,-1.5372328758239746,-0.056252479553222656,0,0,29.83026123046875,5.710000038146973,100
115996.25200000001,0.5315625071525574,-14.624066352844238,344.65423583984375,0.02451455593109131,0.06062145531177521,0.33399316668510437,1613,1568,1565,1612,5.942357063293457,-1.5983084440231323,-0.05290766432881355,0,0,29.83026123046875,5.710000038146973,100
116096.25200000001,0.4595196843147278,-14.664398193359375,344.65594482421875,0.030982866883277893,0.054686520248651505,0.34851381182670593,1649,1530,1526,1647,6.181416034698486,-1.660973310470581,-0.05484262853860855,0,0,29.8394775390625,6.210000514984131,100
116196.25200000001,0.1415238082408905,-14.202677726745605,344.67352294921875,0.037921544164419174,0.05345871299505234,0.3540824055671692,1616,1571,1577,1602,6.418258190155029,-1.7233271598815918,-0.05518168583512306,0,0,29.8394775390625,6.210000514984131,100
116296.25200000001,-0.014726672321557999,-12.188898086547852,344.683349609375,0.026119986549019814,0.05874520167708397,0.3400842845439911,1544,1632,1638,1530,6.635250568389893,-1.7790560722351074,-0.05997706949710846,0,0,29.85125732421875,6.700000286102295,100
116396.25200000001,0.09480962157249452,-9.029242515563965,344.7046813964844,0.02251766435801983,0.05833059549331665,0.34497565031051636,1522,1637,1640,1513,6.808786392211914,-1.8225207328796387,-0.0785178616642952,0,0,29.85125732421875,6.700000286102295,100
116496.25200000001,0.3852802813053131,-5.469400405883789,344.7243957519531,0.025578036904335022,0.06161855161190033,0.38775041699409485,1577,1571,1573,1572,6.923537731170654,-1.850954294204712,-0.09104360640048981,0,0,29.86004638671875,7.090000152587891,100
116596.25200000001,0.4831172823905945,-1.888731837272644,344.7721862792969,0.023212550207972527,0.06340283900499344,0.4323166310787201,1643,1482,1477,1645,6.977856159210205,-1.8652762174606323,-0.09934914857149124,0,0,29.86883544921875,7.090000152587891,100
116696.25200000001,0.07017447054386144,1.0655337572097778,344.77020263671875,0.02095956541597843,0.06930869072675705,0.4892178177833557,1595,1530,1525,1597,6.977963924407959,-1.8637665510177612,-0.10810942947864532,0,0,29.87762451171875,7.273000240325928,100
116796.25200000001,-0.26381006836891174,3.125943660736084,344.7748107910156,0.018518896773457527,0.0721237063407898,0.507972776889801,1466,1644,1640,1467,6.939555644989014,-1.8500255346298218,-0.10453567653894424,0,0,29.88641357421875,7.273000240325928,100
116896.25200000001,0.18265247344970703,4.55755090713501,344.7778015136719,0.0169498473405838,0.07553407549858093,0.5524544715881348,1517,1600,1597,1516,6.873202800750732,-1.8297096490859985,-0.10383033752441406,0,0,29.88641357421875,7.25100040435791,100
116996.25200000001,0.41201573610305786,5.61092472076416,344.7881164550781,0.01651516556739807,0.07581127434968948,0.5848572254180908,1656,1449,1446,1656,6.788958549499512,-1.809231162071228,-0.0892777293920517,0,0,29.90106201171875,7.25100040435791,100
117096.25200000001,-0.18038292229175568,6.464907169342041,344.7855224609375,0.01504787802696228,0.08025392144918442,0.6243926882743835,1576,1541,1538,1575,6.6878557205200195,-1.7822750806808472,-0.08430029451847076,0,0,29.90985107421875,7.103000164031982,100
117196.25200000001,-0.18038292229175568,6.464907169342041,344.7855224609375,0.01504787802696228,0.08025392144918442,0.6243926882743835,1576,1541,1538,1575,6.6878557205200195,-1.7822750806808472,-0.08430029451847076,0,0,29.90985107421875,7.103000164031982,100
117296.25200000001,-0.2599753439426422,7.186862945556641,344.7923889160156,0.013703634031116962,0.07706692814826965,0.6129783391952515,1443,1661,1659,1441,6.58076810836792,-1.7500790357589722,-0.0719919204711914,0,0,29.92156982421875,6.885000228881836,100
117396.25200000001,0.3139956593513489,7.791437149047852,344.7886657714844,0.012534701265394688,0.07976305484771729,0.5992640852928162,1570,1542,1540,1568,6.458329200744629,-1.71712327003479,-0.07292106002569199,0,0,29.92156982421875,6.885000228881836,100
117496.25200000001,0.21970851719379425,8.243033409118652,344.78167724609375,0.011132151819765568,0.07832079380750656,0.5974570512771606,1658,1436,1433,1657,6.330585956573486,-1.6856201887130737,-0.06686089187860489,0,0,29.93035888671875,6.623000144958496,100
117596.25200000001,-0.13694146275520325,8.82101058959961,344.7950439453125,0.00887729786336422,0.08010311424732208,0.60332190990448,1466,1641,1639,1466,6.0575056076049805,-1.6104309558868408,-0.04878580942749977,0,0,29.93914794921875,6.332000255584717,100
117696.25200000001,0.3441301882266998,8.981042861938477,344.7955017089844,0.008473520167171955,0.0815947875380516,0.6240929365158081,1639,1465,1461,1639,5.91314697265625,-1.574448585510254,-0.04221823066473007,0,0,29.94793701171875,6.332000255584717,100
117796.25200000001,-0.2753216624259949,9.029388427734375,344.7882080078125,0.008296220563352108,0.08239693194627762,0.6366882920265198,1599,1522,1519,1598,5.769554615020752,-1.5383384227752686,-0.03448967635631561,0,0,29.94793701171875,6.026000499725342,100
117896.25200000001,-0.5130689740180969,9.056795120239258,344.79669189453125,0.007751787547022104,0.08016465604305267,0.6291965246200562,1435,1660,1658,1435,5.622592926025391,-1.4973647594451904,-0.0353354886174202,0,0,29.94793701171875,6.026000499725342,100
117996.25200000001,0.18663474917411804,9.004402160644531,344.8044128417969,0.008182574063539505,0.0820702463388443,0.6020807027816772,1575,1548,1546,1576,5.479231834411621,-1.4597846269607544,-0.023453636094927788,0,0,29.96258544921875,5.716000080108643,100
118096.25200000001,0.08231446146965028,8.940546989440918,344.7899169921875,0.009998854249715805,0.07909918576478958,0.5956628918647766,1657,1442,1440,1656,5.330661773681641,-1.4241856336593628,-0.030938291922211647,0,0,29.96258544921875,5.716000080108643,100
118196.25200000001,-0.5637549757957458,8.830412864685059,344.7945861816406,0.008884073235094547,0.0806472972035408,0.578758955001831,1505,1612,1611,1504,5.189105987548828,-1.38666570186615,-0.02049947902560234,0,0,29.96258544921875,5.408000469207764,100
118296.25200000001,-0.2313104271888733,8.740379333496094,344.7987976074219,0.00977322831749916,0.07822197675704956,0.5922633409500122,1473,1639,1638,1472,5.045423984527588,-1.3475466966629028,-0.023230595514178276,0,0,29.96258544921875,5.408000469207764,100
118396.25200000001,0.21637798845767975,8.596870422363281,344.80145263671875,0.011536883190274239,0.07973496615886688,0.5916191339492798,1640,1469,1466,1641,4.903851509094238,-1.3132678270339966,-0.020707042887806892,0,0,29.96258544921875,5.408000469207764,100
118496.25200000001,-0.34233230352401733,8.431839942932129,344.79046630859375,0.011188985779881477,0.0789594054222107,0.6006469130516052,1602,1520,1518,1601,4.763677597045898,-1.2791972160339355,-0.019450966268777847,0,0,29.97137451171875,5.107000350952148,100
118596.25200000001,-0.5849030613899231,8.28445053100586,344.7955627441406,0.01125960610806942,0.07650748640298843,0.5853339433670044,1448,1657,1656,1446,4.627467632293701,-1.2421537637710571,-0.019359663128852844,0,0,29.97137451171875,5.107000350952148,100
118696.25200000001,0.060442060232162476,8.154439926147461,344.7903137207031,0.01300639845430851,0.07869437336921692,0.5883100628852844,1560,1565,1563,1558,4.492915630340576,-1.2077772617340088,-0.014726066030561924,0,0,29.97137451171875,4.816000461578369,100
118796.25200000001,0.08465536683797836,8.045160293579102,344.79107666015625,0.0136950658634305,0.07374933362007141,0.5780436396598816,1657,1447,1445,1657,4.358813762664795,-1.176157832145691,-0.019942928105592728,0,0,29.97137451171875,4.816000461578369,100
118896.25200000001,-0.5407240986824036,7.953796863555908,344.7878723144531,0.012154093943536282,0.07751516252756119,0.5640988945960999,1529,1592,1591,1528,4.227950572967529,-1.1422039270401,-0.014331236481666565,0,0,29.97137451171875,4.534000396728516,100
118996.25200000001,-0.3486260771751404,7.877795696258545,344.7765808105469,0.012612339109182358,0.07428217679262161,0.5665536522865295,1461,1651,1650,1458,4.098916530609131,-1.106294870376587,-0.014207855798304081,0,0,29.98065185546875,4.534000396728516,100
119096.25200000001,0.21603435277938843,7.874056816101074,344.7795715332031,0.0133756622672081,0.07738122344017029,0.5703496336936951,1615,1501,1499,1613,3.9691412448883057,-1.0739365816116333,-0.012957077473402023,0,0,29.98065185546875,4.258000373840332,100
119196.25200000001,-0.15833990275859833,7.856196880340576,344.78790283203125,0.012324837036430836,0.07443661987781525,0.5795848965644836,1632,1486,1484,1631,3.8392906188964844,-1.04234778881073,-0.01598350703716278,0,0,29.98065185546875,4.258000373840332,100
119296.25200000001,-0.6174819469451904,7.864858150482178,344.79290771484375,0.010604810900986195,0.07682190090417862,0.5552014112472534,1476,1640,1639,1474,3.7116007804870605,-1.0078625679016113,-0.004216724541038275,0,0,29.98065185546875,3.9860002994537354,100
119396.25200000001,-0.1502886712551117,7.891608715057373,344.7810974121094,0.011131463572382927,0.07518456131219864,0.5608211755752563,1507,1613,1612,1504,3.5811617374420166,-0.9727696776390076,-0.014091292396187782,0,0,29.98065185546875,3.9860002994537354,100
119496.25200000001,0.15983517467975616,7.96475076675415,344.7892150878906,0.010546699166297913,0.0759163573384285,0.5705691576004028,1652,1460,1457,1651,3.4508442878723145,-0.9417862296104431,-0.0057620517909526825,0,0,29.98065185546875,3.7140002250671387,100
119596.25200000001,-0.42067641019821167,8.03199577331543,344.795654296875,0.009637139737606049,0.07673639804124832,0.5875273942947388,1582,1545,1544,1580,3.318862199783325,-0.9086852073669434,-0.0074642254039645195,0,0,29.98065185546875,3.7140002250671387,100
119696.25200000001,-0.531705915927887,8.136362075805664,344.8002014160156,0.009173762053251266,0.07453307509422302,0.5620949864387512,1452,1658,1658,1450,3.186483860015869,-0.8723126649856567,-0.0034163605887442827,0,0,29.98065185546875,3.438000202178955,100
119796.25200000001,0.08697816729545593,8.251044273376465,344.78717041015625,0.008906696923077106,0.07717697322368622,0.5520448684692383,1568,1556,1555,1566,3.050875425338745,-0.8369465470314026,-0.007589919026941061,0,0,29.98065185546875,3.438000202178955,100
119896.25200000001,0.06616780906915665,8.393868446350098,344.79534912109375,0.008035079576075077,0.07313549518585205,0.5620352029800415,1656,1457,1455,1655,2.912919759750366,-0.8036238551139832,-0.0055121807381510735,0,0,29.98944091796875,3.1560001373291016,100
119996.25200000001,-0.5157548189163208,8.537806510925293,344.79290771484375,0.007461728062480688,0.0762835219502449,0.5417467355728149,1530,1595,1594,1529,2.774001121520996,-0.7667120099067688,-0.0011727191740646958,0,0,29.98944091796875,3.1560001373291016,100
120096.25200000001,-0.3477829694747925,8.71992015838623,344.79705810546875,0.007225759793072939,0.07457926124334335,0.5758144855499268,1465,1651,1650,1463,2.629793167114258,-0.7266200184822083,-0.0045633804984390736,0,0,29.98944091796875,2.864000082015991,100
120196.25200000001,-0.3477829694747925,8.71992015838623,344.79705810546875,0.007225759793072939,0.07457926124334335,0.5758144855499268,1465,1651,1650,1463,2.629793167114258,-0.7266200184822083,-0.0045633804984390736,0,0,29.98944091796875,2.864000082015991,100
120296.25200000001,0.22633132338523865,8.943909645080566,344.8062438964844,0.007718183565884829,0.07669243216514587,0.5384884476661682,1621,1503,1502,1620,2.484841823577881,-0.6895694136619568,0.0038361786864697933,0,0,29.98944091796875,2.561000108718872,100
120396.25200000001,-0.10804528743028641,9.208803176879883,344.80499267578125,0.007768766488879919,0.07358511537313461,0.5528771281242371,1636,1484,1483,1635,2.3322997093200684,-0.6516414880752563,-0.004572015255689621,0,0,29.98944091796875,2.561000108718872,100
120496.25200000001,-0.5188251733779907,9.51012134552002,344.80804443359375,0.007250474765896797,0.07408137619495392,0.546075701713562,1483,1637,1636,1481,2.1786136627197266,-0.6093063354492188,0.0004590839671436697,0,0,29.98944091796875,2.242000102996826,100
120596.25200000001,-1.2956576347351074,9.91917610168457,343.7733459472656,0.007167526055127382,0.07343554496765137,0.5541916489601135,1646,1447,1471,1666,1.850132703781128,-0.5323222875595093,0.0032631184440106153,0,0,29.98944091796875,1.90500009059906,100
120696.25200000001,-4.840454578399658,9.427245140075684,341.093994140625,0.010271003469824791,0.07352520525455475,0.5419901013374329,1576,1507,1559,1613,1.6721184253692627,-0.5329923033714294,-0.0054678176529705524,0,0,29.98944091796875,1.90500009059906,100
120796.25200000001,-8.749913215637207,8.163508415222168,336.366455078125,0.012515224516391754,0.07120844721794128,0.526902973651886,1425,1627,1671,1518,1.4911606311798096,-0.5815675258636475,0.0007086186087690294,0,0,29.98944091796875,1.5860000848770142,100
120896.25200000001,-11.887886047363281,5.835329532623291,331.1777648925781,0.010993041098117828,0.07098352164030075,0.515329897403717,1515,1551,1600,1597,1.302228569984436,-0.6885675191879272,-0.003464475506916642,0,0,29.98944091796875,1.5860000848770142,100
120996.25200000001,-14.37182903289795,2.514321088790893,326.06256103515625,0.0126046659424901,0.06781106442213058,0.4984284043312073,1625,1430,1515,1679,1.1171879768371582,-0.8546424508094788,-0.0008908796589821577,0,0,29.98944091796875,1.3990000486373901,100
121096.25200000001,-15.852569580078125,-0.6500520706176758,320.9232482910156,0.009664242155849934,0.06782642006874084,0.4849451184272766,1561,1515,1593,1614,0.9451996088027954,-1.0617612600326538,-0.00024834947544150054,0,0,29.98944091796875,1.3990000486373901,100
121196.25200000001,-15.999655723571777,-3.319721221923828,315.4845886230469,0.007931132800877094,0.0650956854224205,0.46513503789901733,1443,1623,1676,1523,0.7896917462348938,-1.2893729209899902,0.0029328030068427324,0,0,29.98944091796875,1.496000051498413,100
121296.25200000001,-14.989513397216797,-5.575503349304199,309.9571533203125,0.00816934835165739,0.0654619112610817,0.46256378293037415,1522,1562,1617,1595,0.6440568566322327,-1.5294115543365479,0.003694365033879876,0,0,29.98944091796875,1.496000051498413,100
121396.25200000001,-13.89634895324707,-7.583832740783691,304.19000244140625,0.009390429593622684,0.06312292814254761,0.4454480707645416,1626,1448,1527,1676,0.506668210029602,-1.771971583366394,0.008148557506501675,0,0,29.98944091796875,1.496000051498413,100
121496.25200000001,-13.182342529296875,-9.372696876525879,298.3893737792969,0.009774904698133469,0.06355486065149307,0.44045230746269226,1578,1510,1584,1628,0.3772670030593872,-2.0184128284454346,0.007419130764901638,0,0,29.98944091796875,1.8300000429153442,100
121596.25200000001,-11.956207275390625,-10.938043594360352,292.4213562011719,0.010985692031681538,0.062046341598033905,0.4293220043182373,1466,1618,1669,1540,0.2589738368988037,-2.2631542682647705,0.012823044322431087,0,0,29.98944091796875,1.8300000429153442,100
121696.25200000001,-10.080098152160645,-12.308868408203125,286.41534423828125,0.011999075300991535,0.06084927171468735,0.4159429371356964,1502,1590,1637,1575,0.14615461230278015,-2.5134453773498535,0.008205671794712543,0,0,29.98944091796875,2.2780001163482666,100
121796.25200000001,-8.088299751281738,-13.416101455688477,280.265625,0.012292644940316677,0.06131255626678467,0.40529751777648926,1611,1479,1545,1663,0.03857489302754401,-2.7611472606658936,0.014079764485359192,0,0,29.98944091796875,2.2780001163482666,100
121896.25200000001,-6.803253650665283,-14.159637451171875,274.9808349609375,0.01200336217880249,0.05953642725944519,0.4009692966938019,1619,1501,1542,1647,-0.0638444945216179,-3.0122344493865967,0.01007873471826315,0,0,29.98065185546875,2.7740001678466797,100
121996.25200000001,-5.940166473388672,-14.513322830200195,271.251953125,0.012252424843609333,0.06106478348374367,0.3996070325374603,1527,1613,1631,1547,-0.15867123007774353,-3.2591872215270996,0.016728971153497696,0,0,29.98065185546875,2.7740001678466797,100
122096.25200000001,-4.876985549926758,-14.705307960510254,268.5511474609375,0.01230577938258648,0.057857695966959,0.40714606642723083,1507,1641,1649,1518,-0.24926342070102692,-3.508789300918579,0.013620219193398952,0,0,29.98065185546875,3.2890002727508545,100
122196.25200000001,-3.7349188327789307,-14.74624252319336,266.50726318359375,0.013502356596291065,0.06009265035390854,0.40230822563171387,1603,1558,1560,1606,-0.33762943744659424,-3.7548608779907227,0.015565457753837109,0,0,29.98065185546875,3.2890002727508545,100
122296.25200000001,-3.160369396209717,-14.74577808380127,264.9341125488281,0.015236737206578255,0.057484954595565796,0.401700884103775,1651,1511,1508,1650,-0.4227364957332611,-4.000597953796387,0.013889198191463947,0,0,29.98065185546875,3.807000160217285,100
122396.25200000001,-2.97745418548584,-14.689891815185547,263.69085693359375,0.016482364386320114,0.059339601546525955,0.39997148513793945,1588,1585,1578,1584,-0.5028586983680725,-4.244425296783447,0.010886120609939098,0,0,29.98065185546875,3.807000160217285,100
122496.25200000001,-2.600660800933838,-14.634178161621094,262.73095703125,0.01733109913766384,0.05770368129014969,0.3882823586463928,1517,1654,1647,1508,-0.5762543082237244,-4.4861369132995605,0.01335034891963005,0,0,29.97137451171875,4.321000099182129,100
122596.25200000001,-1.9481409788131714,-14.556580543518066,261.956298828125,0.01946883648633957,0.058419324457645416,0.38031354546546936,1557,1621,1613,1548,-0.6483420133590698,-4.727941513061523,0.007658843416720629,0,0,29.97137451171875,4.321000099182129,100
122696.25200000001,-1.3381364345550537,-14.482748985290527,261.3169860839844,0.018951717764139175,0.05962317809462547,0.36850041151046753,1639,1539,1527,1630,-0.7176137566566467,-4.966331481933594,0.010187567211687565,0,0,29.97137451171875,4.828999996185303,100
122796.25200000001,-1.2411147356033325,-14.406408309936523,260.7946472167969,0.0224158875644207,0.05616459250450134,0.3683481812477112,1643,1538,1524,1634,-0.7839999794960022,-5.2051191329956055,0.005319767631590366,0,0,29.97137451171875,4.828999996185303,100
122896.25200000001,-1.3432286977767944,-14.350634574890137,260.37744140625,0.022491805255413055,0.05994069576263428,0.35212820768356323,1567,1619,1607,1555,-0.8455803990364075,-5.4415154457092285,0.007853071205317974,0,0,29.97137451171875,5.330000400543213,100
122996.25200000001,-1.0943489074707031,-14.282626152038574,260.02972412109375,0.023333840072155,0.058252450078725815,0.368781715631485,1523,1658,1647,1508,-0.9053135514259338,-5.681056499481201,0.0028560215141624212,0,0,29.97137451171875,5.330000400543213,100
123096.25200000001,-1.0943489074707031,-14.282626152038574,260.02972412109375,0.023333840072155,0.058252450078725815,0.368781715631485,1523,1658,1647,1508,-0.9053135514259338,-5.681056499481201,0.0028560215141624212,0,0,29.97137451171875,5.824000358581543,100
123196.25200000001,-0.5634820461273193,-14.233105659484863,259.7483825683594,0.022647244855761528,0.05903032422065735,0.3690163195133209,1589,1603,1593,1575,-0.9625122547149658,-5.915737628936768,0.00420847674831748,0,0,29.96258544921875,5.824000358581543,100
123296.25200000001,-0.2821948230266571,-14.122583389282227,259.54388427734375,0.025176363065838814,0.05995044484734535,0.35522109270095825,1649,1536,1521,1639,-1.0200926065444946,-6.154802322387695,0.0027086129412055016,0,0,29.96258544921875,6.312000274658203,100
123396.25200000001,-0.4176470935344696,-13.750853538513184,259.40240478515625,0.027027517557144165,0.05883888527750969,0.3541008532047272,1636,1551,1548,1620,-1.074623703956604,-6.390100955963135,-0.002242114394903183,0,0,29.96258544921875,6.312000274658203,100
123496.25200000001,-0.5762125253677368,-11.965377807617188,259.23016357421875,0.03634931147098541,0.056252382695674896,0.34753262996673584,1566,1618,1615,1542,-1.124632716178894,-6.611423969268799,-0.00762268016114831,0,0,29.96258544921875,6.755000114440918,100
123596.25200000001,-0.09576336294412613,-5.233043193817139,259.03857421875,0.02046002633869648,0.06233784928917885,0.38371071219444275,1560,1597,1590,1542,-1.192781686782837,-6.909224510192871,-0.04130999743938446,0,0,29.97137451171875,7.0420002937316895,100
123696.25200000001,0.21392756700515747,-1.5622113943099976,259.00201416015625,0.02116716094315052,0.06616268306970596,0.44244539737701416,1643,1492,1481,1631,-1.209090232849121,-6.9644775390625,-0.047829583287239075,0,0,29.97137451171875,7.0420002937316895,100
123796.25200000001,-0.057328954339027405,1.6634587049484253,258.96453857421875,0.018807288259267807,0.0693853497505188,0.4802929759025574,1621,1509,1492,1616,-1.2134722471237183,-6.9623122215271,-0.06003407761454582,0,0,29.97137451171875,7.1010003089904785,100
123896.25200000001,-0.47082033753395086,3.9274516105651855,258.9635925292969,0.013051271438598633,0.07461296766996384,0.5194342136383057,1480,1639,1628,1471,-1.20515775680542,-6.914076328277588,-0.05616602301597595,0,0,29.98065185546875,7.1010003089904785,100
123996.25200000001,-0.02376720681786537,5.416518688201904,258.93658447265625,0.015678564086556435,0.07527154684066772,0.5908989310264587,1509,1616,1606,1498,-1.1910045146942139,-6.8366007804870605,-0.05764327570796013,0,0,29.98065185546875,6.9800004959106445,100
124096.25200000001,0.26827067136764526,6.451299667358398,258.91522216796875,0.012749895453453064,0.07818832993507385,0.5851993560791016,1653,1459,1443,1646,-1.1765823364257812,-6.73781156539917,-0.04525035619735718,0,0,29.98944091796875,6.9800004959106445,100
124196.25200000001,-0.3941970765590668,7.19846248626709,258.8782653808594,0.012552262283861637,0.08058511465787888,0.6021088361740112,1587,1537,1523,1578,-1.1595439910888672,-6.62523889541626,-0.0438753142952919,0,0,29.98944091796875,6.765000343322754,100
124296.25200000001,-0.5139214396476746,7.750392913818359,258.88775634765625,0.01358290296047926,0.07778683304786682,0.6172041296958923,1445,1665,1656,1432,-1.1365288496017456,-6.502044677734375,-0.0331951379776001,0,0,30.00115966796875,6.765000343322754,100
124396.25200000001,0.1448298841714859,8.093989372253418,258.87774658203125,0.012006793171167374,0.08239511400461197,0.6077946424484253,1583,1539,1529,1573,-1.1152323484420776,-6.370907783508301,-0.024132534861564636,0,0,30.00115966796875,6.765000343322754,100
124496.25200000001,-0.07731426507234573,8.310647964477539,258.873779296875,0.013646935112774372,0.07890042662620544,0.6102701425552368,1653,1457,1442,1647,-1.0954194068908691,-6.232851505279541,-0.023445209488272667,0,0,30.00115966796875,6.502000331878662,100
124596.25200000001,-0.6979272365570068,8.39318561553955,258.861572265625,0.014315453357994556,0.08203159272670746,0.6196253299713135,1491,1626,1616,1480,-1.0718187093734741,-6.095566272735596,-0.009548934176564217,0,0,30.00115966796875,6.502000331878662,100
124696.25200000001,-0.2263086438179016,8.428642272949219,258.85009765625,0.013053419068455696,0.08057177811861038,0.6296437978744507,1500,1625,1617,1486,-1.0468240976333618,-5.955341815948486,-0.007117506116628647,0,0,30.00115966796875,6.220000267028809,100
124796.25200000001,0.13268718123435974,8.410294532775879,258.861572265625,0.014246144331991673,0.08215291053056717,0.6346418857574463,1657,1451,1437,1650,-1.0265581607818604,-5.81591796875,0.0011417287169024348,0,0,30.00994873046875,6.220000267028809,100
124896.25200000001,-0.597923994064331,8.370447158813477,258.83892822265625,0.014617672190070152,0.0816958025097847,0.6256496906280518,1572,1560,1547,1565,-1.0051772594451904,-5.676164627075195,0.006537139415740967,0,0,30.00115966796875,5.932000160217285,100
124996.25200000001,-0.6715415120124817,8.281540870666504,258.8500671386719,0.013969694264233112,0.07883716374635696,0.6020931005477905,1440,1666,1658,1426,-0.9805145859718323,-5.53730583190918,0.003606532234698534,0,0,30.00115966796875,5.932000160217285,100
125096.25200000001,-0.003465683665126562,8.204989433288574,258.8404541015625,0.012671606615185738,0.08187878876924515,0.5907840728759766,1602,1528,1517,1593,-0.9597609043121338,-5.40068244934082,0.013346497900784016,0,0,30.00115966796875,5.646000385284424,100
125196.25200000001,-0.2521335482597351,8.101055145263672,258.8502502441406,0.014285119250416756,0.07854986190795898,0.5961776971817017,1653,1463,1451,1645,-0.9412480592727661,-5.263789176940918,0.009183764457702637,0,0,30.00115966796875,5.646000385284424,100
125296.25200000001,-0.7761538624763489,8.009814262390137,258.8622131347656,0.013038207776844501,0.0798158273100853,0.5952084064483643,1488,1633,1624,1477,-0.9192469120025635,-5.129430294036865,0.01053711399435997,0,0,30.00115966796875,5.363000392913818,100
125396.25200000001,-0.33194130659103394,7.899488925933838,258.84893798828125,0.012065394781529903,0.07817626744508743,0.5997411608695984,1502,1626,1618,1489,-0.8970604538917542,-4.997135162353516,0.009776412509381771,0,0,30.00115966796875,5.363000392913818,100
125496.25200000001,0.04834515601396561,7.834537982940674,258.8641357421875,0.01318475790321827,0.0777212381362915,0.5937021970748901,1654,1460,1448,1646,-0.8791285157203674,-4.865261554718018,0.012512993067502975,0,0,30.00115966796875,5.087000370025635,100
125596.25200000001,-0.5617765784263611,7.76793098449707,258.8700256347656,0.013008383102715015,0.07842011004686356,0.616521418094635,1587,1547,1535,1579,-0.86026531457901,-4.7347283363342285,0.009746842086315155,0,0,30.00115966796875,5.087000370025635,100
125696.25200000001,-0.6974630951881409,7.7063493728637695,258.87774658203125,0.010700968094170094,0.07684355974197388,0.5936057567596436,1448,1666,1658,1435,-0.8380748629570007,-4.606011867523193,0.013094187714159489,0,0,30.00115966796875,4.816000461578369,100
125796.25200000001,-0.033606212586164474,7.660543441772461,258.87652587890625,0.010279860347509384,0.07914043217897415,0.5797908306121826,1571,1558,1549,1561,-0.8178611397743225,-4.476860046386719,0.006443083751946687,0,0,30.00115966796875,4.816000461578369,100
125896.25200000001,-0.07836506515741348,7.651845932006836,258.90191650390625,0.011752915568649769,0.07508549094200134,0.5961140990257263,1659,1460,1448,1652,-0.8000933527946472,-4.348339557647705,0.007057492621243,0,0,30.00115966796875,4.550000190734863,100
125996.25200000001,-0.5866484642028809,7.641071319580078,258.9082946777344,0.009712902829051018,0.07831686735153198,0.5556533932685852,1528,1599,1591,1519,-0.7785995602607727,-4.219228267669678,0.00596232246607542,0,0,30.00115966796875,4.550000190734863,100
126096.25200000001,-0.5866484642028809,7.641071319580078,258.9082946777344,0.009712902829051018,0.07831686735153198,0.5556533932685852,1528,1599,1591,1519,-0.7785995602607727,-4.219228267669678,0.00596232246607542,0,0,30.00115966796875,4.285000324249268,100
126196.25200000001,-0.3742382228374481,7.6531267166137695,258.92352294921875,0.00804542563855648,0.07464135438203812,0.5901819467544556,1472,1651,1644,1460,-0.754439651966095,-4.091498851776123,0.004274480510503054,0,0,29.98944091796875,4.285000324249268,100
126296.25200000001,0.1370159238576889,7.711854457855225,258.92449951171875,0.009677496738731861,0.077082559466362,0.5528500080108643,1622,1503,1494,1614,-0.7340173125267029,-3.963972330093384,0.006951929535716772,0,0,29.98944091796875,4.019000053405762,100
126396.25200000001,-0.218300461769104,7.797203540802002,258.9314880371094,0.009155006147921085,0.07466678321361542,0.5612686276435852,1637,1485,1473,1631,-0.7143562436103821,-3.832813262939453,0.0005188672221265733,0,0,29.98944091796875,4.019000053405762,100
126496.25200000001,-0.15570233762264252,8.00041389465332,258.9555969238281,0.0070068128407001495,0.07438907772302628,0.5796929001808167,1514,1617,1610,1504,-0.6665306687355042,-3.5691120624542236,0.00017832909361459315,0,0,29.98944091796875,3.749000072479248,100
126596.25200000001,0.20973584055900574,8.11284065246582,258.9696044921875,0.008309781551361084,0.07490181922912598,0.5644670724868774,1650,1467,1457,1644,-0.645171582698822,-3.434324026107788,0.0032256441190838814,0,0,29.98944091796875,3.4730000495910645,100
126696.25200000001,-0.32417231798171997,8.235870361328125,258.9778747558594,0.007588394917547703,0.07591303437948227,0.5704373717308044,1598,1534,1526,1591,-0.6218202710151672,-3.2965404987335205,0.0015130770625546575,0,0,29.98944091796875,3.4730000495910645,100
126796.25200000001,-0.5160020589828491,8.365999221801758,259.002685546875,0.005645971279591322,0.07389181107282639,0.5691564679145813,1457,1658,1653,1447,-0.5948117971420288,-3.1575968265533447,0.00123740138951689,0,0,29.98944091796875,3.190000057220459,100
126896.25200000001,0.11599065363407135,8.50927448272705,259.00042724609375,0.005999499466270208,0.07656014710664749,0.5663947463035583,1566,1569,1562,1558,-0.5687593817710876,-3.0159549713134766,0.0025137050542980433,0,0,29.98944091796875,3.190000057220459,100
126996.25200000001,0.16901515424251556,8.664206504821777,259.00885009765625,0.0065950374118983746,0.07323969155550003,0.5553421378135681,1661,1457,1447,1655,-0.5447424650192261,-2.871096611022949,0.002421524142846465,0,0,29.98944091796875,2.8970000743865967,100
127096.25200000001,-0.4351712465286255,8.841252326965332,259.01776123046875,0.006582153961062431,0.07644255459308624,0.5513277053833008,1542,1589,1582,1535,-0.5171733498573303,-2.7237179279327393,0.002606184920296073,0,0,29.98944091796875,2.8970000743865967,100
127196.25200000001,-0.27864453196525574,9.037713050842285,259.0362548828125,0.005664989352226257,0.07246410101652145,0.5549606680870056,1467,1654,1650,1457,-0.486694872379303,-2.5730812549591064,-0.0006797446985729043,0,0,29.98944091796875,2.5920000076293945,100
127296.25200000001,0.28768765926361084,9.274259567260742,259.040283203125,0.005022507160902023,0.07531796395778656,0.5416696071624756,1618,1514,1506,1612,-0.458732008934021,-2.419726848602295,0.0064118546433746815,0,0,29.98944091796875,2.5920000076293945,100
127396.25200000001,0.021032385528087616,9.538063049316406,259.044189453125,0.004997524432837963,0.07206663489341736,0.5432541966438293,1642,1483,1474,1636,-0.4306321144104004,-2.2596311569213867,-0.001841814606450498,0,0,29.98944091796875,2.5920000076293945,100
127496.25200000001,-0.4047137498855591,9.870933532714844,259.05950927734375,0.005526256747543812,0.07451968640089035,0.5419939160346985,1499,1629,1624,1490,-0.3980056047439575,-2.0973048210144043,0.002754425862804055,0,0,29.98944091796875,2.2710001468658447,100
127596.25200000001,-0.02651815488934517,10.272917747497559,259.06243896484375,0.005698211491107941,0.07232027500867844,0.5530341863632202,1505,1628,1622,1496,-0.36319810152053833,-1.9272760152816772,-0.0025091900024563074,0,0,29.98944091796875,2.2710001468658447,100
127696.25200000001,0.33517512679100037,10.604230880737305,259.05511474609375,0.004477420821785927,0.07375728338956833,0.5403008460998535,1645,1481,1471,1640,-0.33144721388816833,-1.7520396709442139,0.0045601068995893,0,0,29.98944091796875,1.9300000667572021,100
127796.25200000001,-0.15192310512065882,10.721653938293457,259.0529479980469,0.004881243221461773,0.07267255336046219,0.5420660972595215,1612,1522,1512,1607,-0.29857081174850464,-1.5703657865524292,-0.004084554500877857,0,0,29.98944091796875,1.9300000667572021,100
127896.25200000001,-0.4161306917667389,10.60683536529541,259.084228515625,0.005552159156650305,0.07278408855199814,0.5490519404411316,1469,1655,1649,1464,-0.26245933771133423,-1.3922861814498901,0.0031119217164814472,0,0,29.98944091796875,1.5690001249313354,100
127996.25200000001,0.15839457511901855,10.274134635925293,259.09442138671875,0.0062984200194478035,0.07319871336221695,0.5597975850105286,1552,1589,1582,1547,-0.22798874974250793,-1.2169723510742188,0.0024108467623591423,0,0,29.98944091796875,1.5690001249313354,100
128096.25200000001,0.2973114252090454,9.784174919128418,259.09326171875,0.0069947624579072,0.07104026526212692,0.5445372462272644,1658,1467,1456,1654,-0.197610005736351,-1.0486522912979126,0.0037719248794019222,0,0,29.98944091796875,1.2090001106262207,100
128196.25200000001,-0.25812000036239624,9.167491912841797,259.1000671386719,0.006699622608721256,0.07292688637971878,0.5364782214164734,1574,1563,1556,1569,-0.1675172746181488,-0.8898830413818359,0.0011117226677015424,0,0,29.98944091796875,1.2090001106262207,100
128296.25200000001,-0.3170793950557709,8.474342346191406,259.1208801269531,0.005697119049727917,0.07060113549232483,0.522274374961853,1464,1659,1654,1457,-0.13695856928825378,-0.7436057925224304,0.0032231216318905354,0,0,29.98944091796875,0.8770000338554382,100
128396.25200000001,0.2382548600435257,7.727363109588623,259.1288757324219,0.006114158313721418,0.07204723358154297,0.5198764801025391,1576,1562,1556,1571,-0.11118118464946747,-0.6092697978019714,0.0040385234169662,0,0,29.98944091796875,0.8770000338554382,100
128496.25200000001,0.25885289907455444,6.948937892913818,259.1339416503906,0.007360165007412434,0.069022037088871,0.5196510553359985,1655,1467,1458,1652,-0.08969545364379883,-0.48706915974617004,0.0009850695496425037,0,0,29.98944091796875,0.5890000462532043,100
128596.25200000001,-0.2553476095199585,6.156228065490723,259.1390686035156,0.0072454893961548805,0.07151676714420319,0.5108756422996521,1555,1580,1574,1551,-0.0689219981431961,-0.37919095158576965,0.001785453176125884,0,0,29.98944091796875,0.5890000462532043,100
128696.25200000001,-0.24379181861877441,5.382903575897217,259.143310546875,0.00671067601069808,0.06842543929815292,0.5143054127693176,1467,1656,1651,1459,-0.04804239049553871,-0.284682959318161,0.00009818659600568957,0,0,29.98944091796875,0.3540000021457672,100
128796.25200000001,0.29113540053367615,4.640679359436035,259.14892578125,0.005896151531487703,0.07196430116891861,0.5093183517456055,1588,1550,1544,1582,-0.032181818038225174,-0.20283420383930206,0.0045272670686244965,0,0,29.98944091796875,0.3540000021457672,100
128896.25200000001,0.22291246056556702,3.9245824813842773,259.16204833984375,0.007121520582586527,0.06852974742650986,0.5131261348724365,1653,1470,1462,1649,-0.02053617499768734,-0.1323312520980835,-0.00005571885048993863,0,0,29.98944091796875,0.1720000058412552,100
128996.25200000001,-0.3044169247150421,3.26039981842041,259.1750183105469,0.0069941990077495575,0.07149264216423035,0.5014774203300476,1541,1594,1589,1536,-0.009179073385894299,-0.07396240532398224,0.0037904593627899885,0,0,29.98944091796875,0.1720000058412552,100
129096.25200000001,-0.17575132846832275,2.642824649810791,259.18670654296875,0.0070237708278000355,0.06823550909757614,0.5126590728759766,1471,1653,1649,1465,0.002393297618255019,-0.02640470117330551,0.0007428712560795248,0,0,29.98944091796875,0.04200000315904617,100
129196.25200000001,0.3554287254810333,2.0895743370056152,259.19097900390625,0.005661787465214729,0.0717179924249649,0.499554306268692,1602,1531,1526,1598,0.009248914197087288,0.011825126595795155,0.0035054718609899282,0,0,29.98944091796875,0.04200000315904617,100
129296.25200000001,0.1948750615119934,1.5865124464035034,259.19464111328125,0.005558275617659092,0.06926363706588745,0.5008943676948547,1648,1477,1469,1644,0.013478139415383339,0.041467998176813126,-0.0016890460392460227,0,0,29.98944091796875,0.04800000041723251,100
129396.25200000001,-0.2854187786579132,1.1546605825424194,259.2097473144531,0.005482192616909742,0.07115499675273895,0.4934267997741699,1526,1605,1601,1521,0.018955770879983902,0.06301328539848328,-0.0005277653690427542,0,0,29.98944091796875,0.04800000041723251,100
129496.25200000001,-0.0733812153339386,0.7637017369270325,259.2082824707031,0.006531843449920416,0.06803639978170395,0.4943087100982666,1477,1646,1643,1470,0.025025470182299614,0.07730291783809662,-0.0057121338322758675,0,0,29.98944091796875,0.09800000488758087,100
129596.25200000001,0.42833492159843445,0.44888362288475037,259.2143859863281,0.007163753733038902,0.0712987408041954,0.4943367540836334,1610,1522,1517,1605,0.027175944298505783,0.08636551350355148,0.00013136085181031376,0,0,29.98944091796875,0.09800000488758087,100
129696.25200000001,0.2131190150976181,0.1723264455795288,259.22100830078125,0.006802126299589872,0.06847108155488968,0.49778053164482117,1644,1478,1472,1641,0.02735409326851368,0.09056977927684784,-0.007257463410496712,0,0,29.98944091796875,0.1210000067949295,100
129796.25200000001,-0.3101189136505127,-0.04063385725021362,259.2333679199219,0.0059735337272286415,0.071315236389637,0.5005677342414856,1519,1611,1607,1514,0.028846167027950287,0.0905841663479805,-0.001328477170318365,0,0,29.98944091796875,0.1210000067949295,100
129896.25200000001,-0.09528448432683945,-0.21138690412044525,259.237548828125,0.006169772706925869,0.06819165498018265,0.4905937910079956,1478,1643,1640,1473,0.03078193962574005,0.08697286248207092,-0.00805097259581089,0,0,29.98944091796875,0.12400000542402267,100
129996.25200000001,0.46095189452171326,-0.33858445286750793,259.2391357421875,0.006114752497524023,0.07098419964313507,0.4814772605895996,1616,1514,1510,1612,0.029490483924746513,0.08163882046937943,-0.0014041033573448667,0,0,29.98944091796875,0.12400000542402267,100
130096.25200000001,0.46095189452171326,-0.33858445286750793,259.2391357421875,0.006114752497524023,0.07098419964313507,0.4814772605895996,1616,1514,1510,1612,0.029490483924746513,0.08163882046937943,-0.0014041033573448667,0,0,29.98944091796875,0.1120000034570694,100
130196.25200000001,0.18523505330085754,-0.441696435213089,259.2554626464844,0.006489172112196684,0.06837552785873413,0.50685054063797,1640,1487,1482,1637,0.027916643768548965,0.07409659028053284,-0.0029476245399564505,0,0,29.98944091796875,0.1120000034570694,100
130296.25200000001,-0.27444034814834595,-0.5020725131034851,259.25115966796875,0.005587422754615545,0.07116680592298508,0.499373197555542,1509,1618,1614,1505,0.028252331539988518,0.06533307582139969,0.000040015238482737914,0,0,29.98944091796875,0.09300000220537186,100
130396.25200000001,-0.0011914949864149094,-0.5382707118988037,259.2547607421875,0.006130081135779619,0.06899166107177734,0.5027947425842285,1488,1638,1635,1482,0.029584776610136032,0.0550781674683094,-0.0047516487538814545,0,0,29.98944091796875,0.09300000220537186,100
130496.25200000001,0.44048255681991577,-0.5455676913261414,259.268310546875,0.006412664894014597,0.07118622958660126,0.5022819638252258,1622,1505,1502,1618,0.027063963934779167,0.045714475214481354,0.0008391764131374657,0,0,29.98944091796875,0.07000000029802322,100
130596.25200000001,0.10991860926151276,-0.5387113690376282,259.2754211425781,0.006327413488179445,0.06845740973949432,0.507858395576477,1636,1490,1486,1633,0.024098234251141548,0.03587591275572777,-0.004217505920678377,0,0,29.98944091796875,0.07000000029802322,100
130696.25200000001,-0.32030692696571356,-0.5133200883865356,259.2771301269531,0.0063051036559045315,0.07050629705190659,0.4959339499473572,1504,1621,1617,1501,0.023231590166687965,0.026293644681572914,-0.0010399924358353014,0,0,29.98944091796875,0.04700000211596489,100
130796.25200000001,0.009403111413121223,-0.4708978235721588,259.27667236328125,0.006590472999960184,0.06839832663536072,0.495364248752594,1491,1635,1632,1485,0.024133771657943726,0.01648235321044922,-0.005167244002223015,0,0,29.98944091796875,0.04700000211596489,100
130896.25200000001,0.4491691291332245,-0.4101469814777374,259.2825012207031,0.00625055655837059,0.07160095125436783,0.5055912733078003,1620,1505,1502,1617,0.021968264132738113,0.008429041132330894,0.0002894196950364858,0,0,29.98944091796875,0.027000000700354576,100
130996.25200000001,-0.2816399335861206,-0.2876788079738617,259.2812194824219,0.005641395691782236,0.071054607629776,0.4886193573474884,1509,1618,1614,1505,0.01977788843214512,-0.005718483589589596,0.0006791696650907397,0,0,29.98944091796875,0.013000000268220901,100
131096.252,-0.00043704506242647767,-0.23544679582118988,259.28955078125,0.00599953718483448,0.06831051409244537,0.5000624656677246,1486,1638,1635,1481,0.021502243354916573,-0.011883508414030075,-0.0031452151015400882,0,0,29.98944091796875,0.013000000268220901,100
131196.252,0.45435985922813416,-0.1648440659046173,259.300537109375,0.006095462013036013,0.07156763225793839,0.49698060750961304,1622,1505,1501,1619,0.019763076677918434,-0.016016609966754913,0.004460054449737071,0,0,29.98944091796875,0.013000000268220901,100
131296.252,0.16823755204677582,-0.10685785114765167,259.30401611328125,0.0061451587826013565,0.06796104460954666,0.4993208348751068,1637,1486,1482,1635,0.018200203776359558,-0.019487708806991577,-0.001993051730096341,0,0,29.98944091796875,0.013000000268220901,100
131396.252,-0.26489463448524475,-0.05035939812660218,259.31219482421875,0.006583202630281448,0.07042057067155838,0.48446911573410034,1511,1614,1612,1507,0.018947575241327286,-0.02213180437684059,0.0019130059517920017,0,0,29.98944091796875,0.01900000125169754,100
131496.252,-0.002638279227539897,0.00003817874312517233,259.31353759765625,0.006723453756421804,0.06812845915555954,0.5095722079277039,1484,1641,1639,1480,0.021402420476078987,-0.02452152594923973,0.002003107685595751,0,0,29.98944091796875,0.01900000125169754,100
131596.252,0.43771427869796753,0.04610985517501831,259.3221435546875,0.006082857493311167,0.0708594098687172,0.4972107708454132,1613,1512,1509,1611,0.02033274993300438,-0.025199376046657562,0.0028957026079297066,0,0,29.98944091796875,0.02500000037252903,100
131696.252,0.2063952386379242,0.08002272993326187,259.32073974609375,0.00626354431733489,0.06901760399341583,0.5117282867431641,1640,1483,1479,1639,0.019410818815231323,-0.02557542361319065,0.0008166520274244249,0,0,29.98944091796875,0.02500000037252903,100
131796.252,-0.23532535135746002,0.12017744034528732,259.3169250488281,0.006014541257172823,0.07128395885229111,0.4969870150089264,1509,1617,1614,1506,0.020978843793272972,-0.025576520711183548,0.004588599316775799,0,0,29.98944091796875,0.02800000086426735,100
131896.252,0.011288643814623356,0.14996325969696045,259.32659912109375,0.00584810134023428,0.06810236722230911,0.5053607225418091,1484,1640,1637,1481,0.02415201999247074,-0.02541438490152359,0.0003724485286511481,0,0,29.98944091796875,0.02800000086426735,100
131996.252,0.4515070021152496,0.17810815572738647,259.325927734375,0.005924867000430822,0.07073308527469635,0.49634596705436707,1614,1511,1508,1612,0.02330145612359047,-0.024020982906222343,0.0032047810964286327,0,0,29.98944091796875,0.029000001028180122,100
132096.252,0.20759619772434235,0.19909468293190002,259.3277587890625,0.0053360615856945515,0.06852040439844131,0.5088580846786499,1639,1485,1481,1637,0.022691430523991585,-0.022402124479413033,-0.00047008367255330086,0,0,29.98944091796875,0.029000001028180122,100
132196.252,-0.24935036897659302,0.22043301165103912,259.3279113769531,0.005283148493617773,0.07145792245864868,0.49281617999076843,1504,1623,1620,1502,0.02431383728981018,-0.020985588431358337,0.007931903004646301,0,0,29.98944091796875,0.02800000086426735,100
132296.252,0.07551760226488113,0.24054592847824097,259.3402404785156,0.006363346241414547,0.06900320947170258,0.5049756169319153,1491,1634,1632,1488,0.027836045250296593,-0.019348260015249252,0.00034495184081606567,0,0,29.98944091796875,0.02800000086426735,100
132396.252,0.5176753401756287,0.25167006254196167,259.3515930175781,0.006600996013730764,0.07126271724700928,0.5081793665885925,1626,1500,1497,1624,0.027422606945037842,-0.016954146325588226,0.005911858752369881,0,0,29.98944091796875,0.02500000037252903,100
132496.252,0.1664511263370514,0.26099079847335815,259.3474426269531,0.0066962107084691525,0.06908972561359406,0.5093769431114197,1630,1497,1493,1628,0.027668537572026253,-0.014446563087403774,-0.00014918459055479616,0,0,29.98944091796875,0.02500000037252903,100
132596.252,-0.2593890428543091,0.2592467665672302,259.35400390625,0.006679737474769354,0.07076750695705414,0.5233744382858276,1504,1622,1620,1500,0.029847463592886925,-0.012548018246889114,0.000663847487885505,0,0,29.98944091796875,0.02500000037252903,100
132696.252,-1.039695382118225,0.3430435359477997,259.35797119140625,0.008351253345608711,0.0679192915558815,0.4935513138771057,1492,1629,1629,1489,0.026398133486509323,-0.009095779620110989,-0.0047361720353364944,0,0,29.98944091796875,0.024000000208616257,100
132796.252,-3.0788307189941406,0.5493829846382141,259.3443298339844,0.008548137731850147,0.07069694995880127,0.4954436123371124,1624,1499,1498,1622,-0.010814771056175232,0.0029759088065475225,0.003817410208284855,0,0,29.98944091796875,0.024000000208616257,100
132896.252,-6.560990333557129,0.826113760471344,259.3087463378906,0.007789525669068098,0.0684429332613945,0.49251699447631836,1637,1486,1486,1636,-0.09690359234809875,0.02893779426813126,-0.0009009354980662465,0,0,29.98944091796875,0.07600000500679016,100
132996.252,-10.362527847290039,1.1140819787979126,259.2154541015625,0.008771484717726707,0.07050759345293045,0.5030534267425537,1505,1626,1625,1503,-0.23533892631530762,0.06933162361383438,0.006508415099233389,0,0,29.98944091796875,0.07600000500679016,100
133096.252,-13.314937591552734,1.3311824798583984,258.80267333984375,0.009443645365536213,0.06819857656955719,0.5153183937072754,1496,1624,1636,1523,-0.4304529130458832,0.12618432939052582,0.005458430852741003,0,0,29.98944091796875,0.3110000193119049,100
133196.252,-15.259061813354492,0.7758930921554565,256.3157958984375,0.00867250096052885,0.06780736893415451,0.48867371678352356,1623,1474,1527,1663,-0.6780990362167358,0.19701209664344788,0.011727496050298214,0,0,29.98944091796875,0.3110000193119049,100
133296.252,-16.433780670166016,-0.5913134813308716,251.65045166015625,0.009036296978592873,0.06371299177408218,0.46247848868370056,1600,1482,1563,1647,-0.9550801515579224,0.27633142471313477,0.0007397713488899171,0,0,29.98944091796875,0.7570000290870667,100
133396.252,-16.679128646850586,-2.1980931758880615,246.3226318359375,0.0078002819791436195,0.06421605497598648,0.44025787711143494,1474,1606,1663,1546,-1.2317280769348145,0.3536778688430786,0.003137921215966344,0,0,29.98944091796875,0.7570000290870667,100
133496.252,-15.984070777893066,-3.7922732830047607,240.85202026367188,0.006447223015129566,0.06125320866703987,0.42173439264297485,1478,1602,1653,1559,-1.510472297668457,0.43087121844291687,-0.004763217642903328,0,0,29.98944091796875,1.318000078201294,100
133596.252,-15.04632568359375,-5.373995304107666,235.2073974609375,0.008616803213953972,0.06255020946264267,0.41020306944847107,1592,1492,1561,1651,-1.783180594444275,0.5059494972229004,0.002532170852646231,0,0,29.98944091796875,1.318000078201294,100
133696.252,-14.473362922668457,-6.862239360809326,229.4599151611328,0.010330596007406712,0.05921231210231781,0.40910112857818604,1620,1460,1545,1667,-2.0562219619750977,0.5818092226982117,0.0012020295253023505,0,0,29.98944091796875,1.8920000791549683,100
133796.252,-13.965317726135254,-8.216934204101562,223.6173095703125,0.010421893559396267,0.06166909262537956,0.399405300617218,1522,1568,1633,1582,-2.3225021362304688,0.6545103192329407,0.006387148052453995,0,0,29.98944091796875,1.8920000791549683,100
133896.252,-12.841194152832031,-9.487083435058594,217.63864135742188,0.010540515184402466,0.05806052312254906,0.393521249294281,1463,1623,1671,1541,-2.586632251739502,0.7263301014900208,0.008128673769533634,0,0,29.98944091796875,2.453000068664551,100
133996.252,-11.282305717468262,-10.64687728881836,211.6638946533203,0.011355089955031872,0.0603891983628273,0.39635181427001953,1554,1545,1600,1617,-2.8481054306030273,0.7981727123260498,0.011036242358386517,0,0,29.98944091796875,2.453000068664551,100
134096.252,-9.91474437713623,-11.68492603302002,205.54722595214844,0.01215963251888752,0.058223798871040344,0.3911384642124176,1628,1462,1537,1674,-3.1073436737060547,0.8712894916534424,0.013442549854516983,0,0,29.98065185546875,3.002000093460083,100
134196.252,-8.881119728088379,-12.531636238098145,199.42185974121094,0.01267226692289114,0.05974019691348076,0.3947106599807739,1578,1525,1592,1625,-3.363370180130005,0.9424754977226257,0.011655089445412159,0,0,29.98065185546875,3.002000093460083,100
134296.252,-7.559108257293701,-13.227219581604004,193.2076416015625,0.015219531022012234,0.05875013396143913,0.38187670707702637,1486,1614,1663,1551,-3.614854574203491,1.0110944509506226,0.014877746812999249,0,0,29.98065185546875,3.5390002727508545,100
134396.252,-5.771968364715576,-13.77154541015625,187.0020294189453,0.01588919200003147,0.056995145976543427,0.3682030439376831,1500,1603,1647,1568,-3.8656790256500244,1.0793795585632324,0.01018975768238306,0,0,29.98065185546875,3.5390002727508545,100
134496.252,-3.9583871364593506,-14.189343452453613,180.72999572753906,0.014991442672908306,0.05821079760789871,0.3609257638454437,1600,1510,1567,1649,-4.11146879196167,1.1487306356430054,0.014937831088900566,0,0,29.98065185546875,4.063000202178955,100
134596.252,-2.463347911834717,-14.408356666564941,174.51028442382812,0.013133203610777855,0.05491434782743454,0.3554607033729553,1630,1487,1541,1661,-4.356842041015625,1.2185441255569458,0.009104736149311066,0,0,29.97137451171875,4.063000202178955,100
134696.252,-1.6726820468902588,-14.416641235351562,170.07908630371094,0.015813862904906273,0.0575777068734169,0.37039807438850403,1575,1578,1593,1589,-4.598599433898926,1.2857189178466797,0.008354779332876205,0,0,29.97137451171875,4.576000213623047,100
134796.252,-1.1629012823104858,-14.363350868225098,167.45274353027344,0.0191552322357893,0.05480204150080681,0.37678706645965576,1515,1650,1650,1514,-4.8369035720825195,1.3516255617141724,0.011746176518499851,0,0,29.97137451171875,4.576000213623047,100
134896.252,-0.49935004115104675,-14.299047470092773,165.85440063476562,0.02278687246143818,0.05515141785144806,0.38809075951576233,1565,1617,1608,1554,-5.074431419372559,1.4199284315109253,0.008244614116847515,0,0,29.97137451171875,5.078000068664551,100
134996.252,-0.0172423105686903,-14.226951599121094,164.88546752929688,0.0213637612760067,0.05708124488592148,0.37093889713287354,1642,1543,1525,1629,-5.308942794799805,1.488726258277893,0.00904618576169014,0,0,29.97137451171875,5.078000068664551,100
135096.252,-0.039422664791345596,-14.176277160644531,164.28453063964844,0.021086787804961205,0.0561985969543457,0.3654583990573883,1644,1546,1523,1631,-5.543519973754883,1.5571885108947754,0.00414669793099165,0,0,29.97137451171875,5.571000099182129,100
135196.252,-0.21484723687171936,-14.157280921936035,163.90127563476562,0.022264478728175163,0.05948071926832199,0.3448309600353241,1576,1619,1598,1559,-5.7760796546936035,1.6233656406402588,0.005538741126656532,0,0,29.96258544921875,5.571000099182129,100
135296.252,-0.08114879578351974,-14.146509170532227,163.6879119873047,0.029924379661679268,0.05638318136334419,0.3492347300052643,1535,1656,1640,1511,-6.009533882141113,1.6881307363510132,0.0019141875673085451,0,0,29.96258544921875,6.059000492095947,100
135396.252,0.33804294466972346,-14.001241683959961,163.50131225585938,0.02495209500193596,0.05843368545174599,0.3479399085044861,1583,1616,1607,1548,-6.242673397064209,1.7517799139022827,-0.0019452966516837482,0,0,29.96258544921875,6.059000492095947,100
135496.252,0.5863481760025024,-12.493043899536133,163.48959350585938,0.030095158144831657,0.06005201116204262,0.3479159474372864,1645,1544,1535,1618,-6.462899684906006,1.8114458322525024,-0.005630385596305132,0,0,29.96258544921875,6.538000106811523,100
135596.252,0.4702942371368408,-9.631816864013672,163.49478149414062,0.026936117559671402,0.05590016767382622,0.3584245443344116,1650,1525,1509,1630,-6.646880626678467,1.8598085641860962,-0.021208573132753372,0,0,29.96258544921875,6.538000106811523,100
135696.252,0.0843566432595253,-6.167611598968506,163.5157928466797,0.01954157091677189,0.06234179064631462,0.3850521147251129,1575,1592,1577,1553,-6.775765895843506,1.8912053108215332,-0.0336308591067791,0,0,29.97137451171875,6.935000419616699,100
135796.252,-0.09234043210744858,-2.593801498413086,163.5416717529297,0.02311084233224392,0.06367052346467972,0.4364875853061676,1491,1653,1640,1463,-6.845820426940918,1.9048641920089722,-0.04553860053420067,0,0,29.97137451171875,6.935000419616699,100
135896.252,0.3004672527313232,0.6478428244590764,163.57273864746094,0.01849389635026455,0.06961233168840408,0.49089503288269043,1543,1601,1582,1525,-6.858010768890381,1.9035981893539429,-0.05636877194046974,0,0,29.97137451171875,7.13800048828125,100
135996.252,0.5896864533424377,2.971158266067505,163.62356567382812,0.01775338314473629,0.07331039756536484,0.5289409756660461,1647,1474,1451,1636,-6.825441837310791,1.8909878730773926,-0.05534282326698303,0,0,29.98065185546875,7.13800048828125,100
136096.252,0.5896864533424377,2.971158266067505,163.62356567382812,0.01775338314473629,0.07331039756536484,0.5289409756660461,1647,1474,1451,1636,-6.825441837310791,1.8909878730773926,-0.05534282326698303,0,0,29.98065185546875,7.129000186920166,100
136196.252,0.05623597279191017,4.541027069091797,163.6424102783203,0.013809110037982464,0.07502399384975433,0.5505898594856262,1603,1528,1507,1591,-6.762232303619385,1.869235873222351,-0.05792545899748802,0,0,29.98065185546875,7.129000186920166,100
136296.252,-0.2900797128677368,5.660964488983154,163.67904663085938,0.012360001914203167,0.07618234306573868,0.5579519867897034,1461,1653,1639,1441,-6.6825432777404785,1.8399800062179565,-0.04741581901907921,0,0,29.98944091796875,6.982000350952148,100
136396.252,0.21088269352912903,6.566929340362549,163.68138122558594,0.01241505891084671,0.0783180370926857,0.5817716717720032,1532,1596,1582,1513,-6.584041595458984,1.807137131690979,-0.04410960152745247,0,0,29.98944091796875,6.982000350952148,100
136496.252,0.38223448395729065,7.272687911987305,163.7252197265625,0.011172122322022915,0.07869824767112732,0.6051976084709167,1662,1447,1426,1652,-6.474892616271973,1.7755963802337646,-0.03307987004518509,0,0,30.00115966796875,6.76200008392334,100
136596.252,-0.3876796364784241,7.822625637054443,163.72789001464844,0.011839431710541248,0.08199381828308105,0.5985201001167297,1550,1583,1566,1537,-6.3549723625183105,1.7395917177200317,-0.017969204112887383,0,0,30.00115966796875,6.76200008392334,100
136696.252,-0.3319818675518036,8.200841903686523,163.75186157226562,0.010460681281983852,0.0788220465183258,0.6139939427375793,1444,1665,1653,1424,-6.228272914886475,1.6989638805389404,-0.017950313165783882,0,0,30.00115966796875,6.499000072479248,100
136796.252,0.29610568284988403,8.500876426696777,163.7694854736328,0.013901947997510433,0.08192244172096252,0.6050341725349426,1630,1498,1480,1618,-6.095463752746582,1.6615482568740845,-0.0012999045429751277,0,0,30.00115966796875,6.499000072479248,100
136896.252,-0.6190914511680603,8.738457679748535,163.7888641357422,0.013435307890176773,0.08107827603816986,0.6188996434211731,1465,1652,1639,1447,-5.818359851837158,1.5822598934173584,0.0013435318833217025,0,0,30.00115966796875,6.211000442504883,100
136996.252,-0.057069890201091766,8.746732711791992,163.777099609375,0.012651520781219006,0.08242736756801605,0.6315529346466064,1531,1601,1589,1512,-5.679079532623291,1.5411040782928467,0.00456113601103425,0,0,30.00115966796875,5.9120001792907715,100
137096.252,0.07782355695962906,8.752132415771484,163.8137664794922,0.014413882978260517,0.07890137284994125,0.6228179931640625,1662,1449,1427,1653,-5.53587532043457,1.5042411088943481,0.0025498548056930304,0,0,30.00115966796875,5.9120001792907715,100
137196.252,-0.6584409475326538,8.660240173339844,163.7995147705078,0.013031035661697388,0.08195208013057709,0.5984163880348206,1550,1586,1570,1538,-5.397591590881348,1.4665803909301758,0.01526024378836155,0,0,30.00115966796875,5.612000465393066,100
137296.252,-0.6143167614936829,8.589071273803711,163.8206329345703,0.014296109788119793,0.07846701145172119,0.5961276888847351,1446,1663,1651,1429,-5.255671501159668,1.4262672662734985,0.0038366091903299093,0,0,30.00115966796875,5.612000465393066,100
137396.252,0.006012391299009323,8.494768142700195,163.8345489501953,0.01330867875367403,0.08042972534894943,0.5834482312202454,1618,1514,1498,1606,-5.119154453277588,1.3906104564666748,0.015690039843320847,0,0,30.00115966796875,5.317000389099121,100
137496.252,-0.3292732536792755,8.38349437713623,163.84129333496094,0.012332419864833355,0.0790436640381813,0.5939798951148987,1644,1478,1460,1634,-4.979587078094482,1.3563566207885742,0.009354627691209316,0,0,29.98944091796875,5.317000389099121,100
137596.252,-0.8295867443084717,8.27369499206543,163.85476684570312,0.013164681382477283,0.08030374348163605,0.5957529544830322,1476,1645,1633,1461,-4.8454437255859375,1.3190571069717407,0.012448655441403389,0,0,29.98944091796875,5.029000282287598,100
137696.252,-0.3026939928531647,8.167608261108398,163.84963989257812,0.012144554406404495,0.079096719622612,0.6082721948623657,1526,1610,1599,1509,-4.710933685302734,1.282874584197998,0.011981367133557796,0,0,29.98944091796875,5.029000282287598,100
137796.252,-0.05702231079339981,8.074834823608398,163.8685302734375,0.012441554106771946,0.0777069628238678,0.5782192945480347,1657,1460,1442,1646,-4.577841281890869,1.2504870891571045,0.011335664428770542,0,0,29.98944091796875,4.747000217437744,100
137896.252,-0.6570411920547485,7.990689277648926,163.89027404785156,0.011793969199061394,0.07901358604431152,0.5872299671173096,1584,1548,1534,1573,-4.444915771484375,1.217821478843689,0.0069940281100571156,0,0,29.98944091796875,4.747000217437744,100
137996.252,-0.7511801719665527,7.913865566253662,163.89088439941406,0.01072669867426157,0.0765281617641449,0.5849540829658508,1455,1666,1656,1436,-4.316186904907227,1.1818021535873413,0.011003615334630013,0,0,29.98944091796875,4.4710001945495605,100
138096.252,-0.14040784537792206,7.872422695159912,163.8835906982422,0.011429605074226856,0.0788813903927803,0.5755254626274109,1586,1548,1536,1571,-4.185623645782471,1.1490966081619263,0.009107524529099464,0,0,29.98944091796875,4.4710001945495605,100
138196.252,-0.2337448000907898,7.838081359863281,163.9161834716797,0.009140952490270138,0.07562851905822754,0.5897567272186279,1658,1462,1444,1649,-4.055212497711182,1.1182891130447388,0.003045744262635708,0,0,29.98944091796875,4.199000358581543,100
138296.252,-0.8250302076339722,7.822944641113281,163.93333435058594,0.009599938988685608,0.07834164053201675,0.56950443983078,1519,1613,1602,1507,-3.926821231842041,1.085350751876831,0.009385958313941956,0,0,29.98944091796875,4.199000358581543,100
138396.252,-0.5646088719367981,7.794450283050537,163.93167114257812,0.0087108900770545,0.07437722384929657,0.5639821290969849,1479,1647,1637,1461,-3.7975668907165527,1.0499954223632812,0.0011280365288257599,0,0,29.98944091796875,4.199000358581543,100
138496.252,-0.058441344648599625,7.804059982299805,163.9593505859375,0.007998671382665634,0.07742880284786224,0.5573309659957886,1629,1497,1484,1618,-3.6685101985931396,1.0191270112991333,0.005544373299926519,0,0,29.98065185546875,3.92900013923645,100
138596.252,-0.4314016103744507,7.830000400543213,163.97964477539062,0.008391152136027813,0.07463348656892776,0.567160964012146,1632,1495,1481,1624,-3.537924289703369,0.9877724647521973,-0.001447397400625051,0,0,29.98065185546875,3.92900013923645,100
138696.252,-0.8300064206123352,7.883731842041016,163.99395751953125,0.007038787007331848,0.07551109045743942,0.570960521697998,1478,1648,1639,1463,-3.4091320037841797,0.9532672762870789,0.005785634741187096,0,0,29.98065185546875,3.6590001583099365,100
138796.252,-0.3065459728240967,7.954714298248291,163.97784423828125,0.006758877541869879,0.07558268308639526,0.5753262639045715,1529,1607,1598,1513,-3.278193950653076,0.9178104996681213,0.002012629294767976,0,0,29.98065185546875,3.6590001583099365,100
138896.252,-0.05443190410733223,8.06338119506836,164.00869750976562,0.007010817993432283,0.07492776960134506,0.5679610371589661,1659,1461,1446,1649,-3.1451003551483154,0.886055052280426,0.003839457407593727,0,0,29.98065185546875,3.388000249862671,100
138996.252,-0.6763137578964233,8.18725299835205,164.01419067382812,0.005865220911800861,0.07629755884408951,0.5743115544319153,1575,1566,1553,1565,-3.0110538005828857,0.8518449068069458,0.0050885844975709915,0,0,29.98065185546875,3.388000249862671,100
139096.252,-0.7171786427497864,8.3406343460083,164.03506469726562,0.00578711275011301,0.0731402337551117,0.5539172291755676,1458,1661,1652,1443,-2.8737051486968994,0.8140632510185242,-0.001844115904532372,0,0,29.98065185546875,3.1100001335144043,100
139196.252,-0.10469365119934082,8.514813423156738,164.0621337890625,0.006511056795716286,0.07589434832334518,0.5485650897026062,1585,1551,1541,1575,-2.7347044944763184,0.7777056097984314,-0.0004348029906395823,0,0,29.98065185546875,3.1100001335144043,100
139296.252,-0.182037815451622,8.713974952697754,164.07736206054688,0.005921980831772089,0.07164277136325836,0.5494136810302734,1657,1466,1452,1650,-2.5907530784606934,0.7429333329200745,-0.004038019571453333,0,0,29.98065185546875,2.822000026702881,100
139396.252,-0.7300533056259155,8.93904972076416,164.07049560546875,0.005740727763622999,0.07490739226341248,0.5349169969558716,1529,1607,1597,1518,-2.4459855556488037,0.7039859890937805,0.0015525571070611477,0,0,29.98065185546875,2.822000026702881,100
139496.252,-0.48339706659317017,9.220474243164062,164.08645629882812,0.007340412586927414,0.07154016941785812,0.5340867042541504,1474,1650,1643,1460,-2.295139789581299,0.6617814302444458,-0.005732787773013115,0,0,29.98065185546875,2.5220000743865967,100
139596.252,0.06684712320566177,9.556085586547852,164.11395263671875,0.006096457131206989,0.07477090507745743,0.5361003279685974,1618,1513,1503,1610,-2.1407618522644043,0.620725154876709,-0.0012054935796186328,0,0,29.98065185546875,2.5220000743865967,100
139696.252,-0.22184963524341583,9.961159706115723,164.1228485107422,0.006339359562844038,0.07163737714290619,0.5528112649917603,1642,1487,1474,1635,-1.9777958393096924,0.5788248777389526,-0.00686792703345418,0,0,29.98065185546875,2.2039999961853027,100
139796.252,-0.6973554491996765,10.373345375061035,164.11668395996094,0.007159964181482792,0.07435047626495361,0.5432218909263611,1493,1640,1630,1482,-1.8117563724517822,0.5318679213523865,0.0027383901178836823,0,0,29.98065185546875,2.2039999961853027,100
139896.252,-0.285820871591568,10.635972023010254,164.11685180664062,0.006678423378616571,0.07275602966547012,0.5470364093780518,1512,1626,1617,1499,-1.6365400552749634,0.4830322861671448,-0.0033907806500792503,0,0,29.98065185546875,1.8620001077651978,100
139996.252,0.08872846513986588,10.672344207763672,164.14308166503906,0.005905189085751772,0.07336081564426422,0.5392478108406067,1650,1479,1466,1643,-1.4603933095932007,0.43702223896980286,0.0012562180636450648,0,0,29.98065185546875,1.8620001077651978,100
140096.252,-0.36985647678375244,10.475384712219238,164.1652374267578,0.0071631986647844315,0.0722762793302536,0.5327109098434448,1606,1532,1520,1599,-1.2836462259292603,0.3902623951435089,-0.005292797461152077,0,0,29.98065185546875,1.5010000467300415,100
140196.252,-0.5923166871070862,10.065635681152344,164.19232177734375,0.00840309914201498,0.07165580242872238,0.5392957329750061,1472,1655,1647,1463,-1.1161093711853027,0.3419690728187561,0.0015962726902216673,0,0,29.98065185546875,1.5010000467300415,100
140296.252,-0.04756563901901245,9.525580406188965,164.20005798339844,0.006254029925912619,0.0722409337759018,0.5527185797691345,1548,1593,1584,1539,-0.9546130299568176,0.2965397834777832,-0.0005838405922986567,0,0,29.98065185546875,1.1470000743865967,100
140396.252,0.14698541164398193,8.864190101623535,164.21063232421875,0.005847612861543894,0.0705246701836586,0.5304296612739563,1655,1471,1459,1649,-0.8038520216941833,0.2562187612056732,0.0017846811097115278,0,0,29.98065185546875,1.1470000743865967,100
140496.252,-0.3644842505455017,8.14201831817627,164.2305145263672,0.00832479726523161,0.07144360989332199,0.5356689095497131,1583,1556,1546,1577,-0.6643735766410828,0.21790094673633575,0.0007773398538120091,0,0,29.98065185546875,0.8250000476837158,100
140596.252,-0.4683109223842621,7.374619960784912,164.24459838867188,0.006964204367250204,0.06927156448364258,0.5086132884025574,1468,1657,1650,1457,-0.5390652418136597,0.18026722967624664,0.003196231322363019,0,0,29.98065185546875,0.8250000476837158,100
140696.252,0.08012431114912033,6.59268856048584,164.23680114746094,0.005671514198184013,0.07214701920747757,0.5218315124511719,1563,1576,1568,1553,-0.4256542921066284,0.14784635603427887,0.002287518698722124,0,0,29.98065185546875,0.550000011920929,100
140796.252,0.15655936300754547,5.823540687561035,164.2531280517578,0.006594832520931959,0.06932267546653748,0.5136621594429016,1657,1467,1455,1651,-0.3249974548816681,0.12164240330457687,0.0027947917114943266,0,0,29.98065185546875,0.550000011920929,100
140896.252,-0.38232389092445374,5.0690999031066895,164.26637268066406,0.006897939834743738,0.07147295027971268,0.5209469199180603,1568,1569,1560,1562,-0.23717153072357178,0.09729800373315811,0.002039470477029681,0,0,29.98065185546875,0.3290000259876251,100
140996.252,-0.4038946032524109,4.34633731842041,164.29197692871094,0.005759464111179113,0.06867252290248871,0.5132917165756226,1466,1657,1651,1458,-0.1624770611524582,0.07376301288604736,0.0020817643962800503,0,0,29.98065185546875,0.3290000259876251,100
141096.252,0.17122234404087067,3.673383951187134,164.29251098632812,0.005809104070067406,0.07162366062402725,0.514457106590271,1580,1559,1552,1572,-0.09878796339035034,0.05537935346364975,0.0036036111414432526,0,0,29.98065185546875,0.16100001335144043,100
141196.252,0.20265589654445648,3.043332099914551,164.3089599609375,0.00657636858522892,0.06776117533445358,0.5056699514389038,1655,1469,1459,1650,-0.045205239206552505,0.04149617627263069,0.000993155175819993,0,0,29.98065185546875,0.16100001335144043,100
141296.252,-0.3193706274032593,2.469989776611328,164.31752014160156,0.0065336464904248714,0.07203938066959381,0.505969226360321,1548,1590,1582,1542,-0.002422209596261382,0.027859866619110107,0.0032239409629255533,0,0,29.98065185546875,0.049000002443790436,100
141396.252,-0.23052050173282623,1.9396107196807861,164.32461547851562,0.006333454046398401,0.06829049438238144,0.5100265145301819,1473,1652,1646,1462,0.03143236041069031,0.014648318290710447,-0.002867629285901785,0,0,29.98065185546875,0.049000002443790436,100
141496.252,0.2976968288421631,1.4777181148529053,164.3386688232422,0.006511450745165348,0.07129969447851181,0.49805542826652527,1586,1549,1542,1579,0.05727941542863846,0.005566334817558527,-0.002274470403790474,0,0,29.98065185546875,0.05400000140070915,100
141596.252,0.22883856296539307,1.0673611164093018,164.3551788330078,0.00628710025921464,0.06831420958042145,0.5070192813873291,1653,1473,1463,1648,0.07660289108753204,0.00036293573793955147,-0.0017385000828653574,0,0,29.98065185546875,0.05400000140070915,100
141696.252,-0.30969691276550293,0.7142737507820129,164.35858154296875,0.006047614850103855,0.07163732498884201,0.49720683693885803,1538,1598,1591,1532,0.0889950767159462,-0.005316472612321377,0.0008324228692799807,0,0,29.98065185546875,0.0950000062584877,100
141796.252,-0.16716402769088745,0.41774168610572815,164.36798095703125,0.006245472002774477,0.06791555881500244,0.5070503354072571,1473,1652,1647,1464,0.09586478024721146,-0.010811422020196915,-0.004369825124740601,0,0,29.98065185546875,0.0950000062584877,100
141896.252,0.3612489700317383,0.18283745646476748,164.38821411132812,0.005787345580756664,0.07095522433519363,0.481131911277771,1597,1537,1531,1591,0.09891658276319504,-0.012910767458379269,-0.002905152039602399,0,0,29.98065185546875,0.11400000751018524,100
141996.252,0.3612489700317383,0.18283745646476748,164.38821411132812,0.005787345580756664,0.07095522433519363,0.481131911277771,1597,1537,1531,1591,0.09891658276319504,-0.012910767458379269,-0.002905152039602399,0,0,29.98065185546875,0.11400000751018524,100
142096.252,0.31922751665115356,-0.01632302813231945,164.3975067138672,0.0058331843465566635,0.06794411689043045,0.4888417720794678,1651,1470,1463,1646,0.09852459281682968,-0.01342417299747467,-0.00855804793536663,0,0,29.98065185546875,0.11500000208616257,100
142196.252,-0.2189236730337143,-0.1636320799589157,164.41224670410156,0.00594314793124795,0.07155569642782211,0.49586722254753113,1535,1598,1594,1529,0.09457862377166748,-0.015718329697847366,-0.0025558508932590485,0,0,29.98065185546875,0.11500000208616257,100
142296.252,-0.07935842871665955,-0.2730717062950134,164.40504455566406,0.0062833549454808235,0.06850756704807281,0.5186668038368225,1477,1649,1644,1469,0.08845442533493042,-0.01869398169219494,-0.006171127315610647,0,0,29.98065185546875,0.10400000214576721,100
142396.252,0.4158057272434235,-0.34732580184936523,164.41893005371094,0.00587940588593483,0.07168665528297424,0.49619483947753906,1604,1529,1523,1598,0.08138060569763184,-0.018975503742694855,-0.0025799754075706005,0,0,29.98065185546875,0.10400000214576721,100
142496.252,0.22639015316963196,-0.4027829170227051,164.4298553466797,0.006152551621198654,0.06891608238220215,0.5200903415679932,1646,1478,1472,1642,0.07367879152297974,-0.016818149015307426,-0.0064194235019385815,0,0,29.98065185546875,0.08700000494718552,100
142596.252,-0.2775176167488098,-0.43189895153045654,164.44126892089844,0.006106083746999502,0.0718483179807663,0.5060084462165833,1519,1612,1608,1514,0.0645144134759903,-0.017237132415175438,0.0000864040048327297,0,0,29.98065185546875,0.08700000494718552,100
142696.252,-0.03250431269407272,-0.43025660514831543,164.44557189941406,0.006060727406293154,0.06850394606590271,0.5155513882637024,1485,1642,1638,1478,0.054962556809186935,-0.01812371425330639,-0.005019407253712416,0,0,29.98065185546875,0.06800000369548798,100
142796.252,0.4430826306343078,-0.4096932113170624,164.4431915283203,0.005692463833838701,0.07139253616333008,0.49842971563339233,1618,1512,1506,1613,0.0462467260658741,-0.016707532107830048,-0.0004160759272053838,0,0,29.98065185546875,0.06800000369548798,100
142896.252,-0.26626670360565186,-0.33626559376716614,164.45533752441406,0.0058060032315552235,0.07149909436702728,0.49907511472702026,1504,1625,1620,1499,0.029710678383708,-0.01539186667650938,-0.00043135983287356794,0,0,29.98065185546875,0.05000000074505806,100
142996.252,0.07006421685218811,-0.29401642084121704,164.46461486816406,0.006341100204735994,0.06909721344709396,0.5069354176521301,1493,1634,1631,1486,0.021943606436252594,-0.01697371155023575,-0.006668136920779943,0,0,29.98065185546875,0.036000002175569534,100
143096.252,0.5085793733596802,-0.2431657463312149,164.477294921875,0.0057991873472929,0.0712394267320633,0.5101987719535828,1631,1496,1491,1627,0.015579041093587875,-0.016512731090188026,-0.0007715123356319964,0,0,29.98065185546875,0.036000002175569534,100
143196.252,0.1659499853849411,-0.18704071640968323,164.4721221923828,0.00636141374707222,0.06855206936597824,0.5051001906394958,1627,1501,1495,1623,0.010105603374540806,-0.01519038900732994,-0.007901031523942947,0,0,29.98065185546875,0.027000000700354576,100
143296.252,-0.24348254501819616,-0.13192731142044067,164.4813995361328,0.006404595915228128,0.07039335370063782,0.5030197501182556,1494,1631,1627,1489,0.004790147300809622,-0.01768418401479721,-0.0026140178088098764,0,0,29.98065185546875,0.027000000700354576,100
143396.252,0.07639233767986298,-0.07845962792634964,164.4906463623047,0.0062521579675376415,0.06916044652462006,0.5065308809280396,1501,1626,1622,1496,0.00043752658530138433,-0.019513392820954323,-0.009110073558986187,0,0,29.98065185546875,0.024000000208616257,100
143496.252,0.4749802350997924,-0.028432538732886314,164.4977569580078,0.006669039372354746,0.07101931422948837,0.5070246458053589,1635,1491,1486,1632,-0.002360852435231209,-0.01918051205575466,-0.00016351188241969794,0,0,29.98065185546875,0.024000000208616257,100
143596.252,0.09141137450933456,0.013554353266954422,164.50401306152344,0.0062406063079833984,0.06960920989513397,0.5246589779853821,1619,1511,1507,1616,-0.004362474661320448,-0.018210917711257935,-0.005263873841613531,0,0,29.98065185546875,0.02500000037252903,100
143696.252,-0.24470067024230957,0.04978686198592186,164.50531005859375,0.006543304305523634,0.07018933445215225,0.5065435767173767,1486,1638,1634,1481,-0.006603966001421213,-0.021095886826515198,-0.001123691676184535,0,0,29.98065185546875,0.02500000037252903,100
143796.252,-0.5597537159919739,-0.02321433834731579,164.5114288330078,0.00613110326230526,0.0711379274725914,0.5264007449150085,1514,1606,1601,1510,-0.007902088575065136,-0.01991197094321251,0.007262561935931444,0,0,29.98065185546875,0.04100000113248825,100
143896.252,-2.5065832138061523,-0.36561885476112366,164.52854919433594,0.005821625702083111,0.07379176467657089,0.5542250871658325,1636,1452,1445,1633,-0.005041581578552723,0.008486010134220123,0.0642455667257309,0,0,29.97137451171875,0.04100000113248825,100
143996.252,-6.140520095825195,-0.8760464191436768,164.5811767578125,0.007167300675064325,0.07584304362535477,0.5627893209457397,1597,1495,1488,1595,0.002576670143753291,0.08152793347835541,0.14813505113124847,0,0,29.96258544921875,0.15200001001358032,100
144096.252,-9.91305160522461,-1.4204888343811035,164.71343994140625,0.005314409267157316,0.07860774546861649,0.5520471930503845,1442,1638,1634,1437,0.014835964888334273,0.20088566839694977,0.25182831287384033,0,0,29.93914794921875,0.15200001001358032,100
144196.252,-12.877416610717773,-1.932318091392517,164.79771423339844,0.006109264213591814,0.07873795926570892,0.5604811310768127,1511,1570,1576,1524,0.03380746394395828,0.37955477833747864,0.3489568829536438,0,0,29.90985107421875,0.45600003004074097,100
144296.252,-15.364470481872559,-2.9247546195983887,162.9606475830078,0.006979925557971001,0.07670460641384125,0.5650697946548462,1633,1409,1459,1659,0.05966585874557495,0.6108922958374023,0.45853424072265625,0,0,29.86883544921875,0.45600003004074097,100
144396.252,-16.720134735107422,-4.381773471832275,158.832763671875,0.007923967204988003,0.07724460959434509,0.5495843887329102,1525,1510,1583,1573,0.08858972042798996,0.8741143345832825,0.560756504535675,0,0,29.82147216796875,0.45600003004074097,100
144496.252,-15.329131126403809,-5.556946277618408,153.36085510253906,0.00672258110716939,0.07512713968753815,0.549405038356781,1384,1622,1673,1466,0.11564167588949203,1.1330976486206055,0.666113555431366,0,0,29.75994873046875,0.9250000715255737,100
144596.252,-12.218713760375977,-6.031656742095947,147.5941162109375,0.008137279190123081,0.07953988015651703,0.5506818890571594,1525,1497,1557,1588,0.14103133976459503,1.3660067319869995,0.7711219191551208,0,0,29.6890869140625,0.9250000715255737,100
144696.252,-9.62910270690918,-5.972721576690674,141.58822631835938,0.009809735231101513,0.07640699297189713,0.5594305396080017,1620,1366,1456,1666,0.165286123752594,1.563232421875,0.8765761256217957,0,0,29.6011962890625,1.4040000438690186,100
144796.252,-7.975769519805908,-5.5678606033325195,135.51133728027344,0.00794899184256792,0.08239978551864624,0.5769189596176147,1462,1550,1610,1521,0.18453611433506012,1.719777226448059,0.9910439252853394,0,0,29.51275634765625,1.4040000438690186,100
144896.252,-5.7193074226379395,-5.023682117462158,129.42066955566406,0.007840103469789028,0.08052940666675568,0.6035374402999878,1388,1605,1649,1473,0.19927413761615753,1.8459583520889282,1.0955241918563843,0,0,29.39801025390625,1.7650001049041748,100
144996.252,-3.5863029956817627,-4.429370403289795,123.32836151123047,0.009826731868088245,0.08450332283973694,0.6188021898269653,1598,1391,1468,1650,0.2143668681383133,1.9483656883239746,1.2067627906799316,0,0,29.29205322265625,1.7650001049041748,100
145096.252,-2.9604651927948,-3.745405673980713,117.3040542602539,0.008537940680980682,0.08670191466808319,0.6487613320350647,1564,1435,1513,1611,0.22712180018424988,2.0300700664520264,1.304225206375122,0,0,29.15972900390625,2.004000186920166,100
145196.252,-2.2490737438201904,-3.0405666828155518,111.21131134033203,0.008654453791677952,0.08475184440612793,0.6569451093673706,1358,1632,1678,1442,0.23311935365200043,2.0924062728881836,1.4029375314712524,0,0,29.0185546875,2.004000186920166,100
145296.252,-0.778109610080719,-2.380887508392334,105.17699432373047,0.009371301159262657,0.08883026242256165,0.6501308083534241,1551,1474,1533,1609,0.24065054953098297,2.1433568000793457,1.4603074789047241,0,0,28.87744140625,2.1560001373291016,100
145396.252,-0.616920530796051,-1.752366065979004,99.15564727783203,0.009067618288099766,0.08599775284528732,0.675858736038208,1621,1394,1478,1663,0.24916943907737732,2.1826906204223633,1.495022177696228,0,0,28.73333740234375,2.1560001373291016,100
145496.252,-0.8560798168182373,-1.1297539472579956,93.22374725341797,0.009187516756355762,0.08780186623334885,0.6839796304702759,1392,1641,1676,1454,0.2506910562515259,2.209181070327759,1.526612639427185,0,0,28.5804443359375,2.246000051498413,100
145596.252,0.10929639637470245,-0.6471858620643616,89.30638885498047,0.008586037904024124,0.0905403345823288,0.6741873621940613,1551,1534,1555,1576,0.2534913718700409,2.2278635501861572,1.534155249595642,0,0,28.4305419921875,2.246000051498413,100
145696.252,-0.10786408931016919,-0.22880001366138458,86.99109649658203,0.008761071600019932,0.08563778549432755,0.6782363057136536,1652,1429,1441,1659,0.2601335942745209,2.237854480743408,1.526159644126892,0,0,28.2718505859375,2.2930002212524414,100
145796.252,-0.7351643443107605,0.09742553532123566,85.61194610595703,0.01021746639162302,0.08801857382059097,0.675293505191803,1452,1639,1641,1453,0.261429101228714,2.2426836490631104,1.5236495733261108,0,0,28.12188720703125,2.2930002212524414,100
145896.252,-0.026415526866912842,0.3664102852344513,84.75753021240234,0.009997302666306496,0.08926739543676376,0.7042376399040222,1513,1598,1596,1506,0.2621951103210449,2.24178147315979,1.513198971748352,0,0,27.97198486328125,2.308000087738037,100
145996.252,0.11607290804386139,0.5621277093887329,84.26334381103516,0.010492924600839615,0.08563897013664246,0.6853716373443604,1673,1422,1413,1669,0.26715952157974243,2.2375800609588623,1.5089150667190552,0,0,27.812744140625,2.308000087738037,100
146096.252,-0.6683991551399231,0.7218121886253357,83.94593811035156,0.009397512301802635,0.08963517844676971,0.6816301345825195,1486,1625,1618,1479,0.2666724622249603,2.230109214782715,1.5065438747406006,0,0,27.659912109375,2.3010001182556152,100
146196.252,-0.03408631309866905,0.8092982172966003,83.73865509033203,0.007515388540923595,0.08774835616350174,0.6964858770370483,1495,1620,1614,1485,0.2640978693962097,2.2214596271514893,1.4883668422698975,0,0,27.50994873046875,2.3010001182556152,100
146296.252,0.2920988202095032,0.8849472999572754,83.61627197265625,0.007298281881958246,0.08553990721702576,0.6834654808044434,1665,1428,1415,1659,0.26615309715270996,2.210209369659424,1.4773499965667725,0,0,27.36004638671875,2.2820000648498535,100
146396.252,-0.48014792799949646,0.9170187711715698,83.51886749267578,0.008409727364778519,0.08935388177633286,0.6779929399490356,1541,1578,1567,1533,0.2646574378013611,2.199674367904663,1.479551076889038,0,0,27.21893310546875,2.2820000648498535,100
146496.252,-0.14861850440502167,0.9410659670829773,83.4739990234375,0.008415861055254936,0.08552391827106476,0.6954107284545898,1452,1654,1647,1438,0.259010374546051,2.1878416538238525,1.4683847427368164,0,0,27.0689697265625,2.257000207901001,100
146596.252,0.461638480424881,0.91900235414505,83.44880676269531,0.007638666313141584,0.08884884417057037,0.697480320930481,1662,1438,1426,1654,0.2584952712059021,2.1766417026519775,1.473609209060669,0,0,26.91900634765625,2.257000207901001,100
146696.252,-0.3327350914478302,0.9020697474479675,83.40786743164062,0.00813924428075552,0.08915048092603683,0.6964003443717957,1566,1553,1541,1558,0.25643354654312134,2.1647732257843018,1.4639331102371216,0,0,26.76910400390625,2.2300000190734863,100
146796.252,-0.3125608563423157,0.84361332654953,83.41583251953125,0.008913062512874603,0.08544974774122238,0.6920755505561829,1416,1669,1662,1404,0.2500198483467102,2.154827117919922,1.4534740447998047,0,0,26.62799072265625,2.2300000190734863,100
146896.252,0.4961673319339752,0.7961222529411316,83.41851043701172,0.007786153350025415,0.08980248123407364,0.6859031319618225,1630,1482,1470,1622,0.24786360561847687,2.1449196338653564,1.469895362854004,0,0,26.47802734375,2.2039999961853027,100
146996.252,-0.1140357106924057,0.7280184626579285,83.40303802490234,0.007763792760670185,0.08761876821517944,0.6985170841217041,1614,1498,1486,1607,0.24638773500919342,2.136186361312866,1.4580509662628174,0,0,26.34271240234375,2.2039999961853027,100
147096.252,-0.3712252080440521,0.6663991808891296,83.40296936035156,0.009247662499547005,0.08611112833023071,0.6823388338088989,1423,1670,1662,1410,0.23983676731586456,2.1286113262176514,1.4623541831970215,0,0,26.19232177734375,2.180999994277954,100
147196.252,0.41133642196655273,0.5850419998168945,83.41395568847656,0.0073300558142364025,0.09003841876983643,0.6744727492332458,1576,1533,1524,1568,0.23600177466869354,2.1224467754364014,1.46224844455719,0,0,26.04241943359375,2.180999994277954,100
147296.252,0.021276229992508888,0.5199701189994812,83.41323852539062,0.008411388844251633,0.08705822378396988,0.710154116153717,1649,1461,1447,1643,0.23630373179912567,2.1164519786834717,1.4680589437484741,0,0,25.9012451171875,2.1630001068115234,100
147396.252,-0.5287980437278748,0.4313800632953644,83.4093246459961,0.01063577551394701,0.0887240618467331,0.7042708992958069,1429,1668,1660,1415,0.23070791363716125,2.112858295440674,1.4753060340881348,0,0,25.7513427734375,2.1630001068115234,100
147496.252,0.31416743993759155,0.3625272512435913,83.40978240966797,0.00826411321759224,0.09029232710599899,0.6821906566619873,1570,1550,1540,1561,0.2279006689786911,2.109464406967163,1.4734349250793457,0,0,25.60137939453125,2.1500000953674316,100
147596.252,0.06699183583259583,0.28644248843193054,83.4178466796875,0.008520982228219509,0.08602652698755264,0.6926663517951965,1660,1442,1428,1653,0.2290918380022049,2.1074843406677246,1.468914270401001,0,0,25.460205078125,2.1500000953674316,100
147696.252,-0.5766441822052002,0.22236239910125732,83.41648864746094,0.010015525855123997,0.08800878375768661,0.6857770085334778,1456,1645,1636,1444,0.2258840650320053,2.106593132019043,1.4701274633407593,0,0,25.310302734375,2.142000198364258,100
147796.252,0.10103865712881088,0.1583925038576126,83.41816711425781,0.008372622542083263,0.08951269090175629,0.7206932306289673,1516,1600,1591,1504,0.22291313111782074,2.107093572616577,1.4700199365615845,0,0,25.157470703125,2.142000198364258,100
147896.252,0.26983848214149475,0.11711480468511581,83.42790222167969,0.008531440049409866,0.08558439463376999,0.6942127346992493,1667,1423,1408,1660,0.2250305414199829,2.1073720455169678,1.4653992652893066,0,0,25.022216796875,2.138000011444092,100
147996.252,0.26983848214149475,0.11711480468511581,83.42790222167969,0.008531440049409866,0.08558439463376999,0.6942127346992493,1667,1423,1408,1660,0.2250305414199829,2.1073720455169678,1.4653992652893066,0,0,25.022216796875,2.138000011444092,100
148096.252,-0.6058623790740968,0.06594465672969818,83.42291259765625,0.010943536646664143,0.09059236943721771,0.6794847846031189,1510,1605,1594,1500,0.2234310358762741,2.109964370727539,1.481873869895935,0,0,24.87225341796875,2.139000177383423,100
148196.252,-0.16418915987014765,0.04103013128042221,83.43267822265625,0.009009907953441143,0.0870409682393074,0.6930466890335083,1474,1636,1628,1462,0.22077912092208862,2.1122472286224365,1.4740084409713745,0,0,24.72235107421875,2.139000177383423,100
148296.252,0.25501492619514465,0.02084183692932129,83.44308471679688,0.008649314753711224,0.08770190924406052,0.6941415667533875,1669,1426,1413,1661,0.22377388179302216,2.115156888961792,1.4816962480545044,0,0,24.5718994140625,2.1410000324249268,100
148396.252,-0.5478084683418274,-0.001779676298610866,83.44063568115234,0.010664072819054127,0.08897759020328522,0.6709653735160828,1548,1567,1555,1539,0.22524359822273254,2.1177570819854736,1.4757517576217651,0,0,24.4307861328125,2.1410000324249268,100
148496.252,-0.4702624976634979,-0.025185195729136467,83.44388580322266,0.008849797770380974,0.08741067349910736,0.681900680065155,1424,1667,1659,1409,0.22334516048431396,2.121581792831421,1.4758847951889038,0,0,24.2808837890625,2.1460001468658447,100
148596.252,0.2692694067955017,-0.031159093603491783,83.4597396850586,0.008573858067393303,0.08989336341619492,0.6849736571311951,1647,1459,1447,1639,0.2269144505262375,2.1242969036102295,1.491188883781433,0,0,24.13092041015625,2.1460001468658447,100
148696.252,-0.4417942762374878,-0.05144091695547104,83.4676742553711,0.01154106855392456,0.08907676488161087,0.695704996585846,1594,1522,1511,1586,0.2300814986228943,2.127997875213623,1.4859440326690674,0,0,23.98095703125,2.1510000228881836,100
148796.252,0.2377103865146637,-0.07453949004411697,83.47864532470703,0.008091042749583721,0.09123941510915756,0.6814267039299011,1603,1510,1500,1593,0.23040693998336792,2.1359643936157227,1.495606541633606,0,0,23.68994140625,2.1579999923706055,100
148896.252,-0.24633291363716125,-0.07539377361536026,83.46942901611328,0.010818210430443287,0.087209552526474,0.6918819546699524,1634,1477,1462,1627,0.23514293134212494,2.1393349170684814,1.4884499311447144,0,0,23.53997802734375,2.1579999923706055,100
148996.252,-0.6688255667686462,-0.08551197499036789,83.48589324951172,0.009450318291783333,0.08821456879377365,0.6941868662834167,1422,1672,1664,1410,0.23374898731708527,2.1440343856811523,1.498753547668457,0,0,23.38714599609375,2.1650002002716064,100
149096.252,0.20139828324317932,-0.07507829368114471,83.49343872070312,0.00757497688755393,0.09073515236377716,0.6737082004547119,1585,1532,1523,1576,0.23526883125305176,2.1476645469665527,1.4995437860488892,0,0,23.2371826171875,2.1650002002716064,100
149196.252,-0.09184979647397995,-0.06789594888687134,83.48948669433594,0.01050451211631298,0.0850895419716835,0.6794309616088867,1651,1449,1435,1643,0.23963789641857147,2.1513514518737793,1.4874703884124756,0,0,23.08673095703125,2.1720001697540283,100
149296.252,-0.7104992866516113,-0.06096974015235901,83.50598907470703,0.009341609664261341,0.08964475244283676,0.6951809525489807,1445,1653,1645,1434,0.23897776007652283,2.1549508571624756,1.5005265474319458,0,0,22.93682861328125,2.1720001697540283,100
149396.252,0.11366534978151321,-0.052830182015895844,83.50870513916016,0.00739404559135437,0.09064403176307678,0.6975898742675781,1545,1576,1568,1535,0.23873138427734375,2.1587142944335938,1.500686764717102,0,0,22.786865234375,2.17900013923645,100
149496.252,0.060594033449888236,-0.03502222150564194,83.50305938720703,0.010209953412413597,0.08645261824131012,0.6905439496040344,1670,1429,1414,1662,0.24327820539474487,2.1613759994506836,1.4989737272262573,0,0,22.64288330078125,2.17900013923645,100
149596.252,-0.6723639965057373,-0.035392481833696365,83.52300262451172,0.009267304092645645,0.0895819440484047,0.6912841200828552,1463,1643,1635,1452,0.24241258203983307,2.1649229526519775,1.5054959058761597,0,0,22.489990234375,2.18500018119812,100
149696.252,0.00929359719157219,-0.02122277393937111,83.51624298095703,0.007156581152230501,0.087426096200943,0.6874656677246094,1515,1601,1594,1503,0.24144300818443298,2.1677730083465576,1.494193196296692,0,0,22.34002685546875,2.18500018119812,100
149796.252,0.26139846444129944,-0.005775499623268841,83.5412368774414,0.008611672557890415,0.08679897338151932,0.6930052638053894,1668,1417,1403,1663,0.24517302215099335,2.1703555583953857,1.4909509420394897,0,0,22.19012451171875,2.19100022315979,100
149896.252,-0.5624003410339357,0.002110094064846635,83.52547454833984,0.008312443271279335,0.08959528803825378,0.6614590883255005,1518,1597,1587,1509,0.2452995926141739,2.1724584102630615,1.500348687171936,0,0,22.0401611328125,2.19100022315979,100
149996.252,-0.15346801280975347,0.014425869099795818,83.52899169921875,0.0070737372152507305,0.08641305565834045,0.6788911819458008,1459,1645,1637,1447,0.24249908328056335,2.174879789352417,1.4931352138519287,0,0,21.8902587890625,2.196000099182129,100
150096.252,0.35473111271858215,0.025255726650357246,83.53910827636719,0.007413847837597132,0.08739309012889862,0.6828560829162598,1654,1439,1426,1647,0.2450457513332367,2.1762499809265137,1.494078278541565,0,0,21.7486572265625,2.196000099182129,100
150196.252,-0.3758156895637512,0.02790394425392151,83.53097534179688,0.007661889307200909,0.08983014523983002,0.6989886164665222,1576,1540,1529,1568,0.2461504340171814,2.1780800819396973,1.49805748462677,0,0,21.5986328125,2.200000047683716,100
150296.252,-0.3106759190559387,0.026094168424606323,83.54723358154297,0.007426425348967314,0.08576545864343643,0.6837478876113892,1428,1669,1662,1416,0.24215219914913177,2.180013656616211,1.5016531944274902,0,0,21.44873046875,2.200000047683716,100
150396.252,0.4212467074394226,0.018467390909790993,83.56287384033203,0.0066879019141197205,0.08881518244743347,0.662836492061615,1637,1468,1458,1630,0.24319471418857574,2.181140422821045,1.5064126253128052,0,0,21.298828125,2.200000047683716,100
150496.252,-0.1875080168247223,-0.0091401981189847,83.56056213378906,0.0070538935251533985,0.08692504465579987,0.6961992979049683,1608,1503,1492,1602,0.24461951851844788,2.1824538707733154,1.4949951171875,0,0,21.14892578125,2.205000162124634,100
150596.252,-0.4686765670776367,-0.022458909079432487,83.56002807617188,0.006940627936273813,0.08716592192649841,0.6985642313957214,1414,1674,1666,1402,0.24085091054439545,2.1847140789031982,1.5017879009246826,0,0,20.9989013671875,2.205000162124634,100
150696.252,0.39727529883384705,-0.028554337099194527,83.57479095458984,0.006433745846152306,0.08955846726894379,0.6662275791168213,1600,1516,1507,1592,0.2401885986328125,2.1866893768310547,1.508670687675476,0,0,20.85198974609375,2.2110002040863037,100
150796.252,-0.001263120211660862,-0.03515297919511795,83.57302856445312,0.006229178048670292,0.08658037334680557,0.6870116591453552,1642,1463,1451,1636,0.24205216765403748,2.1885807514190674,1.499115228652954,0,0,20.7020263671875,2.2110002040863037,100
150896.252,-0.49736067652702326,-0.04186496511101723,83.58360290527344,0.0065958839841187,0.08764709532260895,0.686620831489563,1434,1663,1656,1421,0.23850223422050476,2.1911933422088623,1.5063189268112183,0,0,20.55206298828125,2.2180001735687256,100
150996.252,0.2931575775146483,-0.025680627673864365,83.5779037475586,0.006658660247921944,0.08913040161132812,0.6829358339309692,1556,1560,1552,1546,0.23675082623958588,2.193837881088257,1.50147545337677,0,0,20.40167236328125,2.2180001735687256,100
151096.252,0.26509782671928406,-0.008337804116308689,83.58826446533203,0.006203361786901951,0.08484860509634018,0.6737575531005859,1665,1420,1407,1658,0.23877567052841187,2.19571590423584,1.4908610582351685,0,0,20.25177001953125,2.2250001430511475,100
151196.252,-0.5352089405059814,0.007755614351481199,83.58790588378906,0.006101259030401707,0.08977954834699631,0.6769946217536926,1476,1634,1626,1466,0.23644772171974182,2.1980509757995605,1.5124473571777344,0,0,20.101806640625,2.2250001430511475,100
151296.252,0.08898599445819855,0.030837060883641243,83.59888458251953,0.0068574873730540276,0.0876249223947525,0.70360267162323,1499,1612,1605,1490,0.2333480566740036,2.1999311447143555,1.5005664825439453,0,0,19.95184326171875,2.2310001850128174,100
151396.252,0.3474208116531372,0.056741874665021896,83.59788513183594,0.00692790187895298,0.08577363193035126,0.6879915595054626,1666,1424,1410,1659,0.23554003238677979,2.2011826038360596,1.4993557929992676,0,0,19.80194091796875,2.2310001850128174,100
151496.252,-0.47720283269882213,0.07377748936414719,83.59518432617188,0.005923099350184202,0.09015128016471863,0.686429500579834,1533,1580,1570,1525,0.23485694825649261,2.2022790908813477,1.5058280229568481,0,0,19.64910888671875,2.2360000610351562,100
151596.252,-0.1393619030714035,0.09030767530202866,83.58838653564453,0.0069737802259624004,0.08617004752159119,0.6967687606811523,1455,1650,1643,1443,0.23113052546977997,2.2035465240478516,1.5023338794708252,0,0,19.4991455078125,2.2360000610351562,100
151696.252,0.42620593309402466,0.11990079283714294,83.60324096679688,0.007301106117665768,0.08803030103445053,0.6825188994407654,1657,1440,1428,1650,0.23271748423576355,2.2038207054138184,1.5094318389892578,0,0,19.3492431640625,2.240000009536743,100
151796.252,-0.30783408880233765,0.13412001729011536,83.6021499633789,0.006543985567986965,0.08826076984405518,0.7020606398582458,1576,1537,1527,1568,0.23348356783390045,2.204181432723999,1.497808814048767,0,0,19.19927978515625,2.240000009536743,100
151896.252,-0.40027907490730286,0.15919150412082672,83.61052703857422,0.006613047327846289,0.08682803064584732,0.6905664205551147,1412,1675,1668,1399,0.22976434230804443,2.204430103302002,1.5038766860961914,0,0,19.04888916015625,2.243000030517578,100
151996.252,0.42280644178390514,0.1802779883146286,83.61803436279297,0.007839211262762547,0.08922811597585678,0.6774943470954895,1627,1483,1473,1619,0.23075328767299652,2.2041914463043213,1.5110564231872559,0,0,18.89892578125,2.243000030517578,100
152096.252,-0.17392286658287048,0.19812624156475067,83.60997009277344,0.00811571441590786,0.08751843869686127,0.6923761963844299,1617,1497,1484,1611,0.2326304167509079,2.203216791152954,1.5044422149658203,0,0,18.7490234375,2.244000196456909,100
152196.252,-0.4653569757938385,0.19885854423046112,83.61022186279297,0.006158741656690836,0.08567497879266739,0.6833869218826294,1425,1664,1656,1411,0.229546457529068,2.203023672103882,1.4966171979904175,0,0,18.59906005859375,2.244000196456909,100
152296.252,0.34801897406578053,0.23322808742523193,83.62513732910156,0.007878242991864681,0.08987078815698624,0.6764921545982361,1570,1544,1536,1562,0.22854894399642944,2.202019214630127,1.5045819282531738,0,0,18.44915771484375,2.244000196456909,100
152396.252,0.11881961673498154,0.24567781388759613,83.62841796875,0.0098771583288908,0.08568483591079712,0.6864833831787109,1658,1441,1428,1652,0.23124569654464722,2.2006568908691406,1.499845266342163,0,0,18.29925537109375,2.244000196456909,100
152496.252,-0.4923429489135742,0.25198641419410706,83.63644409179688,0.006902661640197039,0.08852115273475647,0.6801059246063232,1457,1641,1634,1446,0.22846923768520355,2.1994855403900146,1.5002690553665161,0,0,18.1463623046875,2.243000030517578,100
152596.252,0.2157621830701828,0.2560890316963196,83.61820983886719,0.007667882833629847,0.09025492519140244,0.7204850316047668,1516,1600,1593,1503,0.2255617380142212,2.1985602378845215,1.503006100654602,0,0,17.9964599609375,2.243000030517578,100
152696.252,0.33792418241500854,0.2798007130622864,83.63094329833984,0.011020722799003124,0.08686935156583786,0.6904429793357849,1673,1419,1406,1666,0.22762440145015717,2.1965456008911133,1.5028431415557861,0,0,17.85235595703125,2.241000175476074,100
152796.252,-0.4870651960372925,0.2717200815677643,83.65284729003906,0.00972749013453722,0.09035427868366241,0.6802933812141418,1484,1628,1621,1474,0.22532975673675537,2.1953988075256348,1.5139118432998657,0,0,17.70196533203125,2.241000175476074,100
152896.252,0.11132107675075531,0.2818604111671448,83.64029693603516,0.008176388218998909,0.08797737210988998,0.6855651140213013,1494,1616,1610,1483,0.22162887454032898,2.1937990188598633,1.4969671964645386,0,0,17.552001953125,2.239000082015991,100
152996.252,0.43789932131767273,0.2863433361053467,83.659423828125,0.011023144237697124,0.08693008869886398,0.6881821751594543,1662,1427,1415,1656,0.2232128530740738,2.1920363903045654,1.4953258037567139,0,0,17.402099609375,2.239000082015991,100
153096.252,-0.38314229249954235,0.2893611192703247,83.65396118164062,0.010735358111560345,0.09008054435253143,0.680507481098175,1548,1567,1558,1541,0.22237032651901245,2.1902482509613037,1.5030384063720703,0,0,17.24920654296875,2.2360000610351562,100
153196.252,-0.1832154840230942,0.2845379412174225,83.65106964111328,0.008509856648743153,0.08587700128555298,0.664749801158905,1441,1657,1651,1428,0.21835944056510925,2.1890482902526855,1.4955296516418457,0,0,17.09930419921875,2.2360000610351562,100
153296.252,0.45784109830856323,0.29543057084083557,83.67024230957031,0.008712904527783394,0.08922450244426727,0.6732455492019653,1630,1466,1455,1624,0.21916379034519196,2.186976671218872,1.4956209659576416,0,0,16.9493408203125,2.2340002059936523,100
153396.252,-0.1692042052745819,0.2854054570198059,83.67320251464844,0.011531900614500046,0.08853981643915176,0.7050551176071167,1609,1502,1492,1604,0.22081559896469116,2.1852810382843018,1.4981530904769897,0,0,16.7994384765625,2.2340002059936523,100
153496.252,-0.37643134593963623,0.2958797514438629,83.67271423339844,0.009271102026104927,0.08760193735361099,0.6867046356201172,1417,1674,1668,1404,0.21649877727031708,2.1837780475616455,1.503954529762268,0,0,16.6495361328125,2.2310001850128174,100
153596.252,0.4293498694896698,0.2896026074886322,83.655029296875,0.007092612329870462,0.09003081917762756,0.6634688973426819,1605,1506,1498,1596,0.21664144098758698,2.1823806762695312,1.505643606185913,0,0,16.49957275390625,2.2310001850128174,100
153696.252,0.06242484971880913,0.2922389805316925,83.67234802246094,0.012391979806125164,0.08636389672756195,0.673163115978241,1646,1449,1441,1639,0.21867769956588745,2.1802492141723633,1.494736909866333,0,0,16.34912109375,2.2280001640319824,100
153796.252,-0.5108445286750793,0.27881091833114624,83.68596649169922,0.011441707611083984,0.08812028914690018,0.6749505996704102,1433,1666,1660,1421,0.21553874015808105,2.1794376373291016,1.5089153051376343,0,0,16.19921875,2.2280001640319824,100
153896.252,-0.5108445286750793,0.27881091833114624,83.68596649169922,0.011441707611083984,0.08812028914690018,0.6749505996704102,1433,1666,1660,1421,0.21553874015808105,2.1794376373291016,1.5089153051376343,0,0,16.19921875,2.2250001430511475,100
153996.252,0.27950742840766896,0.28271421790122986,83.6777114868164,0.007860001176595688,0.09011837095022202,0.689899206161499,1540,1569,1562,1531,0.21423935890197754,2.177860736846924,1.4970359802246094,0,0,16.04925537109375,2.2250001430511475,100
154096.252,0.2105124592781067,0.3094443082809448,83.68775177001953,0.010710565373301506,0.08684857934713364,0.7091464996337891,1668,1433,1421,1662,0.21765725314617157,2.1773366928100586,1.5058432817459106,0,0,15.89935302734375,2.2220001220703125,100
154196.252,-0.4828636050224304,0.3478945791721344,83.69081115722656,0.011993808671832085,0.08958691358566284,0.6877843141555786,1463,1639,1631,1453,0.21494132280349731,2.1756815910339355,1.5063872337341309,0,0,15.7493896484375,2.2220001220703125,100
154296.252,0.1902608424425125,0.38131001591682434,83.68310546875,0.009194854646921158,0.08833370357751846,0.692986786365509,1510,1602,1596,1499,0.2123662382364273,2.1746997833251953,1.4969935417175293,0,0,15.6024169921875,2.2170000076293945,100
154396.252,0.44452396035194397,0.40885454416275024,83.69751739501953,0.008740769699215889,0.08737321197986603,0.7054564952850342,1671,1412,1400,1665,0.21390430629253387,2.1716084480285645,1.497485637664795,0,0,15.4525146484375,2.2170000076293945,100
154496.252,-0.43156087398529064,0.4128178358078003,83.68526458740234,0.011084473691880703,0.09050986170768738,0.6743313074111938,1509,1607,1599,1500,0.21296562254428864,2.169917583465576,1.5105135440826416,0,0,15.30255126953125,2.2110002040863037,100
154596.252,0.04987840354442591,0.41887810826301575,83.68478393554688,0.010865372605621815,0.0876348614692688,0.6954154968261719,1471,1636,1630,1459,0.20867297053337097,2.1669723987579346,1.5000498294830322,0,0,15.15264892578125,2.2110002040863037,100
154696.252,0.4727614521980285,0.4217741787433624,83.70425415039062,0.007620634976774454,0.08902596682310104,0.704944908618927,1672,1422,1410,1666,0.21108287572860718,2.1645491123199463,1.5075241327285767,0,0,15.002197265625,2.203000068664551,100
154796.252,-0.10459405928850174,0.4011186361312866,83.69440460205078,0.011188914999365807,0.08533868193626404,0.6891698241233826,1444,1652,1646,1431,0.20636093616485596,2.15887451171875,1.490964412689209,0,0,14.699462890625,2.196000099182129,100
154896.252,0.556172251701355,0.38853052258491516,83.70105743408203,0.008313741534948349,0.09006016701459885,0.6908944845199585,1648,1450,1439,1641,0.20690849423408508,2.155630350112915,1.503523349761963,0,0,14.5494384765625,2.196000099182129,100
154996.252,-0.19273047149181366,0.36277270317077637,83.69789123535156,0.00728275440633297,0.08907035738229752,0.6918845772743225,1583,1533,1522,1577,0.2082178145647049,2.1537179946899414,1.4984943866729736,0,0,14.3995361328125,2.190000057220459,100
155096.252,-0.22118020057678223,0.3446916341781616,83.70169067382812,0.010299105197191238,0.08585330843925476,0.6877174973487854,1424,1670,1663,1412,0.20348431169986725,2.151703119277954,1.499823808670044,0,0,14.2496337890625,2.190000057220459,100
155196.252,0.5249230861663818,0.3252779543399811,83.72283172607422,0.009702115319669247,0.08934187144041061,0.671949565410614,1612,1491,1482,1605,0.20379789173603058,2.150287389755249,1.497380018234253,0,0,14.09967041015625,2.18500018119812,100
155296.252,0.023731211200356483,0.3108588457107544,83.71001434326172,0.006898626685142517,0.08851464837789536,0.704120397567749,1631,1478,1465,1625,0.20499864220619202,2.148223638534546,1.4981043338775635,0,0,13.94976806640625,2.18500018119812,100
155396.252,-0.3474428355693817,0.27721038460731506,83.71981048583984,0.008175770752131939,0.08763506263494492,0.68603515625,1424,1670,1664,1411,0.20173634588718414,2.1478710174560547,1.5047664642333984,0,0,13.79937744140625,2.180999994277954,100
155496.252,0.4892423748970032,0.2669104039669037,83.7083511352539,0.009586438536643982,0.08905494958162308,0.6677954196929932,1580,1535,1527,1570,0.20007450878620148,2.1466546058654785,1.5026390552520752,0,0,13.64947509765625,2.180999994277954,100
155596.252,0.27400144934654236,0.2393808811903,83.72635650634766,0.008025103248655796,0.08543498069047928,0.6906529664993286,1655,1437,1426,1649,0.20268967747688293,2.1461222171783447,1.4899202585220337,0,0,13.49951171875,2.17900013923645,100
155696.252,-0.41852033138275146,0.21322613954544067,83.72918701171875,0.006239655427634716,0.0895473062992096,0.6954672932624817,1452,1650,1642,1442,0.19942384958267212,2.1458582878112793,1.5079710483551025,0,0,13.34954833984375,2.17900013923645,100
155796.252,0.3395821452140808,0.19600626826286316,83.72864532470703,0.007561245001852512,0.08905627578496933,0.6926769018173218,1530,1587,1579,1521,0.19742146134376526,2.146393060684204,1.5003451108932495,0,0,13.19671630859375,2.1780002117156982,100
155896.252,0.42206883430480957,0.19512195885181427,83.72721099853516,0.00743124820291996,0.08562599867582321,0.6763327121734619,1668,1423,1410,1662,0.19915147125720978,2.145956516265869,1.497821569442749,0,0,13.0467529296875,2.1780002117156982,100
155996.252,-0.3511575162410736,0.16498690843582153,83.75057983398438,0.0058296602219343185,0.08936599642038345,0.6712405681610107,1504,1599,1593,1495,0.19822020828723907,2.1469216346740723,1.4961169958114624,0,0,12.8968505859375,2.1780002117156982,100
156096.252,0.11516873538494105,0.14616866409778595,83.73794555664062,0.005628179293125868,0.08677433431148529,0.7108461856842041,1473,1636,1631,1461,0.19405053555965424,2.147681951522827,1.4975910186767578,0,0,12.7469482421875,2.1780002117156982,100
156196.252,0.5830642580986023,0.1357746422290802,83.74595642089844,0.007381627801805735,0.08736229687929153,0.6906205415725708,1659,1432,1421,1653,0.19595111906528473,2.1488537788391113,1.5003737211227417,0,0,12.60284423828125,2.180000066757202,100
156296.252,-0.13281631469726562,0.11612001061439514,83.74756622314453,0.0062881107442080975,0.08855555951595306,0.6787200570106506,1573,1535,1526,1565,0.19522497057914734,2.149604558944702,1.4908661842346191,0,0,12.452392578125,2.180000066757202,100
156396.252,-0.13326969742774963,0.07648371905088425,83.75446319580078,0.005291305016726255,0.08529955893754959,0.6892604827880859,1428,1669,1663,1417,0.19083523750305176,2.151228666305542,1.5010946989059448,0,0,12.302490234375,2.180000066757202,100
156496.252,0.6002539396286011,0.04270534589886665,83.76168060302734,0.0060301171615719795,0.08811827003955841,0.6696977019309998,1640,1472,1463,1633,0.1911039650440216,2.1524837017059326,1.4976345300674438,0,0,12.149658203125,2.183000087738037,100
156596.252,-0.029818620532751083,0.015666585415601727,83.74981689453125,0.0061517274007201195,0.085387222468853,0.686017632484436,1610,1510,1500,1604,0.1925419718027115,2.1544039249420166,1.4573826789855957,0,0,11.99969482421875,2.183000087738037,100
156696.252,-0.3220548927783966,0.028243694454431534,83.76581573486328,0.0052128261886537075,0.08519613742828369,0.6811425685882568,1429,1676,1670,1418,0.18882758915424347,2.1567277908325195,1.4322621822357178,0,0,11.85858154296875,2.188000202178955,100
156796.252,0.4699189066886901,0.15253956615924835,83.73988342285156,0.005743040237575769,0.08625365048646927,0.6657960414886475,1599,1533,1530,1587,0.1887858808040619,2.1582088470458984,1.3897136449813843,0,0,11.72039794921875,2.188000202178955,100
156896.252,0.1861862689256668,0.9538953304290771,83.77867126464844,0.005224498454481363,0.0825951024889946,0.667216420173645,1660,1459,1454,1652,0.1898246705532074,2.151280164718628,1.3380661010742188,0,0,11.5792236328125,2.190000057220459,100
156996.252,-0.3933626711368561,2.209549903869629,83.7615737915039,0.007318893913179636,0.08395402133464813,0.6572508215904236,1465,1658,1652,1454,0.18478477001190186,2.126084327697754,1.290082335472107,0,0,11.44976806640625,2.190000057220459,100
157096.252,0.20213301479816437,3.539316415786743,83.77680206298828,0.010626236908137798,0.08307770639657974,0.6563163995742798,1524,1604,1598,1516,0.17713868618011475,2.075592279434204,1.218986988067627,0,0,11.32037353515625,2.1500000953674316,100
157196.252,0.3645341098308563,4.72709321975708,83.7704849243164,0.008834363892674446,0.08192012459039688,0.6469025015830994,1677,1445,1433,1671,0.1728927195072174,2.0040745735168457,1.1758112907409668,0,0,11.19683837890625,2.1500000953674316,100
157296.252,-0.34669262170791626,5.752709865570068,83.76834869384766,0.005701667629182339,0.08330701291561127,0.6212621331214905,1535,1600,1592,1527,0.16233862936496735,1.9107497930526733,1.1121519804000854,0,0,11.0908203125,2.0310001373291016,100
157396.252,-0.11614818871021271,6.641685962677002,83.76126098632812,0.009302094578742981,0.08077047765254974,0.6407684087753296,1467,1661,1655,1454,0.14860935509204865,1.8017990589141846,1.0548913478851318,0,0,10.98236083984375,2.0310001373291016,100
157496.252,0.4399157166481018,7.481259346008301,83.76708984375,0.01108628325164318,0.0812724158167839,0.6256004571914673,1654,1477,1466,1647,0.1373843252658844,1.6765668392181396,1.0027010440826416,0,0,10.87933349609375,1.8310000896453857,100
157596.252,-0.12353459745645523,8.065582275390625,83.77886962890625,0.007887357845902443,0.07998412102460861,0.6209809184074402,1614,1522,1513,1608,0.12469027191400528,1.5373399257659912,0.9337487816810608,0,0,10.779296875,1.8310000896453857,100
157696.252,-0.3479594886302948,8.436917304992676,83.78652954101562,0.005877790041267872,0.07788213342428207,0.6029185056686401,1460,1669,1663,1452,0.10627090930938721,1.3918956518173218,0.8850777745246887,0,0,10.69085693359375,1.571000099182129,100
157796.252,0.27098119258880615,8.522282600402832,83.78726196289062,0.007090149447321892,0.08065498620271683,0.6077167987823486,1569,1571,1564,1562,0.09059368073940277,1.2415024042129517,0.8237594962120056,0,0,10.6116943359375,1.571000099182129,100
157896.252,0.25323212146759033,8.428863525390625,83.79993438720703,0.009206519462168217,0.07552199810743332,0.6012672185897827,1657,1460,1442,1656,0.07753077894449234,1.091184377670288,0.7687827348709106,0,0,10.53216552734375,1.2750000953674316,100
157996.252,-0.40078842639923096,7.928905010223389,83.78298950195312,0.008192562498152256,0.07949873805046082,0.5931497812271118,1525,1615,1605,1518,0.06292835623025894,0.9541133642196655,0.7581520080566406,0,0,10.4500732421875,1.2750000953674316,100
158096.252,-0.11392118781805038,7.312440395355225,83.78960418701172,0.007080266252160072,0.0750352218747139,0.5875594019889832,1478,1652,1646,1468,0.04611434414982796,0.81990647315979,0.6992456912994385,0,0,10.3792724609375,0.9860000610351562,100
158196.252,0.365762323141098,6.649270057678223,83.79402923583984,0.005860109347850084,0.07629687339067459,0.5734060406684875,1647,1500,1490,1640,0.03556998446583748,0.7001690864562988,0.6521310806274414,0,0,10.3089599609375,0.9860000610351562,100
158296.252,-0.09025893360376352,6.0016279220581055,83.80403900146484,0.005901878699660301,0.07388321310281754,0.5729745030403137,1628,1523,1514,1623,0.02544875629246235,0.5874456167221069,0.572429895401001,0,0,10.2498779296875,0.7300000190734863,100
158396.252,-0.4094224274158478,5.364895343780518,83.80974578857422,0.008649700321257114,0.07182814925909042,0.5581004619598389,1487,1658,1652,1479,0.013635261915624142,0.4878707826137543,0.4905160069465637,0,0,10.2030029296875,0.7300000190734863,100
158496.252,0.10449942201375961,4.763021469116211,83.80551147460938,0.00776966568082571,0.07133455574512482,0.5606656074523926,1558,1606,1600,1550,0.0037395108956843615,0.39819225668907166,0.40355512499809265,0,0,10.1497802734375,0.51500004529953,100
158596.252,0.2420494258403778,4.165477275848389,83.8160171508789,0.005865227896720171,0.06796230375766754,0.5191594958305359,1666,1489,1478,1661,-0.0009376704110763967,0.32009467482566833,0.31651103496551514,0,0,10.1175537109375,0.51500004529953,100
158696.252,-0.2709307074546814,3.5996038913726807,83.81768035888672,0.004841609392315149,0.0699586570262909,0.5183061361312866,1591,1575,1566,1585,-0.006908926647156477,0.2515842020511627,0.22213955223560333,0,0,10.08819580078125,0.34300002455711365,100
158796.252,-0.3506699800491333,3.0578880310058594,83.82801818847656,0.007958467118442059,0.06663446873426437,0.5045525431632996,1490,1664,1658,1481,-0.013509211130440235,0.19459055364131927,0.13477422297000885,0,0,10.07061767578125,0.34300002455711365,100
158896.252,0.1514599323272705,2.569735050201416,83.8296127319336,0.00756446085870266,0.06780219823122025,0.5026323795318604,1576,1589,1582,1569,-0.01798485405743122,0.14622615277767181,0.05111990123987198,0,0,10.06182861328125,0.2150000035762787,100
158996.252,0.20785300433635712,2.1109092235565186,83.85787200927734,0.006924348883330822,0.06460295617580414,0.4830663502216339,1661,1490,1482,1656,-0.018445415422320366,0.10729102790355682,-0.023571480065584183,0,0,10.06182861328125,0.2150000035762787,100
159096.252,-0.2952118217945099,1.7023849487304688,83.85301208496094,0.0045072101056575775,0.06690766662359238,0.48893603682518005,1587,1576,1568,1582,-0.0199495330452919,0.07589896023273468,-0.09240122139453888,0,0,10.07061767578125,0.125,100
159196.252,-0.36684930324554443,1.3228201866149902,83.87730407714844,0.005192657932639122,0.0647842139005661,0.4808325171470642,1488,1659,1655,1480,-0.022561343386769295,0.05248427763581276,-0.15338055789470673,0,0,10.07940673828125,0.125,100
159296.252,0.1164894551038742,0.9972550272941589,83.87533569335938,0.006271193735301495,0.06610070168972015,0.4808101952075958,1566,1590,1585,1559,-0.023719264194369316,0.034850236028432846,-0.20652787387371063,0,0,10.09991455078125,0.06800000369548798,100
159396.252,0.2342299073934555,0.7011510729789734,83.88834381103516,0.00769644184038043,0.06417779624462128,0.48051896691322327,1657,1486,1478,1652,-0.021465593948960304,0.023067127913236618,-0.24336136877536774,0,0,10.1175537109375,0.06800000369548798,100
159496.252,-0.2054783254861831,0.4393320679664612,83.90142822265625,0.006925615016371012,0.06591499596834183,0.48463812470436096,1593,1557,1551,1588,-0.020787864923477173,0.015833444893360138,-0.27865293622016907,0,0,10.1497802734375,0.03700000047683716,100
159596.252,-0.3577934503555298,0.20630191266536713,83.90117645263672,0.005027157254517078,0.06438730657100677,0.45722493529319763,1489,1649,1644,1482,-0.02137901820242405,0.013462143950164318,-0.3002578020095825,0,0,10.1795654296875,0.03700000047683716,100
159696.252,0.04682318493723875,0.02098439820110798,83.9100112915039,0.004299788735806942,0.06630554795265198,0.47081828117370605,1539,1604,1599,1532,-0.02141653560101986,0.014144053682684898,-0.3180359899997711,0,0,10.2117919921875,0.026000000536441803,100
159796.252,0.3268497586250305,-0.13740839064121246,83.92283630371094,0.005423794500529766,0.06642045080661774,0.4681330621242523,1642,1491,1485,1638,-0.018386585637927055,0.017795808613300323,-0.320002943277359,0,0,10.2410888671875,0.026000000536441803,100
159896.252,0.3268497586250305,-0.13740839064121246,83.92283630371094,0.005423794500529766,0.06642045080661774,0.4681330621242523,1642,1491,1485,1638,-0.018386585637927055,0.017795808613300323,-0.320002943277359,0,0,10.2410888671875,0.03100000135600567,100
159996.252,-0.021724531427025795,-0.260891318321228,83.92869567871094,0.007223529741168022,0.06601397693157196,0.4836854040622711,1616,1523,1516,1612,-0.016921883448958397,0.023590819910168648,-0.32787075638771057,0,0,10.2674560546875,0.03100000135600567,100
160096.252,-0.33169984817504883,-0.36165282130241394,83.93148040771484,0.008511469699442387,0.06671471893787384,0.4767834544181824,1496,1639,1634,1490,-0.016883794218301773,0.03179255500435829,-0.3226619362831116,0,0,10.3089599609375,0.04500000178813934,100
160196.252,-0.019314030185341835,-0.4282088279724121,83.94967651367188,0.006635006051510572,0.06591910868883133,0.4802219569683075,1514,1622,1618,1509,-0.017233585938811302,0.04083489254117012,-0.3312769830226898,0,0,10.3382568359375,0.04500000178813934,100
160296.252,0.23719768226146698,-0.5128476023674011,83.95244598388672,0.004504415672272444,0.06726837158203125,0.4702029824256897,1631,1502,1496,1627,-0.013411331921815872,0.05110940337181091,-0.3251688778400421,0,0,10.3704833984375,0.0650000050663948,100
160396.252,-0.27525487542152405,-0.6349421739578247,83.953857421875,0.004143765661865473,0.0658913105726242,0.48170608282089233,1629,1504,1496,1625,-0.007236578967422247,0.06247001141309738,-0.32576999068260193,0,0,10.3997802734375,0.0650000050663948,100
160496.252,-1.0686768293380737,-0.8246590495109558,83.96015930175781,0.0059938859194517136,0.06805016845464706,0.47283485531806946,1505,1624,1618,1501,0.0025147804990410805,0.07633360475301743,-0.308334618806839,0,0,10.4412841796875,0.09600000083446503,100
160596.252,-1.2408640384674072,-1.0148762464523315,83.97340393066406,0.007490650285035372,0.06570600718259811,0.47360241413116455,1492,1631,1627,1487,0.01854807138442993,0.09230776876211166,-0.2964607775211334,0,0,10.4705810546875,0.09600000083446503,100
160696.252,-2.013364791870117,-1.3851475715637207,83.99771881103516,0.008594498969614506,0.06665918231010437,0.4770609140396118,1636,1477,1471,1633,0.08106473833322525,0.13041946291923523,-0.23998798429965973,0,0,10.5203857421875,0.14600001275539398,100
160796.252,-2.9163153171539307,-1.5574554204940796,84.01646423339844,0.006848133634775877,0.07049154490232468,0.46737784147262573,1511,1607,1604,1506,0.12159264832735062,0.15278008580207825,-0.19260403513908386,0,0,10.5408935546875,0.22600001096725464,100
160896.252,-3.0426809787750244,-1.658111333847046,84.020263671875,0.004789919126778841,0.0689745619893074,0.48149698972702026,1472,1637,1634,1466,0.1679960936307907,0.17659692466259003,-0.15484187006950378,0,0,10.5584716796875,0.22600001096725464,100
160996.252,-2.7019643783569336,-1.6547588109970093,84.03633880615234,0.0036971522495150566,0.0722426176071167,0.49445921182632446,1610,1505,1501,1607,0.22085386514663696,0.20063653588294983,-0.10234411805868149,0,0,10.56781005859375,0.3290000259876251,100
161096.252,-2.949568271636963,-1.563731074333191,84.04071807861328,0.004977407865226269,0.06935588270425797,0.5117470026016235,1634,1474,1469,1631,0.27573081851005554,0.22360289096832275,-0.06574598699808121,0,0,10.5765380859375,0.3290000259876251,100
161196.252,-3.2774760723114014,-1.426846981048584,84.03355407714844,0.007044623140245676,0.07229295372962952,0.4986458420753479,1501,1613,1611,1496,0.32617297768592834,0.2451794445514679,-0.015934495255351067,0,0,10.59124755859375,0.4360000193119049,100
161296.252,-2.671470880508423,-1.1962722539901733,84.01520538330078,0.008808641694486141,0.069588802754879,0.5079601407051086,1479,1633,1631,1472,0.37216687202453613,0.2642054855823517,0.01215772982686758,0,0,10.59124755859375,0.4360000193119049,100
161396.252,-1.7402349710464478,-0.9012578129768372,84.01254272460938,0.008850622922182083,0.07264438271522522,0.5012131929397583,1619,1497,1495,1615,0.4143631160259247,0.27942511439323425,0.04726545140147209,0,0,10.5765380859375,0.5270000100135803,100
161496.252,-1.4971553087234497,-0.562333881855011,83.99992370605469,0.008963121101260185,0.06980351358652115,0.504450798034668,1631,1486,1481,1628,0.4480479061603546,0.29011619091033936,0.06116551533341408,0,0,10.5765380859375,0.5270000100135803,100
161596.252,-1.3697866201400757,-0.23572008311748505,83.99227905273438,0.007770325057208538,0.07211929559707642,0.5066020488739014,1495,1626,1622,1491,0.4691241383552551,0.2968140244483948,0.0787760466337204,0,0,10.56781005859375,0.581000030040741,100
161696.252,-0.46062174439430237,0.07830970734357834,83.99384307861328,0.00656491843983531,0.06977030634880066,0.5058146119117737,1494,1629,1627,1490,0.4791964590549469,0.29871952533721924,0.07630080729722977,0,0,10.5584716796875,0.581000030040741,100
161796.252,0.49977362155914307,0.36548012495040894,84.00792694091797,0.004588472191244364,0.07197754085063934,0.5109483599662781,1632,1493,1489,1630,0.4826081395149231,0.2966599762439728,0.08042177557945251,0,0,10.5496826171875,0.5950000286102295,100
161896.252,0.5244382619857788,0.5873854756355286,83.9987564086914,0.0046690055169165134,0.0701877623796463,0.5205367803573608,1624,1505,1499,1622,0.47719117999076843,0.2905374765396118,0.06728633493185043,0,0,10.5408935546875,0.5950000286102295,100
161996.252,0.3534640371799469,0.7016587853431702,84.00738525390625,0.005610500928014517,0.0711384117603302,0.5133129358291626,1489,1637,1634,1486,0.4641839563846588,0.28296101093292236,0.06555457413196564,0,0,10.5408935546875,0.5760000348091125,100
162096.252,0.7775927186012268,0.7414917349815369,84.01472473144531,0.007704799994826317,0.06977763026952744,0.5123916864395142,1510,1619,1616,1507,0.4483710527420044,0.2736729085445404,0.05181605741381645,0,0,10.53216552734375,0.5760000348091125,100
162196.252,1.132440209388733,0.7592898607254028,84.0145034790039,0.008930985815823078,0.0703670009970665,0.5110651254653931,1641,1482,1480,1639,0.43635469675064087,0.2644173800945282,0.05169399827718735,0,0,10.53216552734375,0.5760000348091125,100
162296.252,0.8790444731712341,0.8547837734222412,84.02534484863281,0.009041901677846909,0.06953749805688858,0.5214263796806335,1612,1519,1517,1609,0.4217323064804077,0.2540193200111389,0.041823793202638626,0,0,10.5203857421875,0.5440000295639038,100
162396.252,0.9144759178161621,1.0297305583953857,84.02081298828125,0.008986995555460453,0.06995363533496857,0.5165693759918213,1474,1648,1645,1470,0.4002183675765991,0.24267767369747162,0.04237471893429756,0,0,10.5203857421875,0.5440000295639038,100
162496.252,1.8204865455627441,1.2564674615859985,84.03021240234375,0.008374967612326145,0.07053059339523315,0.5182071924209595,1527,1603,1601,1524,0.3716698884963989,0.22787073254585266,0.03132779151201248,0,0,10.5115966796875,0.5,100
162596.252,2.5211782455444336,1.4842263460159302,84.04509735107422,0.007039438933134079,0.06986670196056366,0.5055781006813049,1647,1473,1470,1645,0.3389063775539398,0.210396409034729,0.03196697309613228,0,0,10.5115966796875,0.5,100
162696.252,2.507225513458252,1.7194010019302368,84.04949951171875,0.005326796323060989,0.07062502950429916,0.5047158598899841,1599,1533,1529,1596,0.29611310362815857,0.1893448680639267,0.024344785138964653,0,0,10.5115966796875,0.4300000071525574,100
162796.252,2.705690383911133,1.9098241329193115,84.06802368164062,0.0041366987861692905,0.06984680145978928,0.5125049352645874,1472,1650,1647,1468,0.24349772930145264,0.16635790467262268,0.024522211402654648,0,0,10.4969482421875,0.4300000071525574,100
162896.252,3.462376594543457,2.0329573154449463,84.06986999511719,0.003799284575507045,0.07130322605371475,0.5250900387763977,1544,1590,1587,1541,0.18478229641914368,0.14061516523361206,0.020132500678300858,0,0,10.4969482421875,0.328000009059906,100
162996.252,3.680401563644409,2.048872947692871,84.0761489868164,0.004907676018774509,0.06965034455060959,0.514372706413269,1653,1466,1462,1651,0.12728764116764069,0.11445733904838562,0.019410233944654465,0,0,10.4969482421875,0.328000009059906,100
163096.252,3.0578439235687256,2.001394510269165,84.0691146850586,0.00558514054864645,0.07124296575784683,0.5310723781585693,1581,1554,1550,1579,0.06810788065195084,0.08815817534923553,0.01657089591026306,0,0,10.4969482421875,0.20800000429153442,100
163196.252,2.674360513687134,1.8554630279541016,84.07312774658203,0.0069049508310854435,0.06926614046096802,0.5134403109550476,1464,1655,1652,1462,0.010654790326952934,0.06432828307151794,0.01743926666676998,0,0,10.4969482421875,0.20800000429153442,100
163296.252,2.718937635421753,1.6389158964157104,84.06474304199219,0.0076859877444803715,0.07070287317037582,0.5083885788917542,1558,1574,1571,1556,-0.03933630511164666,0.042011748999357224,0.011272504925727844,0,0,10.4881591796875,0.10100000351667403,100
163396.252,2.187781810760498,1.346677303314209,84.0572280883789,0.00882449559867382,0.06795379519462585,0.5044316053390503,1653,1464,1460,1652,-0.07556094229221344,0.023809103295207024,0.011576062068343163,0,0,10.4881591796875,0.10100000351667403,100
163496.252,1.0328973531723022,1.0513931512832642,84.05998229980469,0.008389879949390888,0.07129005342721939,0.5103507041931152,1575,1556,1554,1574,-0.10295448452234268,0.009034433402121069,0.009764639660716057,0,0,10.4881591796875,0.07000000029802322,100
163596.252,0.3467474579811096,0.7439701557159424,84.04588317871094,0.00896507129073143,0.06857270002365112,0.5017696619033813,1464,1653,1651,1461,-0.12110074609518051,-0.0006347098387777805,0.010016442276537418,0,0,10.4881591796875,0.07000000029802322,100
163696.252,0.3017224371433258,0.4889849126338959,84.0545883178711,0.007324827369302511,0.07156463712453842,0.5141856074333191,1559,1571,1569,1558,-0.1276855319738388,-0.0074226977303624144,0.007807492278516293,0,0,10.4881591796875,0.09600000083446503,100
163796.252,-0.09352118521928787,0.2570248246192932,84.06542205810547,0.006778428331017494,0.06890255212783813,0.49311167001724243,1652,1464,1463,1650,-0.12157568335533142,-0.010648640803992748,0.008291895501315594,0,0,10.4881591796875,0.09600000083446503,100
163896.252,-0.8659723401069641,0.1257776916027069,84.06173706054688,0.005019566044211388,0.07130495458841324,0.5130389928817749,1573,1556,1555,1571,-0.11123732477426529,-0.011884134262800217,0.0041793277487158775,0,0,10.4881591796875,0.0990000069141388,100
163996.252,-1.0342414379119873,0.06008603051304817,84.0603256225586,0.004027016926556826,0.06998918950557709,0.5040857791900635,1462,1654,1653,1459,-0.10005232691764832,-0.010904310271143913,0.008313260972499847,0,0,10.4881591796875,0.0990000069141388,100
164096.252,-0.4739473760128021,0.058756787329912186,84.06571960449219,0.0029113581404089928,0.0722525417804718,0.5137100219726562,1564,1567,1565,1562,-0.0872601717710495,-0.010367689654231071,0.00617529870942235,0,0,10.4881591796875,0.08000000566244125,100
164196.252,-0.406452476978302,0.057857003062963486,84.06964874267578,0.00410828972235322,0.06949583441019058,0.5132827758789062,1654,1463,1461,1653,-0.0721888467669487,-0.009529069066047668,0.00720183365046978,0,0,10.4793701171875,0.08000000566244125,100
164296.252,-0.9183462262153625,0.07878395915031433,84.06603240966797,0.004654208663851023,0.07213249057531357,0.5020431280136108,1558,1574,1572,1556,-0.06024821102619171,-0.009150927886366844,0.007929690182209015,0,0,10.4793701171875,0.05700000375509262,100
164396.252,-0.8794326782226562,0.07982354611158371,84.06785583496094,0.005363591481000185,0.06868138909339905,0.509117841720581,1465,1652,1651,1463,-0.05087895691394806,-0.008204201236367226,0.0038428939878940582,0,0,10.4793701171875,0.05700000375509262,100
164496.252,-0.304442822933197,0.09196693450212479,84.06851196289062,0.0062103853560984135,0.07172828912734985,0.5055837631225586,1576,1554,1552,1574,-0.0407990925014019,-0.008092451840639114,0.0037383234594017267,0,0,10.4793701171875,0.03700000047683716,100
164596.252,-0.2586994767189026,0.09005237370729446,84.07284545898438,0.008488100953400135,0.06842903047800064,0.5065772533416748,1650,1468,1465,1649,-0.029207507148385048,-0.007661095820367336,0.0017724946374073625,0,0,10.4793701171875,0.03700000047683716,100
164696.252,-0.6990652084350586,0.09270051121711731,84.06778717041016,0.007797896862030029,0.07192060351371765,0.511013388633728,1552,1579,1576,1550,-0.02134017087519169,-0.00753747345879674,0.0036257500760257244,0,0,10.4793701171875,0.02200000174343586,100
164796.252,-0.6134636402130127,0.08756525069475174,84.07251739501953,0.009048637934029102,0.06840939074754715,0.5113630890846252,1466,1651,1650,1463,-0.016360081732273102,-0.0064521427266299725,0.0007111325394362211,0,0,10.4793701171875,0.02200000174343586,100
164896.252,-0.04609372094273567,0.11091369390487671,84.07048797607422,0.0093235420063138,0.07115976512432098,0.5037495493888855,1581,1549,1547,1579,-0.010646479204297066,-0.006227089092135429,0.00317341648042202,0,0,10.4793701171875,0.017000000923871994,100
164996.252,-0.059144120663404465,0.11696968972682953,84.0748291015625,0.010240741074085236,0.06787945330142975,0.511061429977417,1652,1468,1466,1650,-0.0031955873128026724,-0.005907044280320406,0.002377692610025406,0,0,10.4793701171875,0.017000000923871994,100
165096.252,-0.5227648615837097,0.13370712101459503,84.07542419433594,0.00879712589085102,0.07111198455095291,0.5052564740180969,1543,1587,1585,1542,0.0006800057599321008,-0.005955332890152931,0.003957938402891159,0,0,10.4793701171875,0.021000001579523087,100
165196.252,-0.3994005620479584,0.1325989067554474,84.0758285522461,0.008404538966715336,0.06777012348175049,0.5039780139923096,1467,1650,1649,1465,0.0024153345730155706,-0.0053185331635177135,-0.0006334129138849676,0,0,10.4793701171875,0.021000001579523087,100
165296.252,0.1892676204442978,0.15655617415905,84.08147430419922,0.007999034598469734,0.07145285606384277,0.49741244316101074,1591,1539,1537,1590,0.004846910014748573,-0.005549139343202114,0.004568298812955618,0,0,10.4793701171875,0.02500000037252903,100
165396.252,0.1320180743932724,0.165731742978096,84.08294677734375,0.00722206337377429,0.06828019767999649,0.5029881000518799,1650,1469,1465,1649,0.008225524798035622,-0.005635964684188366,0.0003798449761234224,0,0,10.4793701171875,0.02500000037252903,100
165496.252,-0.37764206528663635,0.1790425032377243,84.06883239746094,0.006143736187368631,0.0715843141078949,0.49621710181236267,1530,1601,1598,1529,0.008175037801265717,-0.006063236854970455,0.006823625415563584,0,0,10.4793701171875,0.027000000700354576,100
165596.252,-0.17955675721168515,0.1751464605331421,84.07373046875,0.005314480513334274,0.06837195158004761,0.4998927712440491,1475,1646,1644,1473,0.006490957923233509,-0.005964561831206083,-0.00035452458541840315,0,0,10.4793701171875,0.027000000700354576,100
165696.252,0.3311799168586731,0.18332445621490479,84.07938385009766,0.004207438323646784,0.07179639488458633,0.49341103434562683,1597,1532,1531,1595,0.006762433331459761,-0.006661901716142893,0.0040162429213523865,0,0,10.4793701171875,0.027000000700354576,100
165796.252,0.3311799168586731,0.18332445621490479,84.07938385009766,0.004207438323646784,0.07179639488458633,0.49341103434562683,1597,1532,1531,1595,0.006762433331459761,-0.006661901716142893,0.0040162429213523865,0,0,10.4793701171875,0.027000000700354576,100
165896.252,0.23488378524780273,0.186606764793396,84.07535552978516,0.003760772757232189,0.06829717755317688,0.5077215433120728,1648,1471,1469,1647,0.007854126393795013,-0.0068693989887833595,-0.0009210408898070455,0,0,10.4793701171875,0.02500000037252903,100
165996.252,-0.27767401933670044,0.19027280807495117,84.08618927001953,0.0031687121372669935,0.07129845768213272,0.498285174369812,1526,1603,1601,1525,0.005914829671382904,-0.007498809136450291,0.0032919226214289665,0,0,10.4793701171875,0.02500000037252903,100
166096.252,-0.11166780441999435,0.1956605613231659,84.08636474609375,0.002964046085253358,0.06878391653299332,0.5117048621177673,1474,1645,1644,1473,0.0028991217259317636,-0.007437857333570719,-0.0022339867427945137,0,0,10.4793701171875,0.02200000174343586,100
166196.252,0.3802409470081329,0.20808948576450348,84.08555603027344,0.0034080957993865013,0.07149370014667511,0.48986250162124634,1605,1523,1521,1604,0.0018802742706611753,-0.008472134359180927,0.0022201749961823225,0,0,10.4793701171875,0.02200000174343586,100
166296.252,0.17726463079452517,0.18930917978286743,84.0952377319336,0.004390102345496416,0.0690026804804802,0.5112188458442688,1643,1477,1475,1643,0.0024281099904328585,-0.008861050009727478,-0.002110309200361371,0,0,10.4793701171875,0.01900000125169754,100
166396.252,-0.31891661882400507,0.19831998646259308,84.08870697021484,0.004247643519192934,0.07203277200460434,0.5049350261688232,1517,1610,1608,1516,0.0003624525561463088,-0.00960803497582674,0.004674829076975584,0,0,10.4793701171875,0.01900000125169754,100
166496.252,-0.11972174793481827,0.2064003348350525,84.08601379394531,0.005522606428712606,0.06812001764774323,0.5031285285949707,1479,1640,1639,1477,-0.0022514367010444403,-0.009691596031188965,-0.0036925417371094227,0,0,10.4793701171875,0.017000000923871994,100
166596.252,0.3808348774909973,0.21387390792369843,84.0999526977539,0.006613935809582472,0.07211115956306458,0.499351441860199,1611,1515,1513,1611,-0.0026672782842069864,-0.010863516479730606,0.004139138851314783,0,0,10.4793701171875,0.017000000923871994,100
166696.252,-0.3246283233165741,0.20718440413475037,84.08430480957031,0.007264784537255764,0.07181275635957718,0.5036019682884216,1505,1622,1619,1504,-0.004725296515971422,-0.012260603718459606,0.0071985479444265366,0,0,10.4793701171875,0.015000000596046448,100
166796.252,-0.03650860860943794,0.20612172782421112,84.09224700927734,0.008060348220169544,0.06828392297029495,0.5082264542579651,1487,1634,1633,1487,-0.007859748788177967,-0.012387645430862904,-0.0029121830593794584,0,0,10.4793701171875,0.013000000268220901,100
166896.252,0.388441801071167,0.20486944913864136,84.09295654296875,0.008763779886066914,0.07085564732551575,0.49540239572525024,1618,1505,1504,1618,-0.008120205253362656,-0.013461791910231113,0.002483022166416049,0,0,10.4793701171875,0.013000000268220901,100
166996.252,0.10078518092632294,0.2045019567012787,84.09671783447266,0.008703041821718216,0.06751152127981186,0.4935620129108429,1636,1482,1482,1635,-0.0069184573367238045,-0.014079361222684383,-0.005190742202103137,0,0,10.4793701171875,0.01100000087171793,100
167096.252,-0.3445124626159668,0.21192510426044464,84.10225677490234,0.00800598505884409,0.07046298682689667,0.4834553599357605,1509,1614,1614,1509,-0.008891584351658821,-0.0149544607847929,0.001995363272726536,0,0,10.4793701171875,0.01100000087171793,100
167196.252,-0.11814568191766739,0.20185837149620056,84.0933609008789,0.008858159184455872,0.06775695085525513,0.5028441548347473,1481,1639,1638,1479,-0.01126821804791689,-0.01529568713158369,-0.0037258455995470285,0,0,10.4793701171875,0.009000000543892384,100
167296.252,0.31909427046775823,0.20375379920005798,84.08712005615234,0.008709587156772614,0.07101050019264221,0.4930509924888611,1614,1511,1510,1612,-0.010495387017726898,-0.016419854015111923,0.0025180478114634752,0,0,10.4793701171875,0.009000000543892384,100
167396.252,0.07930269092321399,0.19568493962287903,84.09453582763672,0.00937891099601984,0.06841852515935898,0.5152895450592041,1639,1482,1481,1638,-0.00860707089304924,-0.016800960525870323,-0.0008900963584892456,0,0,10.4793701171875,0.00800000037997961,100
167496.252,-0.36234939098358154,0.20152856409549713,84.10492706298828,0.008287209086120129,0.07099822163581848,0.5004525780677795,1506,1618,1617,1505,-0.010281670838594437,-0.017632413655519485,0.004392362665385008,0,0,10.4793701171875,0.00800000037997961,100
167596.252,-0.06490790098905563,0.19986200332641602,84.10550689697266,0.00863022543489933,0.06892950087785721,0.5065263509750366,1487,1635,1635,1486,-0.01254977099597454,-0.017685245722532272,-0.00029349152464419603,0,0,10.4793701171875,0.007000000216066837,100
167696.252,0.37878298759460444,0.20197106897830963,84.11328887939453,0.008111967705190182,0.0708789974451065,0.5001587867736816,1625,1498,1497,1626,-0.012089159339666367,-0.018742986023426056,0.006796466652303935,0,0,10.4793701171875,0.007000000216066837,100
167796.252,0.04052409902215004,0.19993869960308075,84.10017395019531,0.008150452747941017,0.06860210001468658,0.4931701421737671,1628,1495,1492,1628,-0.010454559698700905,-0.01927284337580204,-0.0025236925575882196,0,0,10.4793701171875,0.006000000052154064,100
167896.252,-0.3980106711387634,0.20023798942565918,84.09026336669922,0.00725963618606329,0.0703631117939949,0.48642072081565857,1496,1629,1627,1495,-0.012030655518174171,-0.020192870870232582,0.005357069429010153,0,0,10.4793701171875,0.006000000052154064,100
167996.252,-0.07136939465999603,0.1931111365556717,84.09505462646484,0.0071084946393966675,0.06859830766916275,0.5017411708831787,1496,1627,1627,1494,-0.013340969569981098,-0.020467540249228477,-0.0029001689981669188,0,0,10.4793701171875,0.005000000353902578,100
168096.252,0.347455769777298,0.18936757743358612,84.1008071899414,0.00679753627628088,0.07091587036848068,0.49857214093208313,1631,1492,1491,1630,-0.011941555887460709,-0.021543502807617188,0.004073384217917919,0,0,10.4793701171875,0.005000000353902578,100
168196.252,0.000898872793186456,0.16881629824638367,84.09191131591797,0.00643637590110302,0.06978107243776321,0.5123159289360046,1622,1503,1502,1621,-0.010495456866919994,-0.021954208612442017,-0.0025040111504495135,0,0,10.4793701171875,0.005000000353902578,100
168296.252,-0.34990471601486206,0.1679704636335373,84.09359741210938,0.0052537680603563786,0.07051056623458862,0.5024420022964478,1488,1634,1634,1487,-0.012307200580835342,-0.022148435935378075,0.002893781289458275,0,0,10.4793701171875,0.006000000052154064,100
168396.252,0.002480749972164631,0.1564561128616333,84.09717559814453,0.004732069093734026,0.06945834308862686,0.5136292576789856,1506,1619,1619,1505,-0.013970337808132172,-0.02195611596107483,-0.0031332240905612707,0,0,10.4793701171875,0.006000000052154064,100
168496.252,0.3566529452800751,0.1573517769575119,84.09825897216797,0.00409191707149148,0.0706334114074707,0.507886528968811,1635,1485,1484,1635,-0.012643968686461449,-0.02227536402642727,0.0020064625423401594,0,0,10.4793701171875,0.007000000216066837,100
168596.252,-0.028350720182061195,0.1596585214138031,84.09607696533203,0.003586685284972191,0.06921916455030441,0.5209072232246399,1617,1509,1507,1617,-0.011033318005502224,-0.0223535168915987,-0.0033068654593080282,0,0,10.4793701171875,0.007000000216066837,100
168696.252,-0.37365400791168213,0.1663958877325058,84.09699249267578,0.003313804278150201,0.07052869349718094,0.5048936605453491,1482,1638,1637,1482,-0.012695042416453362,-0.022526545450091362,0.004225251264870166,0,0,10.4793701171875,0.00800000037997961,100
168796.252,0.07373301684856415,0.15840105712413788,84.10584259033203,0.0030264570377767086,0.06994069367647171,0.49805787205696106,1511,1614,1614,1511,-0.014147445559501648,-0.022337621077895164,-0.001537682255730033,0,0,10.4793701171875,0.00800000037997961,100
168896.252,0.4052352011203766,0.15969319641590118,84.10310363769531,0.0029940269887447357,0.07045657932758331,0.5061789155006409,1640,1479,1478,1639,-0.012929956428706646,-0.02265828102827072,0.003625633893534541,0,0,10.4793701171875,0.00800000037997961,100
168996.252,0.010607210919260979,0.15696869790554047,84.09696197509766,0.0026589478366076946,0.0705210417509079,0.5019816756248474,1610,1496,1494,1609,-0.01178556215018034,-0.022552773356437683,0.013884271495044231,0,0,10.4793701171875,0.00800000037997961,100
169096.252,-0.3519614040851593,0.15792033076286316,84.10100555419922,0.0026630298234522343,0.07524927705526352,0.5475037097930908,1456,1624,1624,1456,-0.01423141174018383,-0.02237904630601406,0.08527378737926483,0,0,10.4705810546875,0.006000000052154064,100
169196.252,0.10617770999670034,0.14820672571659088,84.09719848632812,0.0027394266799092293,0.07622271776199341,0.5461785197257996,1483,1600,1599,1482,-0.01619604602456093,-0.021742036566138268,0.17093537747859955,0,0,10.4617919921875,0.006000000052154064,100
169296.252,0.47617557644844055,0.15998290479183197,84.09817504882812,0.003444630652666092,0.0777142196893692,0.5505402684211731,1629,1439,1438,1628,-0.015082652680575848,-0.021793559193611145,0.2741697132587433,0,0,10.4412841796875,0.005000000353902578,100
169396.252,-0.04575284942984581,0.1592537760734558,84.0967025756836,0.0035577688831835985,0.07935614883899689,0.5701608061790466,1584,1491,1490,1584,-0.014541423879563808,-0.021486423909664154,0.3701980412006378,0,0,10.4085693359375,0.005000000353902578,100
169496.252,-0.32193586230278015,0.16872265934944153,84.09817504882812,0.0040849074721336365,0.07902426272630692,0.5890788435935974,1419,1639,1638,1419,-0.01791042648255825,-0.021238476037979126,0.4822687804698944,0,0,10.3616943359375,0.003000000026077032,100
169596.252,0.3118504583835602,0.15489137172698975,84.09681701660156,0.004348034504801035,0.08187904208898544,0.615679919719696,1534,1553,1553,1533,-0.01924450509250164,-0.020844966173171997,0.5869433879852295,0,0,10.3089599609375,0.003000000026077032,100
169696.252,0.3439565598964691,0.1626361757516861,84.1051254272461,0.0050043812952935696,0.07797637581825256,0.5992482900619507,1653,1425,1424,1653,-0.01720660738646984,-0.021241892129182816,0.6485253572463989,0,0,10.2498779296875,0.0020000000949949026,100
169796.252,-0.34381625056266785,0.15741656720638275,84.10475158691406,0.004985115025192499,0.07972113788127899,0.5805456638336182,1519,1593,1593,1518,-0.01790625974535942,-0.021212415769696236,0.6857534646987915,0,0,10.1795654296875,0.0020000000949949026,100
169896.252,-0.11841776967048645,0.16265060007572174,84.10153198242188,0.005743467248976231,0.076694056391716,0.5807189345359802,1458,1649,1648,1457,-0.020698877051472664,-0.021379804238677025,0.6838960647583008,0,0,10.10870361328125,0.0020000000949949026,100
169996.252,0.3940412998199463,0.14470221102237701,84.10189819335938,0.006181748583912849,0.07732785493135452,0.5791028141975403,1628,1492,1491,1628,-0.019201790913939476,-0.021485667675733566,0.6684709787368774,0,0,10.052978515625,0.0020000000949949026,100
170096.252,-0.028812598437070847,0.1419944018125534,84.10234832763672,0.006154520902782679,0.07475681602954865,0.5854379534721375,1626,1503,1503,1625,-0.01716657169163227,-0.021904384717345238,0.6304500699043274,0,0,9.982177734375,0.003000000026077032,100
170196.252,-0.3930218815803528,0.13106706738471985,84.0921630859375,0.006173837464302778,0.07605094462633133,0.5771886110305786,1472,1644,1643,1470,-0.018885714933276176,-0.021467983722686768,0.5987187027931213,0,0,9.92071533203125,0.003000000026077032,100
170296.252,0.1413162797689438,0.1429356187582016,84.09100341796875,0.007359433453530073,0.07575294375419617,0.5735181570053101,1519,1607,1606,1518,-0.020762698724865913,-0.021464986726641655,0.5655316710472107,0,0,9.85870361328125,0.004000000189989805,100
170396.252,0.3744240701198578,0.12899671494960785,84.10240173339844,0.008300418965518475,0.07474100589752197,0.5725138187408447,1654,1458,1458,1654,-0.01846996508538723,-0.02144901268184185,0.5487326383590698,0,0,9.808837890625,0.004000000189989805,100
170496.252,-0.20156297087669373,0.13236944377422333,84.0992660522461,0.007292275782674551,0.07622943818569183,0.5865625739097595,1578,1548,1548,1578,-0.017884427681565285,-0.021426428109407425,0.5317783355712891,0,0,9.749755859375,0.004000000189989805,100
170596.252,-0.2942035496234894,0.12825509905815125,84.10059356689453,0.007482834625989199,0.07336866855621338,0.5649005770683289,1449,1657,1657,1447,-0.020314699038863182,-0.02081320434808731,0.5186585187911987,0,0,9.699951171875,0.004000000189989805,100
170696.252,0.3388805389404297,0.1398945152759552,84.09115600585938,0.00793141033500433,0.0772620141506195,0.5644987225532532,1569,1553,1552,1568,-0.02102409303188324,-0.02070508897304535,0.5100283026695251,0,0,9.647216796875,0.004000000189989805,100
170796.252,0.2534208297729492,0.13822700083255768,84.10102844238281,0.008499283343553543,0.07335236668586731,0.5798179507255554,1654,1454,1454,1654,-0.018718421459197998,-0.020632991567254066,0.5021512508392334,0,0,9.59979248046875,0.004000000189989805,100
170896.252,-0.3492967486381531,0.1495503932237625,84.09864044189453,0.007300347555428743,0.07675980031490326,0.5441538691520691,1521,1600,1600,1521,-0.019423136487603188,-0.020658565685153008,0.5060381889343262,0,0,9.54998779296875,0.004000000189989805,100
170996.252,-0.15420731902122498,0.14227433502674103,84.10138702392578,0.008187280036509037,0.0728735402226448,0.5430166125297546,1458,1646,1646,1458,-0.021307585760951042,-0.020236289128661156,0.4905202090740204,0,0,9.49725341796875,0.004000000189989805,100
171096.252,0.4366033375263214,0.1411927342414856,84.09078216552734,0.009104639291763306,0.0767047330737114,0.5607653260231018,1617,1498,1498,1617,-0.020283421501517296,-0.020408743992447853,0.49840235710144043,0,0,9.44989013671875,0.006000000052154064,100
171196.252,0.06545813381671906,0.13881833851337433,84.08661651611328,0.008890797384083271,0.07378493994474411,0.5780383944511414,1628,1486,1486,1627,-0.01804503984749317,-0.020366599783301353,0.4894583821296692,0,0,9.40008544921875,0.006000000052154064,100
171296.252,-0.3613192141056061,0.13983722031116486,84.09807586669922,0.008296412415802479,0.07618939876556396,0.55758136510849,1472,1638,1638,1471,-0.019922442734241486,-0.0201057530939579,0.4976639449596405,0,0,9.34686279296875,0.006000000052154064,100
171396.252,0.1547030657529831,0.13633407652378082,84.0865478515625,0.0083082914352417,0.07577424496412277,0.5664934515953064,1507,1609,1609,1505,-0.021526554599404335,-0.019653484225273132,0.48917561769485474,0,0,9.29998779296875,0.006000000052154064,100
171496.252,0.47813817858695984,0.14404591917991638,84.0886001586914,0.009387977421283722,0.07549826055765152,0.5705407857894897,1649,1457,1456,1648,-0.02023969031870365,-0.019799502566456795,0.49318721890449524,0,0,9.25018310546875,0.007000000216066837,100
171596.252,-0.11068538576364517,0.14171545207500458,84.10447692871094,0.008206430822610855,0.07629568129777908,0.587960958480835,1581,1539,1540,1581,-0.01988779380917549,-0.019606634974479675,0.49106481671333313,0,0,9.19696044921875,0.007000000216066837,100
171696.252,-0.3245735466480255,0.15691593289375305,84.09817504882812,0.008506319485604763,0.07460473477840424,0.5713933110237122,1446,1653,1653,1446,-0.02253875508904457,-0.019606109708547592,0.49132612347602844,0,0,9.1588134765625,0.006000000052154064,100
171796.252,-0.3245735466480255,0.15691593289375305,84.09817504882812,0.008506319485604763,0.07460473477840424,0.5713933110237122,1446,1653,1653,1446,-0.02253875508904457,-0.019606109708547592,0.49132612347602844,0,0,9.1588134765625,0.006000000052154064,100
171896.252,0.29784560203552246,0.15974661707878113,84.09768676757812,0.009010915644466877,0.07618069648742676,0.5774954557418823,1552,1569,1569,1552,-0.023246916010975838,-0.0193089060485363,0.4902080297470093,0,0,9.1090087890625,0.005000000353902578,100
171996.252,0.41995686292648315,0.16410429775714874,84.08816528320312,0.009814144112169743,0.07383319735527039,0.5736566781997681,1656,1448,1447,1655,-0.02231762371957302,-0.019932836294174194,0.49279728531837463,0,0,9.0616455078125,0.005000000353902578,100
172096.252,-0.19528470933437347,0.1609535962343216,84.08796691894531,0.008151146583259106,0.07689714431762695,0.5530433058738708,1549,1572,1571,1548,-0.022812513634562492,-0.019811447709798813,0.495667964220047,0,0,9.0089111328125,0.0020000000949949026,100
172196.252,-0.13175129890441895,0.16207881271839142,84.08287048339844,0.008376482874155045,0.07331924885511398,0.5586329102516174,1447,1654,1653,1447,-0.026860889047384262,-0.02001139707863331,0.4912515878677368,0,0,8.96197509765625,0.0020000000949949026,100
172296.252,0.4787895083427429,0.16099342703819275,84.09579467773438,0.008775505237281322,0.07700114697217941,0.5504480004310608,1593,1524,1524,1593,-0.027532154694199562,-0.019849814474582672,0.4963444471359253,0,0,8.91168212890625,0,100
172396.252,0.24371513724327087,0.1557626873254776,84.09142303466797,0.00860031321644783,0.07346056401729584,0.5723626613616943,1644,1466,1466,1644,-0.026893557980656624,-0.020451921969652176,0.49267706274986267,0,0,8.8590087890625,0,100
172496.252,-0.31583309173583984,0.1497620940208435,84.0954360961914,0.00785018503665924,0.07671108841896057,0.5496386289596558,1498,1615,1616,1497,-0.028368066996335983,-0.020169558003544807,0.49931806325912476,0,0,8.81158447265625,0.0010000000474974513,100
172596.252,0.46246302127838135,0.14060965180397034,84.10285949707031,0.00880841352045536,0.07575412839651108,0.559979259967804,1632,1476,1476,1633,-0.029936859384179115,-0.01999024488031864,0.49833643436431885,0,0,8.70904541015625,0.003000000026077032,100
172696.252,-0.006390426773577873,0.14520905911922455,84.0944595336914,0.008191874250769615,0.07490868866443634,0.57745361328125,1611,1507,1505,1611,-0.028996337205171585,-0.02035040408372879,0.49489256739616394,0,0,8.66168212890625,0.003000000026077032,100
172796.252,-0.3310873806476593,0.13824498653411865,84.08847045898438,0.007502520922571421,0.0753636285662651,0.5615590214729309,1458,1648,1648,1457,-0.030777228996157646,-0.01985175535082817,0.5010840892791748,0,0,8.62066650390625,0.004000000189989805,100
172896.252,0.23222829401493073,0.14272430539131165,84.09134674072266,0.007869254797697067,0.07646089792251587,0.571071982383728,1527,1591,1590,1527,-0.032590631395578384,-0.019934630021452904,0.49603113532066345,0,0,8.56787109375,0.004000000189989805,100
172996.252,0.3959735333919525,0.13661426305770874,84.09638214111328,0.008499588817358017,0.07467690110206604,0.5766366720199585,1654,1448,1448,1654,-0.030070042237639427,-0.019800709560513496,0.4978505074977875,0,0,8.5205078125,0.004000000189989805,100
173096.252,-0.22518591582775116,0.14516577124595642,84.09352111816406,0.007201171945780516,0.077141672372818,0.5731714963912964,1559,1563,1563,1559,-0.029932452365756035,-0.02004077471792698,0.5011374354362488,0,0,8.470703125,0.004000000189989805,100
173196.252,-0.2443334311246872,0.1422407329082489,84.0843734741211,0.007292586378753185,0.07455535233020782,0.5677307844161987,1446,1657,1656,1445,-0.03176119178533554,-0.019549928605556488,0.5004600286483765,0,0,8.41796875,0.005000000353902578,100
173296.252,0.3814772069454193,0.14507931470870972,84.08707427978516,0.007132585626095533,0.07773483544588089,0.563033401966095,1581,1536,1536,1581,-0.031978823244571686,-0.019920457154512405,0.5009928345680237,0,0,8.37060546875,0.005000000353902578,100
173396.252,0.2708192765712738,0.1408020406961441,84.09429168701172,0.007492838893085718,0.07450059056282043,0.5698570609092712,1651,1453,1452,1652,-0.029396606609225273,-0.019794663414359093,0.4976811707019806,0,0,8.31787109375,0.006000000052154064,100
173496.252,-0.33815476298332214,0.14755603671073914,84.0870590209961,0.006662972271442413,0.0769900530576706,0.5555247068405151,1506,1612,1611,1505,-0.030844634398818016,-0.01997707411646843,0.5067315697669983,0,0,8.267578125,0.006000000052154064,100
173596.252,-0.05695885047316551,0.1479463279247284,84.08778381347656,0.006813144776970148,0.07450846582651138,0.5587969422340393,1472,1638,1638,1472,-0.03238777071237564,-0.01956729032099247,0.5009450316429138,0,0,8.220703125,0.007000000216066837,100
173696.252,0.45180344581604004,0.15101417899131775,84.08157348632812,0.007365712895989418,0.07679618149995804,0.5643854141235352,1628,1481,1481,1628,-0.03108747862279415,-0.02015470154583454,0.5038695335388184,0,0,8.16796875,0.007000000216066837,100
173796.252,0.02367505244910717,0.1476476639509201,84.07730102539062,0.007065660785883665,0.07520975917577744,0.5867846012115479,1618,1499,1498,1617,-0.028971901163458824,-0.020191416144371033,0.49830859899520874,0,0,8.12060546875,0.007000000216066837,100
173896.252,-0.35518789291381836,0.1382524073123932,84.08827209472656,0.0059931171126663685,0.07602526247501373,0.5673924684524536,1460,1647,1647,1460,-0.03133454918861389,-0.020220734179019928,0.5060623288154602,0,0,8.07073974609375,0.007000000216066837,100
173996.252,0.16905313730239868,0.13200883567333221,84.09104919433594,0.005687022116035223,0.07618442922830582,0.5720165967941284,1524,1594,1595,1524,-0.03203636780381203,-0.019675755873322487,0.500709593296051,0,0,8.0179443359375,0.007000000216066837,100
174096.252,0.4030873775482178,0.1372479647397995,84.08870697021484,0.006366674788296223,0.07589034736156464,0.5754222273826599,1655,1447,1447,1655,-0.029920443892478943,-0.020082442089915276,0.5017966032028198,0,0,7.9705810546875,0.007000000216066837,100
174196.252,-0.23124924302101135,0.13244925439357758,84.0863037109375,0.005731668788939714,0.07689272612333298,0.5767016410827637,1564,1557,1557,1564,-0.029071057215332985,-0.01999182254076004,0.5008523464202881,0,0,7.92083740234375,0.007000000216066837,100
174296.252,-0.28532662987709045,0.13746358454227448,84.0782241821289,0.0056706988252699375,0.07464204728603363,0.569212019443512,1445,1658,1657,1445,-0.031177155673503876,-0.019913826137781143,0.5022108554840088,0,0,7.8675537109375,0.007000000216066837,100
174396.252,0.3317715525627136,0.1325596421957016,84.0887451171875,0.005695332307368517,0.07778120040893555,0.5544282793998718,1580,1538,1538,1580,-0.030098654329776764,-0.019742200151085854,0.5018373727798462,0,0,7.8206787109375,0.007000000216066837,100
174496.252,0.2447517365217209,0.14267340302467346,84.07817077636719,0.00540178781375289,0.07356587052345276,0.5553471446037292,1651,1453,1452,1651,-0.02740553952753544,-0.02012333646416664,0.49663299322128296,0,0,7.7708740234375,0.007000000216066837,100
174596.252,-0.34508681297302246,0.13629615306854248,84.08136749267578,0.0048746634274721146,0.07670795917510986,0.544050395488739,1512,1605,1605,1512,-0.02764788083732128,-0.019893093034625053,0.5030533671379089,0,0,7.7176513671875,0.007000000216066837,100
174696.252,-0.08308088779449463,0.1430456042289734,84.0903091430664,0.004867666866630316,0.0742328092455864,0.555508553981781,1463,1643,1643,1463,-0.030023910105228424,-0.019784217700362206,0.49547186493873596,0,0,7.6707763671875,0.00800000037997961,100
174796.252,0.4128982722759247,0.13485030829906464,84.09259796142578,0.004959488287568092,0.07627371698617935,0.5593792200088501,1630,1496,1497,1630,-0.028499210253357887,-0.019680043682456017,0.49202245473861694,0,0,7.6209716796875,0.00800000037997961,100
174896.252,-0.011202078312635422,0.13579364120960236,84.09201049804688,0.004686122294515371,0.07220041006803513,0.5699090361595154,1629,1519,1519,1629,-0.02689404785633087,-0.020005453377962112,0.4356740713119507,0,0,7.57354736328125,0.009000000543892384,100
174996.252,-0.3429260849952698,0.1294546276330948,84.07978057861328,0.004130235407501459,0.07027921080589294,0.5370800495147705,1494,1653,1652,1493,-0.028516601771116257,-0.019698267802596092,0.3485691547393799,0,0,7.52960205078125,0.009000000543892384,100
175096.252,0.11130075156688685,0.14190973341464996,84.0875244140625,0.004235021770000458,0.06906122714281082,0.5341506600379944,1547,1614,1615,1547,-0.02972148358821869,-0.019915413111448288,0.2469717413187027,0,0,7.49737548828125,0.010000000707805157,100
175196.252,0.32637178897857666,0.1297564059495926,84.08655548095703,0.00412340322509408,0.0672927051782608,0.5178785920143127,1654,1491,1491,1654,-0.0271922517567873,-0.02004934474825859,0.1578136831521988,0,0,7.47979736328125,0.010000000707805157,100
175296.252,-0.0863504484295845,0.13247285783290863,84.0867919921875,0.0038887467235326767,0.06832350045442581,0.5094761252403259,1605,1541,1542,1605,-0.025962496176362038,-0.02034546621143818,0.08772490173578262,0,0,7.46807861328125,0.01100000087171793,100
175396.252,-0.30016860365867615,0.1288978010416031,84.07512664794922,0.003707334166392684,0.06815890967845917,0.5075423717498779,1481,1651,1651,1480,-0.027828847989439964,-0.01983870565891266,0.04613117873668671,0,0,7.45880126953125,0.01100000087171793,100
175496.252,0.14413921535015106,0.1424439400434494,84.07723999023438,0.0035672185476869345,0.06931060552597046,0.5158841609954834,1540,1598,1597,1540,-0.029196636751294136,-0.01987432688474655,0.010747279040515423,0,0,7.45880126953125,0.01100000087171793,100
175596.252,0.3191874623298645,0.1347920149564743,84.08012390136719,0.0031584594398736954,0.06894075870513916,0.5098899602890015,1647,1477,1476,1646,-0.027033356949687004,-0.019922392442822456,-0.0065173497423529625,0,0,7.45880126953125,0.01100000087171793,100
175696.252,-0.1549906581640244,0.13487398624420166,84.07521057128906,0.00334826554171741,0.06996303051710129,0.5197054147720337,1596,1537,1536,1595,-0.02555302530527115,-0.020112447440624237,-0.02041434869170189,0,0,7.45880126953125,0.012000000104308128,100
175796.252,-0.3566240072250366,0.12798291444778442,84.07103729248047,0.0032830003183335066,0.06876352429389954,0.49924004077911377,1470,1649,1649,1470,-0.026860099285840988,-0.01962651126086712,-0.022048097103834152,0,0,7.46807861328125,0.012000000104308128,100
175896.252,0.11506839096546173,0.1396014541387558,84.07707214355469,0.002980419434607029,0.06988128274679184,0.5153469443321228,1541,1590,1590,1540,-0.02733328565955162,-0.019655020907521248,-0.028350627049803734,0,0,7.46807861328125,0.013000000268220901,100
175996.252,0.2930217385292053,0.13495947420597076,84.07217407226562,0.0031899316236376762,0.06949488818645477,0.5063095092773438,1649,1468,1468,1648,-0.024893004447221756,-0.019685175269842148,-0.023886289447546005,0,0,7.46807861328125,0.013000000268220901,100
176096.252,-0.2083321362733841,0.14761830866336823,84.06753540039062,0.003009683219715953,0.0708485096693039,0.5233809947967529,1588,1541,1541,1587,-0.023516319692134857,-0.019997654482722282,-0.025889430195093155,0,0,7.47979736328125,0.014000000432133675,100
176196.252,-0.39038658142089844,0.13496488332748413,84.06755065917969,0.0028694455977529287,0.06938055157661438,0.5059572458267212,1467,1648,1647,1466,-0.024256307631731033,-0.01981440931558609,-0.020496711134910583,0,0,7.47979736328125,0.014000000432133675,100
176296.252,0.13364416360855103,0.138302281498909,84.07290649414062,0.002544414484873414,0.07141664624214172,0.5179100036621094,1544,1584,1584,1544,-0.024403952062129974,-0.019965946674346924,-0.018087182193994522,0,0,7.47979736328125,0.013000000268220901,100
176396.252,0.2853744328022003,0.13545887172222137,84.08118438720703,0.0025291636120527983,0.06966423988342285,0.5128329992294312,1653,1462,1462,1653,-0.021813279017806053,-0.0199846550822258,-0.009743824601173401,0,0,7.47979736328125,0.013000000268220901,100
176496.252,-0.24066556990146637,0.1398477703332901,84.07360076904297,0.0028036057483404875,0.07166805118322372,0.5200214385986328,1576,1552,1551,1576,-0.020944133400917053,-0.020189879462122917,-0.010151032358407974,0,0,7.47979736328125,0.013000000268220901,100
176596.252,-0.369340181350708,0.13399772346019745,84.07086944580078,0.0028738027904182673,0.06964287161827087,0.511495053768158,1461,1653,1653,1460,-0.022415107116103172,-0.019772851839661598,-0.003863789839670063,0,0,7.47979736328125,0.013000000268220901,100
176696.252,0.14557291567325592,0.14331050217151642,84.0648422241211,0.0028588748537003994,0.07211502641439438,0.5179415345191956,1559,1570,1570,1557,-0.022082053124904633,-0.019978860393166542,-0.0030132250394672155,0,0,7.48858642578125,0.012000000104308128,100
176796.252,0.1997414529323578,0.13383935391902924,84.07096099853516,0.002673479961231351,0.06976902484893799,0.5036820769309998,1652,1461,1461,1651,-0.018559880554676056,-0.020140787586569786,-0.0008448216249234974,0,0,7.48858642578125,0.012000000104308128,100
176896.252,-0.3499959707260132,0.13974644243717194,84.07146453857422,0.0028082539793103933,0.07213617861270905,0.5180673003196716,1566,1563,1563,1565,-0.016749607399106026,-0.02044598199427128,0.00201264675706625,0,0,7.48858642578125,0.01100000087171793,100
176996.252,-0.39015042781829834,0.13019265234470367,84.06952667236328,0.0028172798920422792,0.06900549679994583,0.5107007026672363,1463,1652,1652,1462,-0.017259327694773674,-0.020172735676169395,0.0037796262186020613,0,0,7.48858642578125,0.01100000087171793,100
177096.252,0.16658848524093628,0.136683389544487,84.06253814697266,0.002859555883333087,0.07176309078931808,0.5166600942611694,1569,1561,1560,1567,-0.016278771683573723,-0.02036513015627861,0.005440820474177599,0,0,7.48858642578125,0.00800000037997961,100
177196.252,0.2168155312538147,0.13690848648548126,84.07987213134766,0.0029342924244701862,0.06840232759714127,0.5043134093284607,1649,1463,1463,1650,-0.013161392882466316,-0.020573588088154793,0.0035261509474366903,0,0,7.48858642578125,0.00800000037997961,100
177296.252,-0.3279228210449219,0.14468081295490265,84.07093811035156,0.002643682062625885,0.07167064398527145,0.5104880928993225,1562,1566,1565,1562,-0.011830485425889492,-0.020907752215862274,0.00594920851290226,0,0,7.48858642578125,0.005000000353902578,100
177396.252,-0.37591752409935,0.13663357496261597,84.0673599243164,0.00254788133315742,0.06861463189125061,0.49550187587738037,1463,1650,1650,1463,-0.012620734982192516,-0.020790183916687965,0.00599490012973547,0,0,7.47979736328125,0.005000000353902578,100
177496.252,0.18698973953723907,0.1342887431383133,84.0749740600586,0.0027243674267083406,0.07116483151912689,0.5088398456573486,1561,1567,1567,1561,-0.012277021072804928,-0.020924042910337448,0.007814912125468254,0,0,7.47979736328125,0.003000000026077032,100
177596.252,0.2871929705142975,0.12793652713298798,84.0730972290039,0.002869104268029332,0.06883630901575089,0.49730587005615234,1649,1465,1465,1649,-0.00991266593337059,-0.020907297730445862,0.007871579378843307,0,0,7.47979736328125,0.003000000026077032,100
177696.252,0.2871929705142975,0.12793652713298798,84.0730972290039,0.002869104268029332,0.06883630901575089,0.49730587005615234,1649,1465,1465,1649,-0.00991266593337059,-0.020907297730445862,0.007871579378843307,0,0,7.47979736328125,0.003000000026077032,100
177796.252,-0.25615599751472473,0.12948505580425262,84.07098388671875,0.0030471670906990767,0.07147806882858276,0.5128652453422546,1567,1561,1561,1567,-0.009878775104880333,-0.020926401019096375,0.00906425155699253,0,0,7.47979736328125,0.003000000026077032,100
177896.252,-0.3436844050884247,0.13348783552646637,84.07157135009766,0.002904224442318082,0.06907337158918381,0.5193783044815063,1463,1654,1653,1462,-0.0114364018663764,-0.02031063660979271,0.010805017314851284,0,0,7.47979736328125,0.003000000026077032,100
177996.252,0.17487692832946777,0.13772547245025635,84.06211853027344,0.002487297635525465,0.07144124805927277,0.5093187093734741,1570,1560,1560,1569,-0.0109910499304533,-0.02064121887087822,0.010175955481827259,0,0,7.47979736328125,0.003000000026077032,100
178096.252,0.19858165085315704,0.14083173871040344,84.06362915039062,0.002724079182371497,0.06894132494926453,0.5085802674293518,1654,1463,1462,1654,-0.007962707430124283,-0.020601587370038033,0.010731790214776993,0,0,7.47979736328125,0.0020000000949949026,100
178196.252,-0.3129938542842865,0.14070409536361694,84.06616973876953,0.0029311124235391617,0.07084155082702637,0.5058444142341614,1556,1571,1570,1556,-0.007572989910840988,-0.021045954897999763,0.0069504473358392715,0,0,7.47979736328125,0.0020000000949949026,100
178296.252,-0.30852264165878296,0.14174745976924896,84.06912994384766,0.0031066860537976027,0.06854100525379181,0.5106894969940186,1463,1652,1652,1463,-0.009181092493236065,-0.020701274275779724,0.007897451519966125,0,0,7.47979736328125,0.0010000000474974513,100
178396.252,0.21018573641777039,0.1425597071647644,84.0707778930664,0.003222846891731024,0.07165420800447464,0.5107162594795227,1572,1555,1555,1572,-0.00875448901206255,-0.021175967529416084,0.005821287631988525,0,0,7.46807861328125,0.0010000000474974513,100
178496.252,0.19700373709201813,0.1333049088716507,84.07381439208984,0.003118193242698908,0.06863919645547867,0.5151162147521973,1651,1464,1464,1651,-0.005721604451537132,-0.021272823214530945,0.005550900008529425,0,0,7.46807861328125,0.0010000000474974513,100
178596.252,-0.2835162878036499,0.13075868785381317,84.06746673583984,0.003538401797413826,0.06815139949321747,0.49833762645721436,1462,1651,1651,1463,-0.007228253409266472,-0.020971478894352913,0.003459945786744356,0,0,7.46807861328125,0.0010000000474974513,100
178696.252,0.23120296001434326,0.12740059196949005,84.06571960449219,0.003533195937052369,0.07130526006221771,0.496845006942749,1573,1556,1555,1573,-0.007349345367401838,-0.021169638261198997,0.004845418501645327,0,0,7.46807861328125,0.0010000000474974513,100
178796.252,0.22611817717552185,0.12223943322896957,84.0687026977539,0.0031704476568847895,0.0682939663529396,0.5031605958938599,1653,1460,1461,1653,-0.004801269620656967,-0.020995866507291794,0.004410012625157833,0,0,7.46807861328125,0.0020000000949949026,100
178896.252,-0.29718267917633057,0.12318991124629974,84.07270812988281,0.0033788420259952545,0.07189594954252243,0.49882033467292786,1555,1574,1574,1555,-0.0047235870733857155,-0.02109174244105816,0.004870533011853695,0,0,7.46807861328125,0.0020000000949949026,100
178996.252,-0.26728740334510803,0.12448754161596298,84.069580078125,0.003505502827465534,0.06902701407670975,0.5043780207633972,1462,1652,1652,1463,-0.006960677448660135,-0.020292459055781364,0.0038174299988895655,0,0,7.46807861328125,0.0020000000949949026,100
179096.252,0.22544033825397486,0.13223797082901,84.06871795654297,0.0035241241566836834,0.07144127041101456,0.49793189764022827,1571,1556,1555,1571,-0.007205788511782885,-0.020475126802921295,0.0013326728949323297,0,0,7.46807861328125,0.0020000000949949026,100
179196.252,0.23662029206752777,0.13538038730621338,84.0694580078125,0.0036415341310203075,0.06882000714540482,0.5038071870803833,1651,1461,1461,1651,-0.004979443736374378,-0.02040497586131096,0.0016845926875248551,0,0,7.46807861328125,0.0020000000949949026,100
179296.252,-0.27006465196609497,0.13425858318805695,84.06179809570312,0.003310472471639514,0.07085368782281876,0.49462929368019104,1559,1570,1570,1559,-0.004975710064172745,-0.020695574581623077,0.005202866159379482,0,0,7.46807861328125,0.0020000000949949026,100
179396.252,-0.29153791069984436,0.12657831609249115,84.05602264404297,0.0036457639653235674,0.06867942959070206,0.5058374404907227,1460,1654,1653,1460,-0.00716200890019536,-0.020089853554964066,0.0057252803817391396,0,0,7.46807861328125,0.0020000000949949026,100
179496.252,0.2268432229757309,0.13076207041740417,84.06599426269531,0.0036604655906558037,0.07174783945083618,0.5076407790184021,1573,1555,1555,1574,-0.00724902655929327,-0.020304769277572632,0.005452499724924564,0,0,7.45880126953125,0.0020000000949949026,100
179596.252,0.2086617648601532,0.13203048706054688,84.06524658203125,0.004012848250567913,0.06889939308166504,0.5095987915992737,1652,1462,1462,1652,-0.004678280558437109,-0.02017616480588913,0.005322951357811689,0,0,7.45880126953125,0.003000000026077032,100
179696.252,-0.3107171058654785,0.13350889086723328,84.06903839111328,0.003632832784205675,0.07198210060596466,0.5049019455909729,1553,1575,1575,1553,-0.004462605342268944,-0.020563580095767975,0.006200193427503109,0,0,7.45880126953125,0.003000000026077032,100
179796.252,-0.2646705210208893,0.13328510522842407,84.06346130371094,0.00399435730651021,0.06820575147867203,0.49221715331077576,1463,1652,1652,1463,-0.006557555869221687,-0.01998956874012947,0.005427494645118713,0,0,7.45880126953125,0.004000000189989805,100
179896.252,0.275355726480484,0.13353294134140015,84.06565856933594,0.0038777238223701715,0.07156641781330109,0.49556612968444824,1577,1551,1551,1577,-0.007035517133772373,-0.02023058384656906,0.005335775204002857,0,0,7.45880126953125,0.004000000189989805,100
179996.252,0.22566533088684082,0.12997525930404663,84.05950927734375,0.004029875621199608,0.0681033581495285,0.5067643523216248,1653,1463,1462,1653,-0.004758147057145834,-0.02009068988263607,0.004600767511874437,0,0,7.45880126953125,0.005000000353902578,100
180096.252,-0.3199510872364044,0.1351415067911148,84.06243896484375,0.0036142817698419094,0.07165589928627014,0.5036450624465942,1548,1580,1580,1548,-0.004845038987696171,-0.020311422646045685,0.004047342110425234,0,0,7.45880126953125,0.005000000353902578,100
180196.252,-0.2763013541698456,0.12381968647241592,84.05892181396484,0.0038051914889365435,0.0675421878695488,0.49562641978263855,1463,1651,1651,1463,-0.0066629331558942795,-0.019976479932665825,0.0009534900891594584,0,0,7.45880126953125,0.005000000353902578,100
180296.252,0.2771809995174408,0.12191729247570038,84.06097412109375,0.00388359441421926,0.07111737877130508,0.49976375699043274,1578,1549,1549,1577,-0.006790268700569868,-0.019946610555052757,0.002023768611252308,0,0,7.45880126953125,0.005000000353902578,100
180396.252,0.24154014885425568,0.12415599822998047,84.06393432617188,0.0040569487027823925,0.06802882254123688,0.49619975686073303,1651,1462,1462,1651,-0.004853426944464445,-0.01969042234122753,0.0005877237417735159,0,0,7.45880126953125,0.005000000353902578,100
180496.252,-0.2949763238430023,0.14789657294750214,84.06640625,0.00365610234439373,0.07111997157335281,0.49487146735191345,1549,1579,1579,1549,-0.005218988750129938,-0.019817128777503967,0.0020409103017300367,0,0,7.45880126953125,0.006000000052154064,100
180596.252,-0.24627536535263062,0.14750656485557556,84.0547866821289,0.00380040449090302,0.0680394098162651,0.5016215443611145,1464,1650,1650,1464,-0.007511796895414591,-0.019519072026014328,-0.0012396167730912566,0,0,7.45880126953125,0.006000000052154064,100
180696.252,0.26759073138237,0.15401114523410797,84.05844116210938,0.004266481846570969,0.07128646224737167,0.5023050308227539,1578,1551,1552,1578,-0.008261461742222309,-0.0197336133569479,0.002177408197894692,0,0,7.45880126953125,0.006000000052154064,100
180796.252,0.21291512250900269,0.15485221147537231,84.0549087524414,0.004556654952466488,0.06837636232376099,0.5101637244224548,1650,1466,1466,1650,-0.006222093012183905,-0.01992632821202278,0.0003718113002832979,0,0,7.45880126953125,0.006000000052154064,100
180896.252,-0.31835630536079407,0.1657988578081131,84.06156158447266,0.003959691617637873,0.07141516357660294,0.5035163760185242,1545,1584,1585,1544,-0.006214169319719076,-0.02035803534090519,0.0034551348071545367,0,0,7.45001220703125,0.006000000052154064,100
180996.252,-0.22156602144241333,0.15424904227256775,84.05902862548828,0.004014526028186083,0.06826291978359222,0.5129721760749817,1468,1650,1650,1468,-0.00817298423498869,-0.020204288884997368,0.0008530946797691286,0,0,7.45001220703125,0.006000000052154064,100
181096.252,0.30996716022491455,0.17292910814285278,84.06124114990234,0.004296267870813608,0.07198525965213776,0.5088445544242859,1592,1536,1536,1592,-0.00808771327137947,-0.020761650055646896,0.003727414645254612,0,0,7.45001220703125,0.007000000216066837,100
181196.252,0.21305754780769348,0.16667819023132324,84.06227111816406,0.00427146116271615,0.067870132625103,0.501641571521759,1648,1469,1469,1648,-0.006501501426100731,-0.02126327157020569,-0.002836036495864392,0,0,7.45001220703125,0.007000000216066837,100
181296.252,-0.31271764636039734,0.16638416051864624,84.05133056640625,0.004078243859112263,0.07164762914180756,0.4971446394920349,1533,1595,1594,1533,-0.007567340973764658,-0.021707944571971893,0.0006845800671726461,0,0,7.45001220703125,0.007000000216066837,100
181396.252,-0.19023357331752777,0.16084934771060944,84.05875396728516,0.004117049742490053,0.06806209683418274,0.4953262507915497,1470,1648,1648,1470,-0.009674356319010258,-0.021679142490029335,-0.002382018137723208,0,0,7.45001220703125,0.007000000216066837,100
181496.252,0.3135412335395813,0.16451023519039154,84.0548324584961,0.004517757799476385,0.07139820605516434,0.4909895956516266,1599,1528,1527,1599,-0.009026535786688328,-0.02225923351943493,0.0008716476731933658,0,0,7.45001220703125,0.007000000216066837,100
181596.252,0.1387634128332138,0.16351348161697388,84.06167602539062,0.00459680613130331,0.06852806359529495,0.4966844320297241,1645,1472,1472,1646,-0.006759163923561573,-0.022655537351965904,-0.004228389821946621,0,0,7.45001220703125,0.007000000216066837,100
181696.252,-0.3649362623691559,0.16943703591823578,84.06083679199219,0.004186864010989666,0.07138311117887497,0.49685612320899963,1519,1607,1607,1519,-0.007640128023922443,-0.023152226582169533,0.00161650066729635,0,0,7.45001220703125,0.00800000037997961,100
181796.252,-0.15198838710784912,0.15257398784160614,84.05901336669922,0.004513824358582497,0.06863812357187271,0.49618908762931824,1466,1638,1639,1467,-0.009662789292633533,-0.02310529537498951,0.0041904142126441,0,0,7.45001220703125,0.00800000037997961,100
181896.252,0.3870789706707001,0.15278534591197968,84.06758880615234,0.004619297571480274,0.074588343501091,0.5281227827072144,1593,1499,1499,1594,-0.009210128337144852,-0.023371417075395584,0.059036329388618476,0,0,7.45001220703125,0.009000000543892384,100
181996.252,0.1404606252908707,0.1475282907485962,84.06483459472656,0.004681517370045185,0.07404971867799759,0.5383571982383728,1631,1443,1443,1632,-0.007109842263162136,-0.023403136059641838,0.14309197664260864,0,0,7.44122314453125,0.009000000543892384,100
182096.252,-0.4000554382801056,0.16315434873104095,84.05027770996094,0.004239766392856836,0.07827751338481903,0.5455862879753113,1477,1599,1599,1478,-0.008280768059194088,-0.023484379053115845,0.24285155534744263,0,0,7.42071533203125,0.010000000707805157,100
182196.252,-0.06180545687675476,0.15418319404125214,84.05213928222656,0.0041344608180224895,0.07623476535081863,0.5897960662841797,1459,1624,1623,1460,-0.010133043862879276,-0.023166952654719353,0.33296191692352295,0,0,7.38848876953125,0.010000000707805157,100
182296.252,0.43596181273460394,0.159439817070961,84.05360412597656,0.00455014081671834,0.07802332937717438,0.560073971748352,1630,1459,1459,1630,-0.008608588017523289,-0.023619795218110085,0.4078042507171631,0,0,7.35333251953125,0.01100000087171793,100
182396.252,-0.05851224809885025,0.152862086892128,84.05452728271484,0.004408181644976139,0.07740377634763718,0.5740842223167419,1603,1498,1498,1603,-0.007368683815002441,-0.02382780611515045,0.44678446650505066,0,0,7.308837890625,0.01100000087171793,100
182496.252,-0.3225401043891907,0.14783327281475067,84.05763244628906,0.004491404164582491,0.07652507722377777,0.5815126895904541,1448,1646,1647,1448,-0.01048997137695551,-0.02386966533958912,0.4818763732910156,0,0,7.25909423828125,0.010000000707805157,100
182596.252,0.25618237257003784,0.1390882432460785,84.06231689453125,0.0046113356947898865,0.0775744840502739,0.5885308980941772,1534,1577,1577,1535,-0.012255960144102573,-0.023574646562337875,0.4978175163269043,0,0,7.21221923828125,0.010000000707805157,100
182696.252,0.3902752995491028,0.1402827948331833,84.05245208740234,0.004628817085176706,0.07518716901540756,0.5617859363555908,1655,1443,1442,1655,-0.01091078668832779,-0.02393900789320469,0.5143870711326599,0,0,7.158935546875,0.009000000543892384,100
182796.252,-0.2552351951599121,0.13263662159442902,84.05393981933594,0.004744683392345905,0.078069306910038,0.5661388635635376,1553,1563,1563,1553,-0.011106887832283974,-0.02375931479036808,0.5183497071266174,0,0,7.112060546875,0.009000000543892384,100
182896.252,-0.24455946683883667,0.1338547021150589,84.04846954345703,0.00455863494426012,0.0739918053150177,0.5744276642799377,1447,1655,1655,1447,-0.01406888011842966,-0.023558244109153748,0.5196857452392578,0,0,7.06170654296875,0.00800000037997961,100
182996.252,0.365913063287735,0.12535151839256287,84.0500259399414,0.004907479044049978,0.0774301066994667,0.5577097535133362,1593,1526,1526,1592,-0.013826853595674038,-0.023381920531392097,0.5241351127624512,0,0,7.000244140625,0.00800000037997961,100
183096.252,0.20029255747795105,0.12729480862617493,84.05181884765625,0.004609018098562956,0.07402820885181427,0.5553951859474182,1649,1457,1457,1649,-0.012246403843164444,-0.023564208298921585,0.5180806517601013,0,0,6.94744873046875,0.007000000216066837,100
183196.252,-0.3784220516681671,0.12526044249534607,84.04785919189453,0.004675552248954773,0.07696183770895004,0.5486917495727539,1502,1612,1611,1502,-0.013562176376581192,-0.02315732277929783,0.5180347561836243,0,0,6.90008544921875,0.007000000216066837,100
183296.252,-0.08246565610170364,0.12639953196048737,84.0466537475586,0.0048375558108091354,0.07361505925655365,0.5635486245155334,1476,1635,1635,1476,-0.01600569486618042,-0.022984331473708153,0.5085023045539856,0,0,6.850341796875,0.006000000052154064,100
183396.252,0.4002251923084259,0.1199045404791832,84.04598999023438,0.004964851774275303,0.07649486511945724,0.557700514793396,1630,1481,1481,1630,-0.014285179786384106,-0.02281639166176319,0.5127243995666504,0,0,6.803466796875,0.006000000052154064,100
183496.252,-0.05258914828300476,0.1251237690448761,84.0514907836914,0.004643477965146303,0.07520643621683121,0.5629151463508606,1617,1501,1501,1617,-0.01263077650219202,-0.022957663983106613,0.5067338943481445,0,0,6.74139404296875,0.005000000353902578,100
183596.252,-0.38996732234954834,0.12020817399024963,84.04539489746094,0.0045988671481609344,0.07658639550209045,0.5857494473457336,1460,1647,1647,1459,-0.014778250828385353,-0.022251494228839874,0.5076272487640381,0,0,6.68865966796875,0.005000000353902578,100
183696.252,-0.38996732234954834,0.12020817399024963,84.04539489746094,0.0045988671481609344,0.07658639550209045,0.5857494473457336,1460,1647,1647,1459,-0.014778250828385353,-0.022251494228839874,0.5076272487640381,0,0,6.68865966796875,0.005000000353902578,100
183796.252,0.16692379117012024,0.13169896602630615,84.03993225097656,0.004519452806562185,0.0766095221042633,0.576410710811615,1529,1593,1593,1528,-0.016246691346168518,-0.02223561517894268,0.5035296678543091,0,0,6.63836669921875,0.005000000353902578,100
183896.252,0.3831008970737457,0.12736378610134125,84.04718017578125,0.005258725490421057,0.07488042116165161,0.5744945406913757,1653,1448,1448,1653,-0.014088436029851437,-0.022195713594555855,0.497628778219223,0,0,6.5914306640625,0.004000000189989805,100
183996.252,-0.23644593358039856,0.1294396072626114,84.04743957519531,0.004640302155166864,0.07638038694858551,0.5689964890480042,1564,1557,1556,1565,-0.014078970067203045,-0.02241227775812149,0.4950793981552124,0,0,6.5386962890625,0.004000000189989805,100
184096.252,-0.31313368678092957,0.11444222927093506,84.04464721679688,0.004840780980885029,0.07366495579481125,0.5643055438995361,1448,1656,1655,1448,-0.01599727012217045,-0.02186845801770687,0.49326828122138977,0,0,6.4884033203125,0.004000000189989805,100
184196.252,0.2964678108692169,0.11187826842069626,84.05118560791016,0.004554120823740959,0.0765937939286232,0.541045606136322,1572,1547,1547,1573,-0.015885526314377785,-0.021832896396517754,0.49399858713150024,0,0,6.4415283203125,0.004000000189989805,100
184296.252,0.2262028008699417,0.10757751762866974,84.04337310791016,0.0043912287801504135,0.0729508250951767,0.543644368648529,1654,1449,1448,1654,-0.013124191202223301,-0.02152542769908905,0.4910091459751129,0,0,6.3883056640625,0.003000000026077032,100
184396.252,-0.34453874826431274,0.1094370037317276,84.04480743408203,0.0043804519809782505,0.07665184885263443,0.5455061793327332,1522,1597,1596,1522,-0.013666008599102497,-0.021302297711372375,0.4930326044559479,0,0,6.3414306640625,0.003000000026077032,100
184496.252,0.3984423875808716,0.11324730515480042,84.04631805419922,0.004437907598912716,0.07630874216556549,0.5432119369506836,1618,1496,1496,1619,-0.0151267284527421,-0.020451216027140617,0.49555504322052,0,0,6.23834228515625,0.003000000026077032,100
184596.252,0.040757834911346436,0.11251851916313171,84.04739379882812,0.004764934070408344,0.07414289563894272,0.5527997016906738,1632,1478,1478,1632,-0.01282995194196701,-0.02018219418823719,0.487088143825531,0,0,6.2003173828125,0.0020000000949949026,100
184696.252,-0.4304809868335724,0.11580543965101242,84.0434799194336,0.004617108963429928,0.07632838189601898,0.5712805986404419,1475,1634,1633,1475,-0.014348690398037434,-0.01998557709157467,0.49292483925819397,0,0,6.15045166015625,0.0020000000949949026,100
184796.252,0.052229221910238266,0.11950375884771347,84.05462646484375,0.0049411277286708355,0.07491844892501831,0.580252468585968,1508,1610,1610,1509,-0.015472597442567348,-0.019410869106650352,0.4891531765460968,0,0,6.09716796875,0.003000000026077032,100
184896.252,0.3900931775569916,0.11922546476125717,84.04751586914062,0.005278558470308781,0.07583002001047134,0.5671771168708801,1648,1458,1457,1648,-0.013700713403522968,-0.019727997481822968,0.4956492483615875,0,0,6.05029296875,0.003000000026077032,100
184996.252,-0.1626081019639969,0.11953307688236237,84.0341796875,0.0049497210420668125,0.07590168714523315,0.5610533952713013,1591,1526,1524,1591,-0.012491474859416485,-0.019409528002142906,0.4871722459793091,0,0,6.00054931640625,0.004000000189989805,100
185096.252,-0.3949575126171112,0.11665830761194229,84.0504150390625,0.0048484415747225285,0.07466696947813034,0.5687260031700134,1449,1653,1653,1448,-0.014672731049358845,-0.019236914813518524,0.490190327167511,0,0,5.947265625,0.004000000189989805,100
185196.252,0.21448999643325806,0.11623407155275345,84.03137969970703,0.004591021686792374,0.07720947265625,0.5704715251922607,1556,1565,1565,1554,-0.014694065786898136,-0.018687156960368156,0.49144309759140015,0,0,5.900390625,0.005000000353902578,100
185296.252,0.26795724034309387,0.12828329205513,84.03662872314453,0.004868603777140379,0.07468616962432861,0.5635809302330017,1658,1446,1446,1657,-0.012255426496267319,-0.019012542441487312,0.494281530380249,0,0,5.85009765625,0.005000000353902578,100
185396.252,-0.3490000367164612,0.12384278327226639,84.04747772216797,0.00457597803324461,0.07745595276355743,0.5539517402648926,1538,1580,1580,1538,-0.012281753122806549,-0.018591543659567833,0.49469366669654846,0,0,5.79736328125,0.007000000216066837,100
185496.252,-0.2571495473384857,0.1316729187965393,84.04291534423828,0.004628147464245558,0.07354909181594849,0.5689342021942139,1453,1651,1651,1453,-0.014655989594757557,-0.01855727657675743,0.48944857716560364,0,0,5.75048828125,0.007000000216066837,100
185596.252,0.3331276774406433,0.12706145644187927,84.05204010009766,0.004906357266008854,0.07682289928197861,0.5517162084579468,1604,1512,1512,1605,-0.013510311022400856,-0.018327483907341957,0.49541646242141724,0,0,5.697265625,0.00800000037997961,100
185696.252,0.08679786324501035,0.13053591549396515,84.0417709350586,0.005149664357304573,0.07402949035167694,0.569889485836029,1641,1469,1468,1641,-0.011402328498661518,-0.018848946318030357,0.4904111325740814,0,0,5.6474609375,0.00800000037997961,100
185796.252,-0.4289008677005768,0.12666383385658264,84.04371643066406,0.005070764105767012,0.07718107104301453,0.5559881329536438,1488,1624,1624,1488,-0.012586914002895355,-0.018472667783498764,0.49819305539131165,0,0,5.60052490234375,0.009000000543892384,100
185896.252,-0.06939411908388138,0.13034678995609283,84.04266357421875,0.004963389597833157,0.07436824589967728,0.5537742972373962,1484,1626,1626,1484,-0.014430948533117771,-0.01850797049701214,0.4874994158744812,0,0,5.54730224609375,0.009000000543892384,100
185996.252,0.3422027528285981,0.12642545998096466,84.04995727539062,0.005357459653168917,0.07606419920921326,0.572025716304779,1641,1468,1468,1642,-0.012140084989368916,-0.01858888939023018,0.49683675169944763,0,0,5.50042724609375,0.009000000543892384,100
186096.252,-0.17942917346954346,0.12713617086410522,84.04121398925781,0.004944679327309132,0.07597698271274567,0.5842050909996033,1601,1518,1517,1602,-0.010235479101538658,-0.019006816670298576,0.492648184299469,0,0,5.45062255859375,0.010000000707805157,100
186196.252,-0.4230809211730957,0.12879960238933563,84.04949951171875,0.0047934395261108875,0.07562720775604248,0.5690112709999084,1455,1647,1647,1455,-0.011716465465724468,-0.018618321046233177,0.4932299852371216,0,0,5.39739990234375,0.010000000707805157,100
186296.252,0.13096295297145844,0.13006390631198883,84.03925323486328,0.004961185157299042,0.07597412168979645,0.5580267310142517,1526,1588,1588,1526,-0.012715298682451248,-0.01867293380200863,0.4866756796836853,0,0,5.35931396484375,0.009000000543892384,100
186396.252,0.33671942353248596,0.12328134477138519,84.04724884033203,0.0051480927504599094,0.07478637993335724,0.5719283223152161,1654,1447,1447,1655,-0.010393842123448849,-0.018618755042552948,0.4935230016708374,0,0,5.3089599609375,0.009000000543892384,100
186496.252,-0.318739116191864,0.1310664415359497,84.03658294677734,0.004433293826878071,0.07723825424909592,0.5754156112670898,1559,1562,1562,1559,-0.009911137633025646,-0.0187685489654541,0.49640071392059326,0,0,5.2620849609375,0.010000000707805157,100
186596.252,-0.3855547606945038,0.12982255220413208,84.03954315185547,0.004549882374703884,0.07468187808990479,0.5712131261825562,1443,1658,1658,1443,-0.011335020884871483,-0.018403630703687668,0.4958961009979248,0,0,5.20941162109375,0.010000000707805157,100
186696.252,0.2627958059310913,0.13567030429840088,84.03813171386719,0.0048232367262244225,0.07662941515445709,0.5488564968109131,1586,1533,1532,1586,-0.010322341695427895,-0.01873934641480446,0.49647629261016846,0,0,5.1590576171875,0.009000000543892384,100
186796.252,0.1671062856912613,0.13635428249835968,84.04161071777344,0.004872739780694246,0.07334300875663757,0.5623389482498169,1652,1452,1452,1652,-0.007833300158381462,-0.018893400207161903,0.4941914975643158,0,0,5.11212158203125,0.009000000543892384,100
186896.252,-0.3789942264556885,0.13833244144916534,84.03704071044922,0.0044408440589904785,0.0762832835316658,0.5423360466957092,1516,1600,1600,1516,-0.008809286169707775,-0.019080117344856262,0.4981476664543152,0,0,5.0594482421875,0.00800000037997961,100
186996.252,-0.16969045996665955,0.13379570841789246,84.02930450439453,0.004549683071672916,0.07351967692375183,0.5511511564254761,1460,1644,1644,1459,-0.011051171459257603,-0.018765483051538467,0.4922716021537781,0,0,5.0091552734375,0.00800000037997961,100
187096.252,0.3846515119075775,0.1417241096496582,84.03812408447266,0.005293193273246288,0.07732658833265305,0.5509878993034363,1614,1498,1498,1614,-0.010350430384278297,-0.019148480147123337,0.4989681839942932,0,0,4.96221923828125,0.007000000216066837,100
187196.252,0.00545823760330677,0.13933931291103363,84.04401397705078,0.005088817328214645,0.0738949179649353,0.5711274743080139,1631,1481,1481,1632,-0.008142719976603985,-0.01939239539206028,0.49320194125175476,0,0,4.90948486328125,0.007000000216066837,100
187296.252,-0.46682193875312805,0.14091259241104126,84.03752136230469,0.0046444605104625225,0.07653569430112839,0.5624009966850281,1473,1637,1637,1473,-0.009395352564752102,-0.019613508135080338,0.5034776329994202,0,0,4.85919189453125,0.007000000216066837,100
187396.252,0.02401315420866007,0.13290394842624664,84.03489685058594,0.004798900336027145,0.07545061409473419,0.5644174814224243,1504,1611,1611,1504,-0.010299804620444775,-0.01936008781194687,0.49391743540763855,0,0,4.81231689453125,0.007000000216066837,100
187496.252,0.3541354238986969,0.13737420737743378,84.03140258789062,0.0052266414277255535,0.07509361207485199,0.5689454078674316,1649,1457,1456,1648,-0.007860971614718437,-0.019856562837958336,0.49914151430130005,0,0,4.75909423828125,0.005000000353902578,100
187596.252,-0.23014093935489655,0.12920363247394562,84.02738952636719,0.005177608225494623,0.07666222751140594,0.5879757404327393,1583,1538,1537,1583,-0.0064898147247731686,-0.019752662628889084,0.49530282616615295,0,0,4.70928955078125,0.005000000353902578,100
187696.252,-0.37858760356903076,0.13132919371128082,84.03321075439453,0.004636574070900679,0.07493561506271362,0.5623428821563721,1447,1656,1656,1448,-0.008480644784867764,-0.019751761108636856,0.4979567527770996,0,0,4.66241455078125,0.004000000189989805,100
187796.252,0.2313860058784485,0.13164351880550385,84.03581237792969,0.0053420718759298325,0.07685129344463348,0.5691420435905457,1559,1558,1558,1559,-0.008584348484873772,-0.01958044245839119,0.4923790395259857,0,0,4.609130859375,0.004000000189989805,100
187896.252,0.2793518006801605,0.13371974229812622,84.02811431884766,0.005412850994616747,0.07395554333925247,0.5646259188652039,1655,1446,1446,1655,-0.0063343956135213375,-0.02011696621775627,0.4907054007053375,0,0,4.556396484375,0.0020000000949949026,100
187996.252,-0.36302605271339417,0.1283019781112671,84.03521728515625,0.004908483009785414,0.07706670463085175,0.5541492700576782,1531,1588,1589,1531,-0.0067080664448440075,-0.019875196740031242,0.4964062571525574,0,0,4.509521484375,0.0020000000949949026,100
188096.252,-0.20181958377361298,0.1334214210510254,84.035400390625,0.004759262781590223,0.07381870597600937,0.5514448285102844,1458,1649,1649,1459,-0.008999933488667011,-0.01989014819264412,0.49439242482185364,0,0,4.459228515625,0.0020000000949949026,100
188196.252,0.36812594532966614,0.13106410205364227,84.02088165283203,0.004792553838342428,0.07701483368873596,0.5529389381408691,1612,1502,1502,1610,-0.007952330633997917,-0.019840123131871223,0.4971027374267578,0,0,4.406494140625,0.0020000000949949026,100
188296.252,0.029971381649374962,0.13223779201507568,84.02413940429688,0.005116919055581093,0.07433600723743439,0.5663706660270691,1634,1478,1478,1633,-0.005855759605765343,-0.020241839811205864,0.49073120951652527,0,0,4.359130859375,0.0010000000474974513,100
188396.252,-0.4500129222869873,0.12284187972545624,84.03204345703125,0.004720437806099653,0.07638320326805115,0.556567370891571,1480,1630,1630,1480,-0.006922222673892975,-0.01984964869916439,0.49642300605773926,0,0,4.30926513671875,0.0010000000474974513,100
188496.252,-0.013423980213701725,0.12785403430461884,84.03326416015625,0.00480608269572258,0.07525106519460678,0.5604034066200256,1498,1617,1617,1498,-0.008229206316173077,-0.01981855183839798,0.4914829134941101,0,0,4.256591796875,0,100
188596.252,0.37070125341415405,0.11789514124393463,84.02964782714844,0.005230489652603865,0.07593286782503128,0.555395245552063,1640,1463,1463,1640,-0.00610247952863574,-0.019620144739747047,0.4951893389225006,0,0,4.209228515625,0,100
188696.252,-0.17190946638584137,0.1237621158361435,84.03173828125,0.004895323421806097,0.07617250084877014,0.5726908445358276,1601,1517,1516,1601,-0.004300606437027454,-0.01985257863998413,0.49218156933784485,0,0,4.15936279296875,0.0020000000949949026,100
188796.252,-0.39115291833877563,0.12338460236787796,84.03462982177734,0.004378424491733313,0.07513611018657684,0.574526309967041,1451,1654,1654,1451,-0.006193344946950674,-0.019240770488977432,0.4978535771369934,0,0,4.1124267578125,0.0020000000949949026,100
188896.252,0.21582819521427155,0.13727575540542603,84.03662872314453,0.004848030395805836,0.0772215873003006,0.5805472731590271,1550,1570,1570,1550,-0.006851495709270239,-0.019370106980204582,0.49603036046028137,0,0,4.05926513671875,0.003000000026077032,100
188996.252,0.2996896803379059,0.1345258355140686,84.03012084960938,0.005132394842803478,0.07394692301750183,0.5540810227394104,1655,1444,1443,1655,-0.004501510877162218,-0.019410742446780205,0.4944663941860199,0,0,4.0093994140625,0.003000000026077032,100
189096.252,-0.33809950947761536,0.14071230590343475,84.01663208007812,0.004890041891485453,0.07742644101381302,0.560297429561615,1552,1568,1566,1552,-0.0041407193057239056,-0.019686350598931313,0.4962654709815979,0,0,3.9620361328125,0.003000000026077032,100
189196.252,-0.2868192791938782,0.13561716675758362,84.02581787109375,0.004843214526772499,0.07319803535938263,0.5570623874664307,1451,1653,1652,1451,-0.005967659410089254,-0.019413748756051064,0.4938409924507141,0,0,3.9093017578125,0.003000000026077032,100
189296.252,0.33426934480667114,0.13576464354991913,84.03235626220703,0.0050037638284265995,0.07652179896831512,0.5476440191268921,1586,1531,1530,1587,-0.005963131785392761,-0.019724590703845024,0.4970296025276184,0,0,3.8594970703125,0.004000000189989805,100
189396.252,0.1887345314025879,0.13555900752544403,84.03388977050781,0.005171603057533503,0.0735606700181961,0.5538781881332397,1649,1458,1458,1649,-0.004103356972336769,-0.01975947991013527,0.49621888995170593,0,0,3.8121337890625,0.004000000189989805,100
189496.252,-0.37993645668029785,0.13914534449577332,84.02751159667969,0.004935786128044128,0.0775068923830986,0.5485808849334717,1509,1605,1605,1509,-0.005577864591032267,-0.019942089915275574,0.49934569001197815,0,0,3.7593994140625,0.004000000189989805,100
189596.252,-0.37993645668029785,0.13914534449577332,84.02751159667969,0.004935786128044128,0.0775068923830986,0.5485808849334717,1509,1605,1605,1509,-0.005577864591032267,-0.019942089915275574,0.49934569001197815,0,0,3.7593994140625,0.004000000189989805,100
189696.252,-0.06987304240465164,0.13491204380989075,84.02124786376953,0.004663920029997826,0.07516473531723022,0.5786454081535339,1479,1638,1638,1479,-0.007992308586835861,-0.019505254924297333,0.5015939474105835,0,0,3.7125244140625,0.004000000189989805,100
189796.252,0.40893188118934626,0.14538398385047913,84.03295135498047,0.005402724724262953,0.07694495469331741,0.5700922608375549,1632,1476,1475,1632,-0.006684957072138786,-0.02008848823606968,0.4985147714614868,0,0,3.6593017578125,0.004000000189989805,100
189896.252,-0.078377366065979,0.1379978507757187,84.03314971923828,0.004749947227537632,0.07532674819231033,0.5910422205924988,1611,1508,1508,1611,-0.0051289694383740425,-0.020137984305620193,0.4946783781051636,0,0,3.60943603515625,0.004000000189989805,100
189996.252,-0.39369621872901917,0.13359011709690094,84.02406311035156,0.005008115898817778,0.07536160200834274,0.5577365756034851,1458,1649,1648,1458,-0.007304319646209478,-0.020298859104514122,0.500579297542572,0,0,3.56256103515625,0.004000000189989805,100
190096.252,0.17046450078487396,0.12289252132177353,84.02256774902344,0.00546985911205411,0.07633858919143677,0.5645448565483093,1527,1590,1589,1527,-0.008600804023444653,-0.019842850044369698,0.49229422211647034,0,0,3.50933837890625,0.005000000353902578,100
190196.252,0.34130820631980896,0.13694706559181213,84.02233123779297,0.005271991714835167,0.07516726106405258,0.5715836882591248,1654,1449,1449,1654,-0.00668627955019474,-0.020291592925786972,0.4948449432849884,0,0,3.45953369140625,0.005000000353902578,100
190296.252,-0.2845830023288727,0.1419808268547058,84.03209686279297,0.004707043990492821,0.07718963176012039,0.5737159848213196,1560,1562,1562,1559,-0.006192553788423538,-0.020086660981178284,0.49724268913269043,0,0,3.41217041015625,0.005000000353902578,100
190396.252,-0.31078818440437317,0.14408402144908905,84.02762603759766,0.005083455704152584,0.07433730363845825,0.5686061382293701,1446,1654,1654,1447,-0.008454443886876106,-0.020303133875131607,0.49364525079727173,0,0,3.35943603515625,0.005000000353902578,100
190496.252,0.2447754293680191,0.13686680793762207,84.02586364746094,0.0049995603039860725,0.0730249211192131,0.5496381521224976,1651,1450,1448,1651,-0.005765239708125591,-0.020676642656326294,0.48999714851379395,0,0,3.27105712890625,0.006000000052154064,100
190596.252,-0.36618533730506897,0.13112333416938782,84.02798461914062,0.0049193608574569225,0.07697496563196182,0.5499304533004761,1533,1583,1583,1533,-0.005641518160700798,-0.0203281007707119,0.4958547353744507,0,0,3.21826171875,0.007000000216066837,100
190696.252,-0.20185691118240356,0.13165342807769775,84.02770233154297,0.00468221353366971,0.07357154041528702,0.5584049820899963,1456,1649,1649,1456,-0.008011964149773121,-0.02032897062599659,0.4934243857860565,0,0,3.16845703125,0.007000000216066837,100
190796.252,0.3830265402793884,0.12850560247898102,84.02630615234375,0.004808977711945772,0.07676661759614944,0.5431501269340515,1609,1506,1506,1609,-0.00723083782941103,-0.020059259608387947,0.5006458163261414,0,0,3.12109375,0.00800000037997961,100
190896.252,0.11985722184181213,0.13627611100673676,84.02090454101562,0.004947755951434374,0.07422182708978653,0.5504372715950012,1639,1469,1469,1639,-0.005879379343241453,-0.020522868260741234,0.4954250752925873,0,0,3.068359375,0.00800000037997961,100
190996.252,-0.39130884408950806,0.13360241055488586,84.02458953857422,0.004725670907646418,0.07700010389089584,0.5512674450874329,1487,1623,1623,1487,-0.007540764287114143,-0.020018307492136955,0.5002001523971558,0,0,3.01800537109375,0.00800000037997961,100
191096.252,-0.021766532212495804,0.13301783800125122,84.03068542480469,0.004873647820204496,0.07416801899671555,0.5498471856117249,1485,1625,1625,1486,-0.00987278763204813,-0.020009590312838554,0.49227726459503174,0,0,2.97113037109375,0.00800000037997961,100
191196.252,0.4119820594787598,0.1257224828004837,84.02653503417969,0.005427665542811155,0.07554064691066742,0.5481423139572144,1632,1474,1474,1632,-0.008478738367557526,-0.019725970923900604,0.49738284945487976,0,0,2.91845703125,0.00800000037997961,100
191296.252,-0.06483828276395798,0.13219179213047028,84.02656555175781,0.004928489215672016,0.07523561269044876,0.5816316604614258,1610,1507,1507,1610,-0.007184072397649288,-0.02006751298904419,0.49547916650772095,0,0,2.87103271484375,0.00800000037997961,100
191396.252,-0.39258402585983276,0.13517776131629944,84.01625061035156,0.004730371292680502,0.07553934305906296,0.5625212788581848,1455,1650,1650,1455,-0.00894162431359291,-0.019526874646544456,0.5032214522361755,0,0,2.82122802734375,0.00800000037997961,100
191496.252,0.20595574378967285,0.1405334323644638,84.02188110351562,0.004872682970017195,0.07621616870164871,0.5664499402046204,1530,1586,1585,1531,-0.010345238260924816,-0.019706694409251213,0.49565625190734863,0,0,2.76849365234375,0.00800000037997961,100
191596.252,0.376859188079834,0.14433041214942932,84.02320861816406,0.005260031204670668,0.07424402236938477,0.5666560530662537,1654,1449,1449,1654,-0.008287124335765839,-0.019777879118919373,0.49780067801475525,0,0,2.72113037109375,0.007000000216066837,100
191696.252,-0.2384272962808609,0.14484459161758423,84.02399444580078,0.0047722444869577885,0.07702069729566574,0.5664870142936707,1561,1559,1558,1561,-0.00834515318274498,-0.02023894153535366,0.49836885929107666,0,0,2.67132568359375,0.007000000216066837,100
191796.252,-0.24532906711101532,0.13768965005874634,84.01729583740234,0.004807387012988329,0.07371560484170914,0.5558633804321289,1446,1658,1658,1446,-0.010889166966080666,-0.01971583440899849,0.5020608305931091,0,0,2.61859130859375,0.006000000052154064,100
191896.252,0.37986043095588684,0.14009921252727509,84.02423858642578,0.004683145321905613,0.07702914625406265,0.54798424243927,1581,1533,1533,1582,-0.011362401768565178,-0.020096400752663612,0.4968095123767853,0,0,2.5565185546875,0.006000000052154064,100
191996.252,0.26811668276786804,0.12708863615989685,84.03142547607422,0.004761929623782635,0.07429994642734528,0.563522219657898,1649,1454,1454,1650,-0.009897634387016296,-0.02008403092622757,0.4951062500476837,0,0,2.5096435546875,0.006000000052154064,100
192096.252,-0.3221897482872009,0.13727033138275146,84.02081298828125,0.004573287442326546,0.07729747146368027,0.5548855066299438,1510,1605,1605,1511,-0.011629823595285416,-0.020058635622262955,0.5017821192741394,0,0,2.4593505859375,0.004000000189989805,100
192196.252,-0.08278051763772964,0.12668867409229279,84.02177429199219,0.004574344493448734,0.07442913204431534,0.5640352368354797,1469,1640,1640,1468,-0.014099408872425556,-0.019574495032429695,0.49707019329071045,0,0,2.4124755859375,0.004000000189989805,100
192296.252,0.42380064725875854,0.13521677255630493,84.03502655029297,0.00578793790191412,0.07710597664117813,0.5594103336334229,1622,1487,1487,1623,-0.013044450432062149,-0.019679255783557892,0.5026770830154419,0,0,2.3597412109375,0.003000000026077032,100
192396.252,0.039383068680763245,0.13069619238376617,84.0305404663086,0.00533433398231864,0.07509870082139969,0.5681880712509155,1624,1487,1487,1625,-0.011405826546251774,-0.019701946526765823,0.4953869879245758,0,0,2.30938720703125,0.003000000026077032,100
192496.252,-0.39840498566627497,0.13275136053562164,84.02374267578125,0.004840079229325056,0.07626023888587952,0.5621111989021301,1466,1643,1643,1465,-0.013669244013726711,-0.01958022266626358,0.505713701248169,0,0,2.26251220703125,0.0020000000949949026,100
192596.252,0.09864868968725199,0.1300942450761795,84.00991821289062,0.004939947742968798,0.07532764971256256,0.5607330203056335,1514,1602,1602,1513,-0.015047204680740833,-0.01927652582526207,0.4954259395599365,0,0,2.2093505859375,0.0020000000949949026,100
192696.252,0.3559388518333435,0.1369481086730957,84.02286529541016,0.0052016377449035645,0.07474222779273987,0.5670065879821777,1650,1454,1454,1650,-0.012828003615140915,-0.019671371206641197,0.49959126114845276,0,0,2.15948486328125,0.0020000000949949026,100
192796.252,-0.214880108833313,0.1356603354215622,84.02194213867188,0.0047171409241855145,0.07642649859189987,0.5821395516395569,1577,1544,1545,1576,-0.01177372969686985,-0.019609112292528152,0.49841785430908203,0,0,2.112548828125,0.0020000000949949026,100
192896.252,-0.31612592935562134,0.14787906408309937,84.02278900146484,0.004580448381602764,0.07423171401023865,0.5627424120903015,1444,1656,1656,1445,-0.014476127922534943,-0.01960996352136135,0.4986121952533722,0,0,2.059326171875,0.0020000000949949026,100
192996.252,0.3127110004425049,0.13588538765907288,84.0185317993164,0.004936345387250185,0.07752539217472076,0.5682674050331116,1566,1553,1553,1565,-0.014991657808423042,-0.0195311289280653,0.49731287360191345,0,0,2.006591796875,0.0020000000949949026,100
193096.252,0.26115280389785767,0.14370983839035034,84.02628326416016,0.004801155999302864,0.07345815002918243,0.5700210332870483,1653,1451,1451,1653,-0.012877085246145725,-0.019911549985408783,0.4948669672012329,0,0,1.959716796875,0.0020000000949949026,100
193196.252,-0.3637756109237671,0.14047858119010925,84.01988983154297,0.004686922766268253,0.077175073325634,0.5534306168556213,1526,1593,1593,1525,-0.013327008113265038,-0.01985517144203186,0.5009226202964783,0,0,1.909423828125,0.0020000000949949026,100
193296.252,-0.17225487530231476,0.14064359664916992,84.01919555664062,0.005020747426897287,0.0738324299454689,0.5561332106590271,1459,1648,1647,1459,-0.015461858361959457,-0.0198463536798954,0.49549493193626404,0,0,1.862548828125,0.0020000000949949026,100
193396.252,0.39136409759521484,0.13131088018417358,84.01802825927734,0.005017667077481747,0.0771382600069046,0.5548924207687378,1609,1503,1504,1609,-0.014413303695619106,-0.019870730116963387,0.496769517660141,0,0,1.821533203125,0.0020000000949949026,100
193496.252,0.1118873655796051,0.14031337201595306,84.02745056152344,0.004770338069647551,0.07383615523576736,0.5625455975532532,1637,1470,1471,1637,-0.012610768899321556,-0.02025708742439747,0.49075597524642944,0,0,1.768310546875,0.0020000000949949026,100
193596.252,-0.39645302295684814,0.13899537920951843,84.02400207519531,0.004700527526438236,0.07636045664548874,0.5638015270233154,1481,1632,1632,1481,-0.01425530668348074,-0.019938545301556587,0.5017227530479431,0,0,1.721435546875,0.0020000000949949026,100
193696.252,0.019759725779294968,0.1447005420923233,84.0234146118164,0.004686269443482161,0.07460445910692215,0.5700284838676453,1496,1618,1618,1496,-0.016010668128728867,-0.020041294395923615,0.49346864223480225,0,0,1.668212890625,0.0020000000949949026,100
193796.252,0.37544915080070496,0.14459119737148285,84.02461242675781,0.00515888212248683,0.07605260610580444,0.5623093247413635,1642,1463,1463,1642,-0.01360360998660326,-0.0203002467751503,0.49844488501548767,0,0,1.618408203125,0.0020000000949949026,100
193896.252,-0.13990697264671326,0.14454808831214905,84.0206069946289,0.005022997036576271,0.07644415646791458,0.5781981945037842,1599,1519,1519,1599,-0.011954921297729015,-0.020772453397512436,0.49388405680656433,0,0,1.57147216796875,0.0010000000474974513,100
193996.252,-0.3604768216609955,0.13305121660232544,84.01788330078125,0.004909680224955082,0.07465759664773941,0.5683002471923828,1451,1654,1654,1451,-0.014020287431776524,-0.020369991660118103,0.4990372657775879,0,0,1.51824951171875,0.0010000000474974513,100
194096.252,0.24256964027881622,0.1400618702173233,84.02399444580078,0.00494955712929368,0.07697878032922745,0.5710470080375671,1551,1570,1570,1551,-0.014651188626885414,-0.020469674840569496,0.498839795589447,0,0,1.46844482421875,0.0010000000474974513,100
194196.252,0.3053146004676819,0.12398241460323334,84.01964569091797,0.004938462283462286,0.07366393506526947,0.5569930672645569,1655,1444,1445,1655,-0.011952797882258892,-0.020550746470689774,0.4955178499221802,0,0,1.42156982421875,0.0010000000474974513,100
194296.252,-0.31164637207984924,0.1305689811706543,84.01654052734375,0.004350639879703522,0.07702010124921799,0.5627150535583496,1548,1570,1569,1548,-0.011610990390181541,-0.020597994327545166,0.4979581832885742,0,0,1.3682861328125,0.003000000026077032,100
194396.252,-0.23069503903388977,0.12774942815303802,84.01887512207031,0.004313620738685131,0.07312217354774475,0.5689998865127563,1455,1651,1651,1455,-0.013743123039603233,-0.02015106752514839,0.49651384353637695,0,0,1.31854248046875,0.003000000026077032,100
194496.252,0.3636721968650818,0.14201518893241882,84.02186584472656,0.004777707625180483,0.07757926732301712,0.557929515838623,1595,1522,1522,1596,-0.013305292464792728,-0.020347945392131805,0.5040838718414307,0,0,1.27166748046875,0.005000000353902578,100
194596.252,0.16163232922554016,0.13524803519248962,84.01921081542969,0.004855731036514044,0.07419359683990479,0.55612713098526,1646,1458,1458,1646,-0.010951962321996689,-0.020541835576295853,0.4972074329853058,0,0,1.2183837890625,0.005000000353902578,100
194696.252,-0.39702948927879333,0.13990242779254913,84.01728820800781,0.004755142144858837,0.07673315703868866,0.5588186383247375,1497,1615,1615,1497,-0.012095164507627487,-0.020611312240362167,0.5013524889945984,0,0,1.1685791015625,0.006000000052154064,100
194796.252,-0.035931289196014404,0.13393674790859222,84.00745391845703,0.00481716962531209,0.07444806396961212,0.5750037431716919,1482,1630,1630,1482,-0.013831579126417637,-0.020301006734371185,0.4974788725376129,0,0,1.1212158203125,0.006000000052154064,100
194896.252,0.42840319871902466,0.1426793336868286,84.02083587646484,0.0050682914443314075,0.07594013959169388,0.55609130859375,1632,1477,1477,1632,-0.012461702339351177,-0.020648453384637833,0.5036506652832031,0,0,1.0684814453125,0.00800000037997961,100
194996.252,0.002541585592553075,0.12919612228870392,84.01800537109375,0.004747067578136921,0.07494048029184341,0.5605020523071289,1617,1495,1496,1617,-0.011007883585989475,-0.02065236121416092,0.49696406722068787,0,0,1.0216064453125,0.00800000037997961,100
195096.252,-0.3681652247905731,0.13567115366458893,84.02335357666016,0.004660594277083874,0.07571372389793396,0.5586687922477722,1460,1644,1645,1460,-0.013525593094527721,-0.020452089607715607,0.5037629008293152,0,0,0.97125244140625,0.010000000707805157,100
195196.252,0.15138155221939087,0.13229306042194366,84.01351165771484,0.0046212258748710155,0.07561086118221283,0.5773019194602966,1524,1594,1594,1523,-0.014613660052418709,-0.020163381472229958,0.4977910816669464,0,0,0.9185791015625,0.010000000707805157,100
195296.252,0.37732723355293274,0.13438253104686737,84.00985717773438,0.004816518165171146,0.07473761588335037,0.5658994913101196,1656,1450,1450,1655,-0.012178470380604267,-0.020537063479423523,0.5047820806503296,0,0,0.87164306640625,0.012000000104308128,100
195396.252,-0.18000099062919617,0.12609229981899261,84.01594543457031,0.004503224045038223,0.07704535871744156,0.5710763335227966,1566,1552,1552,1566,-0.011864794418215752,-0.020319970324635506,0.4997096359729767,0,0,0.81842041015625,0.012000000104308128,100
195496.252,-0.2282707244157791,0.1370166391134262,84.02230834960938,0.004585321061313152,0.07510125637054443,0.5810117125511169,1442,1657,1658,1442,-0.01538904570043087,-0.019982237368822098,0.5003425478935242,0,0,0.76861572265625,0.013000000268220901,100
195596.252,-0.2282707244157791,0.1370166391134262,84.02230834960938,0.004585321061313152,0.07510125637054443,0.5810117125511169,1442,1657,1658,1442,-0.01538904570043087,-0.019982237368822098,0.5003425478935242,0,0,0.76861572265625,0.013000000268220901,100
195696.252,0.42282021045684814,0.14551152288913727,84.02505493164062,0.00450150016695261,0.07798239588737488,0.5711078643798828,1583,1540,1540,1584,-0.016037121415138245,-0.01960666850209236,0.5087128281593323,0,0,0.72125244140625,0.013000000268220901,100
195796.252,0.31834161281585693,0.14863751828670502,84.01375579833984,0.004885708447545767,0.07418086379766464,0.5664137601852417,1651,1451,1452,1650,-0.014947272837162018,-0.020235657691955566,0.49569085240364075,0,0,0.66851806640625,0.013000000268220901,100
195896.252,-0.27955979108810425,0.13824652135372162,84.0049819946289,0.004555308260023594,0.0769461989402771,0.5557940602302551,1510,1608,1607,1511,-0.016151193529367447,-0.019853629171848297,0.5036406517028809,0,0,0.62164306640625,0.013000000268220901,100
195996.252,-0.041065655648708344,0.1436171680688858,84.011962890625,0.004805454518646002,0.07408395409584045,0.5630620718002319,1466,1641,1641,1467,-0.019119620323181152,-0.019918864592909813,0.4953538775444031,0,0,0.5712890625,0.013000000268220901,100
196096.252,0.4743669629096985,0.13807202875614166,84.02649688720703,0.005085124634206295,0.07729554921388626,0.5609470009803772,1626,1484,1485,1627,-0.01750541850924492,-0.019890474155545235,0.503119945526123,0,0,0.5185546875,0.014000000432133675,100
196196.252,0.09735742956399918,0.1370922327041626,84.03363037109375,0.004709238652139902,0.07451339066028595,0.5699105858802795,1621,1491,1493,1621,-0.016533464193344116,-0.020448695868253708,0.49276265501976013,0,0,0.4716796875,0.014000000432133675,100
196296.252,-0.28215116262435913,0.13736183941364288,84.01478576660156,0.004627160262316465,0.07596252113580704,0.5686722993850708,1470,1638,1638,1470,-0.01842460222542286,-0.019999245181679726,0.5006924867630005,0,0,0.42138671875,0.013000000268220901,100
196396.252,0.4895811975002289,0.13564415276050568,84.0157699584961,0.0047329082153737545,0.07576872408390045,0.5639964938163757,1650,1453,1453,1649,-0.019497761502861977,-0.019984392449259758,0.5003674030303955,0,0,0.32122802734375,0.012000000104308128,100
196496.252,-0.0694870799779892,0.13589151203632355,84.0132064819336,0.004416926763951778,0.07672407478094101,0.567004919052124,1584,1533,1533,1584,-0.019621500745415688,-0.02027316577732563,0.49600163102149963,0,0,0.27142333984375,0.012000000104308128,100
196596.252,-0.1915089190006256,0.13187871873378754,84.013427734375,0.004585061222314835,0.07481079548597336,0.5670948028564453,1448,1656,1655,1448,-0.02264014631509781,-0.01965218596160412,0.5007737278938293,0,0,0.21868896484375,0.010000000707805157,100
196696.252,0.4333818554878235,0.13735930621623993,84.03099822998047,0.00458261463791132,0.07736187428236008,0.5596317052841187,1568,1553,1553,1569,-0.024544913321733475,-0.019668733701109886,0.5041669607162476,0,0,0.17132568359375,0.010000000707805157,100
196796.252,0.39932483434677124,0.1339307725429535,84.02074432373047,0.004557498265057802,0.07406220585107803,0.5553462505340576,1654,1446,1445,1655,-0.02297791838645935,-0.01955733820796013,0.4993416666984558,0,0,0.12152099609375,0.007000000216066837,100
196896.252,-0.21382425725460052,0.1373012661933899,84.01350402832031,0.004797662142664194,0.07733545452356339,0.5499071478843689,1532,1583,1583,1532,-0.024714132770895958,-0.01968190260231495,0.4994705021381378,0,0,0.06878662109375,0.007000000216066837,100
196996.252,-0.07003996521234512,0.13841381669044495,84.00824737548828,0.0045462786220014095,0.07414376735687256,0.5658794045448303,1455,1651,1650,1455,-0.027675030753016472,-0.019144708290696144,0.49938398599624634,0,0,0.02142333984375,0.003000000026077032,100
197096.252,-0.00974562019109726,0.12643693387508392,84.03067016601562,0.5350140333175659,7.833065986633301,30.553138732910156,1289,1274,1277,1289,-0.02994052693247795,-0.01836555264890194,-0.0007637055241502821,0,0,-0.00201416015625,0.003000000026077032,100
197196.252,-0.003554320428520441,0.1275595724582672,84.03082275390625,0.2865994870662689,4.1957316398620605,16.38079261779785,1333,1337,1339,1333,-0.02813532203435898,-0.01807904802262783,-0.0038235143292695284,0,0,-0.00201416015625,0,100
197296.252,-0.0013387667713686824,0.12827707827091217,84.0301284790039,0.153530552983284,2.247392177581787,8.774221420288086,1298,1303,1303,1298,-0.027201754972338676,-0.018343353644013405,-0.006014049053192139,0,0,-0.00201416015625,0,100
197396.252,-0.001779698533937335,0.12773951888084412,84.03015899658203,0.08227358758449554,1.203790307044983,4.699802398681641,1232,1239,1241,1231,-0.025660013779997826,-0.018106384202837944,-0.007425439544022083,0,0,-0.00201416015625,0,100
197496.252,-0.001722519751638174,0.12818065285682678,84.0298843383789,0.044133707880973816,0.6447998881340027,2.517390251159668,1150,1160,1162,1150,-0.024831516668200493,-0.018305320292711258,-0.008415444754064083,0,0,-0.00201416015625,0,100
197596.252,-0.002672146540135145,0.12768079340457916,84.02967834472656,0.023770641535520554,0.34538617730140686,1.3484015464782715,1151,1163,1166,1150,-0.023403093218803406,-0.01797349378466606,-0.008954590186476707,0,0,-0.00201416015625,0,100
197696.252,-0.0026979988906532526,0.1280146837234497,84.0296630859375,0.012977655977010727,0.18501904606819153,0.7222578525543213,1150,1162,1164,1150,-0.022657964378595352,-0.018198709934949875,-0.009258532896637917,0,0,-0.00201416015625,0,100
197796.252,-0.0033455982338637114,0.127406045794487,84.02947998046875,0.007342585362493992,0.09912807494401932,0.3868747055530548,1153,1159,1150,1165,-0.021381143480539322,-0.017915882170200348,-0.009357317350804806,0,0,-0.00201416015625,0,100
197896.252,-0.0033209866378456354,0.12749652564525604,84.03010559082031,0.004664525855332613,0.05314814671874046,0.20723769068717957,1151,1159,1150,1162,-0.020748203620314598,-0.01815204694867134,-0.009338213130831718,0,0,-0.00201416015625,0,100
197996.252,-0.003502234350889921,0.12751653790473938,84.02944946289062,0.0033689888659864664,0.0285501629114151,0.11102868616580963,1150,1159,1152,1159,-0.019804634153842926,-0.018056783825159073,-0.009252633899450302,0,0,-0.00201416015625,0,100
198096.252,-0.0036912919022142887,0.12740595638751984,84.03002166748047,0.0029640027787536383,0.015458077192306519,0.059526994824409485,1150,1160,1152,1160,-0.019193390384316444,-0.018177149817347527,-0.009161786176264286,0,0,-0.00201416015625,0,100
198196.252,-0.00395240867510438,0.12725743651390076,84.02986145019531,0.0028144747484475374,0.008715394884347916,0.03197159618139267,1150,1161,1153,1160,-0.01829642616212368,-0.01804976724088192,-0.009027736261487007,0,0,-0.00201416015625,0,100
198296.252,-0.004007261712104082,0.1271516978740692,84.0294189453125,0.002774586668238044,0.0052227601408958435,0.017326703295111656,1150,1162,1152,1161,-0.017703967168927193,-0.018144631758332253,-0.008934087119996548,0,0,-0.00201416015625,0,100
198396.252,-0.00412310054525733,0.126946359872818,84.02833557128906,0.002889381255954504,0.0036325000692158937,0.00960883405059576,1150,1163,1153,1161,-0.01684277318418026,-0.01796676404774189,-0.008715379051864147,0,0,-0.00201416015625,0,100
198496.252,-0.004140470642596483,0.1268371045589447,84.02809143066406,0.0026678815484046936,0.0031947412062436342,0.0056049819104373455,1150,1159,1155,1156,-0.01633717678487301,-0.018026772886514664,-0.008552120998501778,0,0,-0.00201416015625,0,100
198596.252,-0.0039941901341080666,0.1264074444770813,84.02745819091797,0.002649248344823718,0.0027522037271410227,0.0036828352604061365,1150,1157,1153,1156,-0.015625718981027603,-0.017834248021245003,-0.00835268571972847,0,0,-0.00201416015625,0,100
198696.252,-0.003788185538724065,0.12643516063690186,84.02701568603516,0.002545352326706052,0.002883048728108406,0.002998799318447709,1150,1155,1152,1156,-0.015185972675681114,-0.017962438985705376,-0.008188105188310146,0,0,-0.00201416015625,0,100
198796.252,-0.003858393058180809,0.12625472247600555,84.02654266357422,0.0025893126148730516,0.002869464224204421,0.0028888562228530645,1150,1154,1152,1156,-0.014553196728229523,-0.01785939559340477,-0.00796288251876831,0,0,-0.00201416015625,0,100
198896.252,-0.0036004732828587294,0.12631043791770935,84.02645874023438,0.002729227067902684,0.002949422923848033,0.0030559224542230368,1150,1154,1152,1156,-0.01416527945548296,-0.017978381365537643,-0.0077795893885195255,0,0,-0.00201416015625,0,100
198996.252,-0.003513597184792161,0.12590263783931732,84.02731323242188,0.0029223281890153885,0.002999701537191868,0.0030268183909356594,1150,1150,1150,1150,-0.013635742478072643,-0.017800049856305122,-0.007578454911708832,0,0,-0.00201416015625,0,100
199096.252,-0.0029106969013810158,0.12609568238258362,84.02828216552734,0.0031100132036954165,0.0026945031713694334,0.0029825919773429632,1000,1000,1000,1000,-0.013381395488977432,-0.017949223518371582,-0.007407193072140217,0,0,-0.00201416015625,0,100
199196.252,-0.0025305352173745632,0.1256670206785202,84.02972412109375,0.0026902484241873026,0.002787698758766055,0.0029541535768657923,1000,1000,1000,1000,-0.013013964518904686,-0.017727410420775414,-0.00714079849421978,0,0,-0.00201416015625,0,100
199296.252,-0.001987248659133911,0.12560416758060455,84.03167724609375,0.0028906413353979588,0.0026922435499727726,0.003035030560567975,1000,1000,1000,1000,-0.01285711582750082,-0.017794722691178322,-0.006903923582285643,0,0,-0.00201416015625,0,100
199396.252,-0.0015799447428435087,0.12513701617717743,84.03385162353516,0.002815537853166461,0.0025346619077026844,0.002928477479144931,1000,1000,1000,1000,-0.012510361149907112,-0.017631782218813896,-0.006611806806176901,0,0,-0.00201416015625,0,100
199496.252,-0.0008582970476709306,0.1249661073088646,84.03599548339844,0.002992571098729968,0.002786956261843443,0.002756851725280285,1000,1000,1000,1000,-0.012398841790854931,-0.017632419243454933,-0.0063967411406338215,0,0,-0.00201416015625,0,100
199596.252,-0.0003928998485207557,0.12445808947086334,84.03782653808594,0.003002759302034974,0.0026007629930973053,0.002470456762239337,1000,1000,1000,1000,-0.012115787714719772,-0.017413513734936714,-0.0061595686711370945,0,0,-0.00201416015625,0,100
199696.252,0.0002624649787321687,0.1243104338645935,84.03972625732422,0.002744371071457863,0.0028372143860906363,0.0027427258901298046,1000,1000,1000,1000,-0.01205870509147644,-0.01746046170592308,-0.005971881095319986,0,0,-0.00201416015625,0,100
199796.252,0.0005934518994763494,0.12392914295196533,84.04180145263672,0.0029790035914629698,0.0027414467185735703,0.0027393419295549393,1000,1000,1000,1000,-0.011855939403176308,-0.017238352447748184,-0.005742479115724564,0,0,-0.00201416015625,0,100
199896.252,0.0011402418604120612,0.12368938326835632,84.04386901855469,0.0030893299262970686,0.0028703680727630854,0.0029374100267887115,1000,1000,1000,1000,-0.011893680319190025,-0.017254002392292023,-0.005539083853363991,0,0,-0.00201416015625,0,100
199996.252,0.0018505980260670185,0.12297587841749191,84.04578399658203,0.003072780556976795,0.002789480844512582,0.0030150581151247025,1000,1000,1000,1000,-0.011701811105012894,-0.01704707182943821,-0.005303629674017429,0,0,-0.00201416015625,0,100
200096.252,0.0024032886140048504,0.12284989655017853,84.04777526855469,0.0029932144097983837,0.0026671907398849726,0.0028012178372591734,1000,1000,1000,1000,-0.011756553314626217,-0.01706978678703308,-0.005097769200801849,0,0,-0.00201416015625,0,100
200196.252,0.002841333393007517,0.12240090221166611,84.04953002929688,0.003193638753145933,0.0029471577145159245,0.002811968559399247,1000,1000,1000,1000,-0.011582053266465664,-0.01683449186384678,-0.00487213721498847,0,0,-0.00201416015625,0,100
200296.252,0.003506435314193368,0.12201479822397232,84.05159759521484,0.0031331225764006376,0.0031667693983763456,0.0029043410904705524,1000,1000,1000,1000,-0.011638155207037926,-0.01686524599790573,-0.004728070460259914,0,0,-0.00201416015625,0,100
200396.252,0.004234056454151869,0.12140898406505585,84.05342864990234,0.002915543271228671,0.0028649610467255116,0.0029988898895680904,1000,1000,1000,1000,-0.011515996418893337,-0.016615645959973335,-0.004569235723465681,0,0,-0.00201416015625,0,100
200496.252,0.004924815613776445,0.12124229222536087,84.05546569824219,0.0029743174090981483,0.002851473866030574,0.002873257966712117,1000,1000,1000,1000,-0.01164333801716566,-0.016585752367973328,-0.004422257654368877,0,0,-0.00201416015625,0,100
200596.252,0.005425775423645973,0.1207282543182373,84.05747985839844,0.002846625167876482,0.0026669653598219156,0.0029681783635169268,1000,1000,1000,1000,-0.011622141115367413,-0.01629902608692646,-0.004261940252035856,0,0,-0.00201416015625,0,100
200696.252,0.006030620075762272,0.12046784162521362,84.05952453613281,0.0028775909449905157,0.0028183795511722565,0.002684500999748707,1000,1000,1000,1000,-0.011789683252573013,-0.01625990867614746,-0.00412483885884285,0,0,-0.00201416015625,0,100
200796.252,0.006456540897488594,0.12013948708772659,84.06156158447266,0.002998036565259099,0.0027822046540677547,0.0028652125038206577,1000,1000,1000,1000,-0.011740554124116898,-0.015932384878396988,-0.003961008042097092,0,0,-0.00201416015625,0,100
200896.252,0.007119957357645035,0.1199193075299263,84.06358337402344,0.0026980373077094555,0.002805036725476384,0.0028294106014072895,1000,1000,1000,1000,-0.011897257529199123,-0.015973659232258797,-0.003856847994029522,0,0,-0.00201416015625,0,100
200996.252,0.00741034047678113,0.1195259690284729,84.06561279296875,0.00282296072691679,0.002654526848345995,0.002744110766798258,1000,1000,1000,1000,-0.011903127655386925,-0.015743497759103775,-0.0036845738068223,0,0,-0.00201416015625,0,100
201096.252,0.00816685426980257,0.11936566233634949,84.06775665283203,0.0029271880630403757,0.0026664508040994406,0.0026942885015159845,1000,1000,1000,1000,-0.012061774730682373,-0.01570640318095684,-0.003567951498553157,0,0,-0.00201416015625,0,100
201196.252,0.008653722703456879,0.11873523145914078,84.06979370117188,0.0028584219980984926,0.002497368026524782,0.0026886588893830776,1000,1000,1000,1000,-0.012063879519701004,-0.0154180396348238,-0.003426231211051345,0,0,-0.00201416015625,0,100
201296.252,0.009424901567399502,0.11860740184783936,84.07199096679688,0.0027517250273376703,0.002615035045892,0.0027086976915597916,1000,1000,1000,1000,-0.01223980262875557,-0.015394758433103561,-0.0032769981771707535,0,0,-0.00201416015625,0,100
201396.252,0.009882597252726555,0.11819291859865189,84.07427978515625,0.0026999590918421745,0.0027744099497795105,0.0027873499784618616,1000,1000,1000,1000,-0.012082360684871674,-0.015072436071932316,-0.0031303877476602793,0,0,-0.00201416015625,0,100
201496.252,0.009882597252726555,0.11819291859865189,84.07427978515625,0.0026999590918421745,0.0027744099497795105,0.0027873499784618616,1000,1000,1000,1000,-0.012082360684871674,-0.015072436071932316,-0.0031303877476602793,0,0,-0.00201416015625,0,100
201596.252,0.01049024797976017,0.11796636879444122,84.07656860351562,0.002825834322720766,0.002736916532739997,0.002966025611385703,1000,1000,1000,1000,-0.012354294769465923,-0.015070001594722271,-0.0030462199356406927,0,0,-0.00201416015625,0,100
201696.252,0.010563990101218224,0.11735647916793823,84.0786361694336,0.0027947016060352325,0.0026378801558166742,0.0029992046765983105,1000,1000,1000,1000,-0.012267636135220528,-0.014711892232298851,-0.0029607240576297045,0,0,-0.00201416015625,0,100
201796.252,0.011427986435592175,0.1172381192445755,84.08092498779297,0.0029589144978672266,0.002715188544243574,0.002923546126112342,1000,1000,1000,1000,-0.012531096115708351,-0.01478610560297966,-0.002926249522715807,0,0,-0.00201416015625,0,100
201896.252,0.011868761852383614,0.11666976660490036,84.08319854736328,0.002632369287312031,0.002798685571178794,0.0029860823415219784,1000,1000,1000,1000,-0.012515539303421974,-0.014453254640102386,-0.0028328564949333668,0,0,-0.00201416015625,0,100
201996.252,0.012526188977062702,0.11682914197444916,84.08549499511719,0.00245703780092299,0.0027773487381637096,0.0029426610562950373,1000,1000,1000,1000,-0.012812449596822262,-0.014534122310578823,-0.0027092506643384695,0,0,-0.00201416015625,0,100
202096.252,0.013189678080379963,0.1164865642786026,84.08760070800781,0.002647582907229662,0.0029883775860071182,0.0029208878986537457,1000,1000,1000,1000,-0.012785195372998714,-0.014209500513970852,-0.0026080196257680655,0,0,-0.00201416015625,0,100
202196.252,0.014127454720437527,0.11642167717218399,84.08972930908203,0.0029285894706845284,0.0028732134960591793,0.0027449054177850485,1000,1000,1000,1000,-0.013146054930984974,-0.014275601133704185,-0.0025477518793195486,0,0,-0.00201416015625,0,100
202296.252,0.014478547498583794,0.11606363952159882,84.09185028076172,0.003016300033777952,0.002893592230975628,0.00291596376337111,1000,1000,1000,1000,-0.013148155063390732,-0.013980137184262276,-0.002426081569865346,0,0,-0.00201416015625,0,100
202396.252,0.015616103075444698,0.11585814505815506,84.09661102294922,0.0028706700541079044,0.003031824016943574,0.0026344445068389177,1000,1000,1000,1000,-0.013529278337955475,-0.013810818083584309,-0.002208080841228366,0,0,-0.00201416015625,0,100
202496.252,0.016334092244505882,0.11610104143619537,84.0990219116211,0.0028765893075615168,0.0028511621057987213,0.002832830185070634,1000,1000,1000,1000,-0.01386447623372078,-0.01398185733705759,-0.0021228918340057135,0,0,-0.00201416015625,0,100
202596.252,0.017023688182234764,0.11582863330841064,84.10128021240234,0.002825711388140917,0.002901369472965598,0.003218804718926549,1000,1000,1000,1000,-0.013848528265953064,-0.01369284838438034,-0.001974706072360277,0,0,-0.00201416015625,0,100
202696.252,0.017949901521205902,0.11580434441566467,84.10386657714844,0.002774793654680252,0.0027192665729671717,0.0030244160443544388,1000,1000,1000,1000,-0.014188830740749836,-0.01380509976297617,-0.0019185305573046207,0,0,-0.00201416015625,0,100
202796.252,0.018469402566552162,0.11570601165294647,84.10635375976562,0.002969779074192047,0.002879044506698847,0.002833692356944084,1000,1000,1000,1000,-0.01417359709739685,-0.013508693315088749,-0.001793191535398364,0,0,-0.00201416015625,0,100
202896.252,0.01925683580338955,0.11604923009872437,84.10885620117188,0.0029685955960303545,0.0028594578616321087,0.003041668329387903,1000,1000,1000,1000,-0.014606552198529243,-0.013616242446005344,-0.0016995822079479694,0,0,-0.00201416015625,0,100
202996.252,0.01986009068787098,0.11616793274879456,84.11103820800781,0.0028474393766373396,0.0030639113392680883,0.0031090674456208944,1000,1000,1000,1000,-0.014594011940062046,-0.013373864814639091,-0.0015715607441961765,0,0,-0.00201416015625,0,100
203096.252,0.020616644993424416,0.11665036529302597,84.11341094970703,0.0028099592309445143,0.002817918546497822,0.0029744126368314028,1000,1000,1000,1000,-0.014967251569032669,-0.01354008074849844,-0.001454318524338305,0,0,-0.00201416015625,0,100
203196.252,0.021077172830700874,0.11639538407325745,84.11588287353516,0.002479968359693885,0.0029794746078550816,0.0029755118303000927,1000,1000,1000,1000,-0.014977016486227512,-0.013325171545147896,-0.0013728089397773147,0,0,-0.00201416015625,0,100
203296.252,0.02190178819000721,0.11663644015789032,84.11849212646484,0.0028120973147451878,0.0028494414873421192,0.0027429047040641308,1000,1000,1000,1000,-0.015398960560560226,-0.013470957987010479,-0.0013114920584484935,0,0,-0.00201416015625,0,100
203396.252,0.02230539545416832,0.1166202574968338,84.12104797363281,0.002912123454734683,0.003127943491563201,0.002614374505355954,1000,1000,1000,1000,-0.015423547476530075,-0.013301538303494453,-0.001259882701560855,0,0,-0.00201416015625,0,100
203496.252,0.023082459345459938,0.11709523946046829,84.12348937988281,0.0027507501654326916,0.003050555707886815,0.002708576386794448,1000,1000,1000,1000,-0.015819072723388672,-0.013432115316390991,-0.0012037219712510705,0,0,-0.00201416015625,0,100
203596.252,0.02349698543548584,0.11704574525356293,84.12591552734375,0.00275984825566411,0.002759074792265892,0.002951226895675063,1000,1000,1000,1000,-0.015872206538915634,-0.013251597061753273,-0.0011584848398342729,0,0,-0.00201416015625,0,100
203696.252,0.024067925289273262,0.11746078729629517,84.12848663330078,0.0029559368267655373,0.0027832624036818743,0.002868114272132516,1000,1000,1000,1000,-0.016266178339719772,-0.013431350700557232,-0.001095033367164433,0,0,-0.00201416015625,0,100
203796.252,0.02449972741305828,0.11712592840194702,84.1308364868164,0.0028154761530458927,0.00269171129912138,0.002709232736378908,1000,1000,1000,1000,-0.016288569197058678,-0.013305206783115864,-0.0009666794212535024,0,0,-0.00201416015625,0,100
203896.252,0.02542823739349842,0.11736144125461578,84.13325500488281,0.0027155675925314426,0.002806351985782385,0.0026887909043580294,1000,1000,1000,1000,-0.016626054421067238,-0.01349444780498743,-0.0008733008289709687,0,0,-0.00201416015625,0,100
203996.252,0.025806795805692673,0.11737114191055298,84.13551330566406,0.0028255083598196507,0.003097357228398323,0.0025874152779579163,1000,1000,1000,1000,-0.01669320836663246,-0.013417326845228672,-0.0008554201922379434,0,0,-0.00201416015625,0,100
204096.252,0.02634561061859131,0.11774395406246185,84.13795471191406,0.002849253825843334,0.002765800105407834,0.002815935527905822,1000,1000,1000,1000,-0.017046276479959488,-0.013537844642996788,-0.0007808156660757959,0,0,-0.00201416015625,0,100
204196.252,0.026587191969156265,0.11773648858070374,84.14046478271484,0.0028246259316802025,0.003038679016754031,0.003057875670492649,1000,1000,1000,1000,-0.017161518335342407,-0.013436696492135525,-0.000689464679453522,0,0,-0.00201416015625,0,100
204296.252,0.02726656012237072,0.11799880862236023,84.14301300048828,0.002567740622907877,0.0030002014245837927,0.0030879443511366844,1000,1000,1000,1000,-0.01754751242697239,-0.013563022948801517,-0.0005735139129683375,0,0,-0.00201416015625,0,100
204396.252,0.027488119900226593,0.11795930564403534,84.1454849243164,0.002668348141014576,0.002934038871899247,0.0028689519967883825,1000,1000,1000,1000,-0.01761290431022644,-0.013426130637526512,-0.0004992163158021867,0,0,-0.00201416015625,0,100
204496.252,0.028028683736920357,0.1185113936662674,84.14793395996094,0.0027828137390315533,0.002861043903976679,0.0030048179905861616,1000,1000,1000,1000,-0.01799112744629383,-0.01361826155334711,-0.0004626875161193311,0,0,-0.00201416015625,0,100
204596.252,0.028395365923643112,0.1187148168683052,84.15058135986328,0.0027923702728003263,0.002790372585877776,0.002977826865389943,1000,1000,1000,1000,-0.018063802272081375,-0.013478296808898449,-0.00042209954699501395,0,0,-0.00201416015625,0,100
204696.252,0.02901723049581051,0.1191687062382698,84.15311431884766,0.0029735148418694735,0.002896276768296957,0.002726878970861435,1000,1000,1000,1000,-0.018466876819729805,-0.013637642376124859,-0.0004265294410288334,0,0,-0.00201416015625,0,100
204796.252,0.02935440093278885,0.11901626735925674,84.15557098388672,0.0028004550840705633,0.0026512464974075556,0.0026725034695118666,1000,1000,1000,1000,-0.018492378294467926,-0.013519994914531708,-0.0003773490316234529,0,0,-0.00201416015625,0,100
204896.252,0.029910240322351456,0.11934482306241989,84.15817260742188,0.00276488671079278,0.002854797523468733,0.002953039016574621,1000,1000,1000,1000,-0.018870193511247635,-0.01370236650109291,-0.00032642384758219123,0,0,-0.00201416015625,0,100
204996.252,0.029875852167606354,0.11948610842227936,84.16068267822266,0.002885798690840602,0.002713081892579794,0.0027977426070719957,1000,1000,1000,1000,-0.018880708143115044,-0.013644526712596416,-0.0002843864494934678,0,0,-0.00201416015625,0,100
205096.252,0.030615568161010742,0.11970174312591553,84.16313934326172,0.0030193321872502565,0.0028327754698693752,0.002628871239721775,1000,1000,1000,1000,-0.019246608018875122,-0.013849693350493908,-0.00028480877517722547,0,0,-0.00201416015625,0,100
205196.252,0.0308060459792614,0.11953835934400558,84.16560363769531,0.0029436144977808,0.0030110692605376244,0.0026398818008601665,1000,1000,1000,1000,-0.019283976405858994,-0.01369285024702549,-0.00021368144371081144,0,0,-0.00201416015625,0,100
205296.252,0.031524717807769775,0.11984365433454514,84.16832733154297,0.002572392811998725,0.0027602240443229675,0.0026148271281272173,1000,1000,1000,1000,-0.01967124454677105,-0.013870952650904655,-0.00011057811934733762,0,0,-0.00201416015625,0,100
205396.252,0.03176736831665039,0.11986204981803894,84.17082214355469,0.002768858103081584,0.0028082053177058697,0.002778657479211688,1000,1000,1000,1000,-0.019677424803376198,-0.013809606432914734,-0.00008526421879651025,0,0,-0.00201416015625,0,100
205496.252,0.03223356604576111,0.12024042010307312,84.17343139648438,0.0029505672864615917,0.002737743780016899,0.0026501284446567297,1000,1000,1000,1000,-0.019986720755696297,-0.013966649770736694,0.00001223376330017345,0,0,-0.00201416015625,0,100
205596.252,0.03251980245113373,0.12027674168348312,84.17584228515625,0.003261879086494446,0.00255395844578743,0.0027309381403028965,1000,1000,1000,1000,-0.019966615363955498,-0.013878026977181435,0.00003421564179006964,0,0,-0.00201416015625,0,100
205696.252,0.033013228327035904,0.12069954723119736,84.17847442626953,0.003003406338393688,0.0028267207089811563,0.0028385974001139402,1000,1000,1000,1000,-0.02035444602370262,-0.014089311473071575,0.00009173191210720688,0,0,-0.00201416015625,0,100
205796.252,0.033180829137563705,0.12076123058795929,84.18108367919922,0.0029596411623060703,0.0027634038124233484,0.002743844408541918,1000,1000,1000,1000,-0.020315157249569893,-0.014034133404493332,0.00006779459363315254,0,0,-0.00201416015625,0,100
205896.252,0.033778779208660126,0.12121506780385971,84.18370056152344,0.0027699298225343227,0.0028250974137336016,0.0029542692936956882,1000,1000,1000,1000,-0.020670229569077492,-0.014243057928979397,0.00009182876237900928,0,0,-0.00201416015625,0,100
205996.252,0.0339394137263298,0.12130660563707352,84.18614959716797,0.002980617107823491,0.0029059872031211853,0.002972462447360158,1000,1000,1000,1000,-0.020626047626137733,-0.014181945472955704,0.00016595811757724732,0,0,-0.00201416015625,0,100
206096.252,0.03418322652578354,0.12163747102022171,84.18861389160156,0.0028201339300721884,0.0028156391344964504,0.003023656317964196,1000,1000,1000,1000,-0.021021291613578796,-0.014478671364486217,0.00019908753165509552,0,0,-0.00201416015625,0,100
206196.252,0.03432368487119675,0.1215772032737732,84.19090270996094,0.002919637830927968,0.0029274211265146732,0.0028350953944027424,1000,1000,1000,1000,-0.0209681186825037,-0.014405116438865662,0.00028063819627277553,0,0,-0.00201416015625,0,100
206296.252,0.034618180245161057,0.1217399537563324,84.19338989257812,0.0027545238845050335,0.002664446597918868,0.002838494023308158,1000,1000,1000,1000,-0.02126205340027809,-0.014599520713090897,0.0002521383576095104,0,0,-0.00201416015625,0,100
206396.252,0.034534987062215805,0.12148530036211014,84.1959457397461,0.0025438102893531322,0.0028444097843021154,0.0028062602505087852,1000,1000,1000,1000,-0.021229423582553864,-0.014453260228037834,0.00024165757349692285,0,0,-0.00201416015625,0,100
206496.252,0.034883614629507065,0.12165407836437225,84.198486328125,0.0026207072660326958,0.0027302352245897055,0.002584259258583188,1000,1000,1000,1000,-0.021530134603381157,-0.014704553410410881,0.0002728294930420816,0,0,-0.00201416015625,0,100
206596.252,0.03499101847410202,0.12185841053724289,84.20110321044922,0.0027615998405963182,0.002832892583683133,0.002869040472432971,1000,1000,1000,1000,-0.0214516781270504,-0.014609307050704956,0.0003046193451154977,0,0,-0.00201416015625,0,100
206696.252,0.03535027429461479,0.12221072614192963,84.20390319824219,0.0026937981601804495,0.0026682743337005377,0.0030254232697188854,1000,1000,1000,1000,-0.021763911470770836,-0.014840774238109589,0.0003805114538408816,0,0,-0.00201416015625,0,100
206796.252,0.03524235263466835,0.12229423969984055,84.20639038085938,0.002756708301603794,0.002944221720099449,0.0026906649582087994,1000,1000,1000,1000,-0.021673962473869324,-0.014797577634453773,0.0003898557333741337,0,0,-0.00201416015625,0,100
206896.252,0.03574153408408165,0.12259491533041,84.2088851928711,0.0028072113636881113,0.0027122553437948227,0.0029407066758722067,1000,1000,1000,1000,-0.02196020632982254,-0.01499939151108265,0.0004217247187625617,0,0,-0.00201416015625,0,100
206996.252,0.035726647824048996,0.12248889356851578,84.21139526367188,0.0032143089920282364,0.0029519363306462765,0.0028759127017110586,1000,1000,1000,1000,-0.021864308044314384,-0.014915511012077332,0.00043607200495898724,0,0,-0.00201416015625,0,100
207096.252,0.03607499226927757,0.1227743923664093,84.21392059326172,0.0030171056278049946,0.003092658706009388,0.003058195114135742,1000,1000,1000,1000,-0.022154254838824272,-0.015117336064577103,0.00045571813825517893,0,0,-0.00201416015625,0,100
207196.252,0.03602030873298645,0.12272540479898453,84.21640014648438,0.003137110034003854,0.0031484372448176146,0.0028623330872505903,1000,1000,1000,1000,-0.022059569135308266,-0.014978841878473759,0.00044902937952429056,0,0,-0.00201416015625,0,100
207296.252,0.03638345003128052,0.12280944734811783,84.21892547607422,0.0029094053898006678,0.00297407153993845,0.0026864761020988226,1000,1000,1000,1000,-0.022382564842700958,-0.015227898955345154,0.00046303000999614596,0,0,-0.00201416015625,0,100
207396.252,0.03648292273283005,0.12287542968988419,84.22160339355469,0.0028160330839455128,0.0025661748368293047,0.002721412107348442,1000,1000,1000,1000,-0.02226957678794861,-0.015142317861318588,0.0004965489497408271,0,0,-0.00201416015625,0,100
207496.252,0.03648292273283005,0.12287542968988419,84.22160339355469,0.0028160330839455128,0.0025661748368293047,0.002721412107348442,1000,1000,1000,1000,-0.02226957678794861,-0.015142317861318588,0.0004965489497408271,0,0,-0.00201416015625,0,100
207596.252,0.0368412621319294,0.12310927361249924,84.22415161132812,0.0026895764749497175,0.0026846902910619974,0.002717862371355295,1000,1000,1000,1000,-0.022560620680451393,-0.01533833984285593,0.0004938372876495123,0,0,-0.00201416015625,0,100
207696.252,0.03662068396806717,0.12281271815299988,84.22669982910156,0.0028516468591988087,0.0026450271252542734,0.002652048598974943,1000,1000,1000,1000,-0.02239149622619152,-0.015192435123026371,0.00045934400986880064,0,0,-0.00201416015625,0,100
207796.252,0.03676769509911537,0.12309972196817398,84.22924041748047,0.0027975491248071194,0.0026549319736659527,0.0027555618435144424,1000,1000,1000,1000,-0.022696522995829582,-0.015403393656015396,0.00047859037294983864,0,0,-0.00201416015625,0,100
207896.252,0.036784578114748,0.12296963483095169,84.23169708251953,0.002866016700863838,0.0028316343668848276,0.002702081110328436,1000,1000,1000,1000,-0.02249842695891857,-0.015278254635632038,0.0005059065297245979,0,0,-0.00201416015625,0,100
207996.252,0.03716704994440079,0.12356273084878922,84.23407745361328,0.002788564655929804,0.0029970628675073385,0.0027330350130796432,1000,1000,1000,1000,-0.022787297144532204,-0.01552621740847826,0.0005291303968988359,0,0,-0.00201416015625,0,100
208096.252,0.03680354729294777,0.12323473393917084,84.23666381835938,0.0028612499590963125,0.00276654539629817,0.0030685574747622013,1000,1000,1000,1000,-0.022627895697951317,-0.015329164452850819,0.0005624637706205249,0,0,-0.00201416015625,0,100
208196.252,0.03695289045572281,0.12355020642280579,84.23924255371094,0.0027015202213078737,0.0026913618203252554,0.002882863860577345,1000,1000,1000,1000,-0.02292538806796074,-0.015598279424011707,0.0005997577682137489,0,0,-0.00201416015625,0,100
208296.252,0.03720659762620926,0.12373089790344238,84.24412536621094,0.002782562980428338,0.0026859305799007416,0.0027638438623398542,1000,1000,1000,1000,-0.02307717129588127,-0.015682756900787354,0.0006869867793284357,0,0,-0.00201416015625,0,100
208396.252,0.03694331273436546,0.1236468106508255,84.24664306640625,0.0027865387964993715,0.003004814265295863,0.002618390368297696,1000,1000,1000,1000,-0.022833656519651413,-0.015495323576033115,0.0006936001591384411,0,0,-0.00201416015625,0,100
208496.252,0.037297628819942474,0.12409798055887222,84.24925994873047,0.002761665266007185,0.0027516349218785763,0.00260742986574769,1000,1000,1000,1000,-0.023136040195822716,-0.015751438215374947,0.0007153642363846302,0,0,-0.00201416015625,0,100
208596.252,0.03694387152791023,0.12377725541591644,84.25182342529297,0.002793018938973546,0.0027156781870871782,0.002870422787964344,1000,1000,1000,1000,-0.02290455624461174,-0.015591753646731377,0.0007071029976941645,0,0,-0.00201416015625,0,100
208696.252,0.037432458251714706,0.12406176328659058,84.25421905517578,0.0027107447385787964,0.002706896746531129,0.002576480619609356,1000,1000,1000,1000,-0.023196320980787277,-0.01581243798136711,0.0007013679132796824,0,0,-0.00201416015625,0,100
208796.252,0.037078313529491425,0.12394152581691742,84.25666809082031,0.0026406513061374426,0.002674658317118883,0.0026569082401692867,1000,1000,1000,1000,-0.02293483354151249,-0.015727289021015167,0.0006986301741562784,0,0,-0.00201416015625,0,100
208896.252,0.037367016077041626,0.12429409474134445,84.25885772705078,0.0026903552934527397,0.002848576521500945,0.003026067279279232,1000,1000,1000,1000,-0.023285718634724617,-0.01595533825457096,0.0006873731617815793,0,0,-0.00201416015625,0,100
208996.252,0.03703232482075691,0.12398109585046768,84.26150512695312,0.0029211577493697405,0.0027968422509729862,0.0029882704839110374,1000,1000,1000,1000,-0.02304091677069664,-0.015785841271281242,0.0007028863183222711,0,0,-0.00201416015625,0,100
209096.252,0.037265434861183167,0.12437023967504501,84.26412963867188,0.0027219324838370085,0.0028523257933557034,0.0027885669842362404,1000,1000,1000,1000,-0.023343592882156372,-0.016069242730736732,0.0007347984937950969,0,0,-0.00201416015625,0,100
209196.252,0.0368974469602108,0.12403542548418045,84.26652526855469,0.002767640631645918,0.0029456252232193947,0.002701463643461466,1000,1000,1000,1000,-0.023064006119966507,-0.015884337946772575,0.0007130355224944651,0,0,-0.00201416015625,0,100
209296.252,0.03729203715920448,0.1242874413728714,84.2690200805664,0.0027923902962356806,0.003062531817704439,0.002853984013199806,1000,1000,1000,1000,-0.02336779236793518,-0.016070416197180748,0.0006873292732052505,0,0,-0.00201416015625,0,100
209396.252,0.036851149052381516,0.12382042407989502,84.27136993408203,0.0027317132335156202,0.0028879123274236917,0.0027929642237722874,1000,1000,1000,1000,-0.023075591772794724,-0.015848593786358833,0.0006428074557334185,0,0,-0.00201416015625,0,100
209496.252,0.03701167181134224,0.12415964901447296,84.27379608154297,0.00282207946293056,0.003098859451711178,0.0028111999854445457,1000,1000,1000,1000,-0.02337556704878807,-0.01600380800664425,0.0006880746805109084,0,0,-0.00201416015625,0,100
209596.252,0.036735955625772476,0.12377409636974335,84.27643585205078,0.0028520296327769756,0.0027300072833895683,0.002904477994889021,1000,1000,1000,1000,-0.023062586784362793,-0.015791064128279686,0.0006794518558308482,0,0,-0.00201416015625,0,100
209696.252,0.036965832114219666,0.12396768480539322,84.2789535522461,0.002922552637755871,0.0027987074572592974,0.0027166514191776514,1000,1000,1000,1000,-0.023314841091632843,-0.016001347452402115,0.0007503756787627935,0,0,-0.00201416015625,0,100
209796.252,0.036604784429073334,0.12367090582847595,84.28124237060547,0.0032088356092572212,0.0027210519183427095,0.0029649301432073116,1000,1000,1000,1000,-0.023023881018161774,-0.01574513502418995,0.0007549083675257862,0,0,-0.00201416015625,0,100
209896.252,0.03684361279010773,0.12406744807958603,84.28352355957031,0.0031609348952770233,0.0024986614007502794,0.002541431225836277,1000,1000,1000,1000,-0.023298436775803566,-0.015955697745084763,0.0007918896153569221,0,0,-0.00201416015625,0,100
209996.252,0.036407146602869034,0.1241084635257721,84.28599548339844,0.0030033073853701353,0.0028454791754484177,0.002693457994610071,1000,1000,1000,1000,-0.02307267114520073,-0.0158501248806715,0.0007930694264359772,0,0,-0.00201416015625,0,100
210096.252,0.036517009139060974,0.12433608621358871,84.28852844238281,0.002898994367569685,0.0028242485132068396,0.0027083721943199635,1000,1000,1000,1000,-0.023235470056533813,-0.016009541228413582,0.0008076471858657897,0,0,-0.00201416015625,0,100
210196.252,0.03608529642224312,0.12404966354370117,84.2909927368164,0.0029118091333657503,0.002688373439013958,0.0026294223498553038,1000,1000,1000,1000,-0.022975409403443336,-0.01586008258163929,0.0008362234220840037,0,0,-0.00201416015625,0,100
210296.252,0.03618438169360161,0.12392522394657135,84.29347229003906,0.00295942067168653,0.002761793090030551,0.0027741072699427605,1000,1000,1000,1000,-0.02316053956747055,-0.016039110720157623,0.0008561718859709799,0,0,-0.00201416015625,0,100
210396.252,0.035739459097385406,0.12374397367238998,84.29591369628906,0.0028393014799803495,0.002825919073075056,0.0028211737517267466,1000,1000,1000,1000,-0.022936968132853508,-0.015863273292779922,0.0008830685401335359,0,0,-0.00201416015625,0,100
210496.252,0.035887982696294785,0.1238631159067154,84.29808807373047,0.0025654355995357037,0.002811960643157363,0.0029136533848941326,1000,1000,1000,1000,-0.023098772391676903,-0.01597709394991398,0.0009288915316574275,0,0,-0.00201416015625,0,100
210596.252,0.03550712764263153,0.12364864349365234,84.30044555664062,0.0027505892794579268,0.003001441014930606,0.0030166655778884888,1000,1000,1000,1000,-0.022848229855298996,-0.015807226300239563,0.000943352235481143,0,0,-0.00201416015625,0,100
210696.252,0.03563432767987251,0.12355422973632812,84.30291748046875,0.0028689978644251823,0.003068102290853858,0.0029949306044727564,1000,1000,1000,1000,-0.023060571402311325,-0.015959320589900017,0.0009222884546034038,0,0,-0.00201416015625,0,100
210796.252,0.03547513484954834,0.12336916476488113,84.30525207519531,0.0029703332111239433,0.003049180842936039,0.002944746520370245,1000,1000,1000,1000,-0.022823719307780266,-0.015813186764717102,0.0009202538640238345,0,0,-0.00201416015625,0,100
210896.252,0.03546474874019623,0.12365107983350754,84.30767059326172,0.0028133688028901815,0.0029872588347643614,0.003065392840653658,1000,1000,1000,1000,-0.023015206679701805,-0.01596125401556492,0.0009433566592633724,0,0,-0.00201416015625,0,100
210996.252,0.03494791314005852,0.12344340234994888,84.31006622314453,0.0029397299513220787,0.0027088900096714497,0.0026714717969298363,1000,1000,1000,1000,-0.022718245163559914,-0.01581437885761261,0.0010003199568018317,0,0,-0.00201416015625,0,100
211096.252,0.03502988815307617,0.12370482832193375,84.31243133544922,0.0025493865832686424,0.002885812195017934,0.002780899405479431,1000,1000,1000,1000,-0.0229539405554533,-0.015933388844132423,0.0009635491878725588,0,0,-0.00201416015625,0,100
211196.252,0.03475705906748772,0.12343715876340866,84.31476593017578,0.002681679790839553,0.002860007109120488,0.0026345911901444197,1000,1000,1000,1000,-0.022685924544930458,-0.015829086303710938,0.0009798994287848473,0,0,-0.00201416015625,0,100
211296.252,0.03490588814020157,0.12345821410417557,84.31718444824219,0.002794527215883136,0.0028181709349155426,0.0028017188888043165,1000,1000,1000,1000,-0.022874167189002037,-0.015978291630744934,0.0009692962048575282,0,0,-0.00201416015625,0,100
211396.252,0.03468380868434906,0.12327586114406586,84.31956481933594,0.002994986018165946,0.002719203010201454,0.0029639897402375937,1000,1000,1000,1000,-0.022586388513445854,-0.01579795777797699,0.000980324693955481,0,0,-0.00201416015625,0,100
211496.252,0.03485412523150444,0.12341692298650742,84.32188415527344,0.00306879123672843,0.002808894496411085,0.0029651985969394445,1000,1000,1000,1000,-0.02272723987698555,-0.015893984586000443,0.0009642505901865661,0,0,-0.00201416015625,0,100
211596.252,0.03444904834032059,0.12324759364128113,84.32426452636719,0.0027727666310966015,0.002685756189748645,0.002772869076579809,1000,1000,1000,1000,-0.022453907877206802,-0.015753256157040596,0.0009457683190703392,0,0,-0.00201416015625,0,100
211696.252,0.03458282724022865,0.12339712679386139,84.32666778564453,0.0029973555356264114,0.002781528513878584,0.0028879165183752775,1000,1000,1000,1000,-0.022632693871855736,-0.015899382531642914,0.0009856937685981393,0,0,-0.00201416015625,0,100
211796.252,0.034361161291599274,0.12296988070011139,84.32907104492188,0.0029928493313491344,0.0026547827292233706,0.002852248027920723,1000,1000,1000,1000,-0.022310737520456314,-0.015727952122688293,0.000981285935267806,0,0,-0.00201416015625,0,100
211896.252,0.034501928836107254,0.1231975182890892,84.33131408691406,0.0028756626415997744,0.00263193272985518,0.0029852990992367268,1000,1000,1000,1000,-0.022534204646945,-0.015926379710435867,0.000969447719398886,0,0,-0.00201416015625,0,100
211996.252,0.03409252315759659,0.122884102165699,84.33367156982422,0.002901584841310978,0.0026174625381827354,0.0028739634435623884,1000,1000,1000,1000,-0.02224097214639187,-0.015758700668811798,0.0009680414805188775,0,0,-0.00201416015625,0,100
212096.252,0.03437809273600578,0.12313532084226608,84.33613586425781,0.002830452285706997,0.0029646186158061028,0.0028762014117091894,1000,1000,1000,1000,-0.022397300228476524,-0.015923066064715385,0.0009503917535766959,0,0,-0.00201416015625,0,100
212196.252,0.03420409560203552,0.1229184940457344,84.3384780883789,0.002617813181132078,0.0030425507575273514,0.0030767491552978754,1000,1000,1000,1000,-0.022159185260534286,-0.015782862901687622,0.0009845184395089746,0,0,-0.00201416015625,0,100
212296.252,0.03429284691810608,0.12298552691936493,84.34112548828125,0.0026663667522370815,0.0030684215016663074,0.003022218821570277,1000,1000,1000,1000,-0.022379195317626,-0.01594531163573265,0.001012006076052785,0,0,-0.00201416015625,0,100
212396.252,0.034160878509283066,0.1227986142039299,84.34349060058594,0.003001367673277855,0.0032711403910070658,0.0029289498925209045,1000,1000,1000,1000,-0.022121772170066833,-0.015738558024168015,0.0010169119341298938,0,0,-0.00201416015625,0,100
212496.252,0.03416884317994118,0.12282770127058029,84.34587860107422,0.0029675273690372705,0.0029325638897717,0.0029041648376733065,1000,1000,1000,1000,-0.022287454456090927,-0.01587647944688797,0.0010316327679902315,0,0,-0.00201416015625,0,100
212596.252,0.03401166945695877,0.12266506999731064,84.3481216430664,0.0029860055074095726,0.00279804109595716,0.0028018252924084663,1000,1000,1000,1000,-0.022034436464309692,-0.015689542517066002,0.001014641486108303,0,0,-0.00201416015625,0,100
212696.252,0.03383682668209076,0.12287715077400208,84.35028839111328,0.0029377371538430452,0.0028775855898857117,0.0029581368435174227,1000,1000,1000,1000,-0.022218283265829086,-0.015788685530424118,0.0010419514728710055,0,0,-0.00201416015625,0,100
212796.252,0.03367681801319122,0.12279605865478516,84.35258483886719,0.003052280517295003,0.0030918337870389223,0.003127823118120432,1000,1000,1000,1000,-0.021970152854919434,-0.015655653551220894,0.0011155554093420506,0,0,-0.00201416015625,0,100
212896.252,0.03363443538546562,0.1230129674077034,84.35491180419922,0.0027386858128011227,0.002834420884028077,0.0029541952535510063,1000,1000,1000,1000,-0.02214979939162731,-0.015802346169948578,0.00108776253182441,0,0,-0.00201416015625,0,100
212996.252,0.03333386406302452,0.12275329977273941,84.35713958740234,0.0026297899894416332,0.002587360329926014,0.00282368459738791,1000,1000,1000,1000,-0.02190404385328293,-0.015709424391388893,0.001077190856449306,0,0,-0.00201416015625,0,100
213096.252,0.03336083143949509,0.12287305295467377,84.35926055908203,0.002724535297602415,0.002682827413082123,0.002624036744236946,1000,1000,1000,1000,-0.02209400199353695,-0.015884066000580788,0.0010718988487496972,0,0,-0.00201416015625,0,100
213196.252,0.03284125030040741,0.1225183755159378,84.36156463623047,0.0028013065457344055,0.0025142382364720106,0.0025800783187150955,1000,1000,1000,1000,-0.021849704906344414,-0.015710562467575073,0.0010741953738033772,0,0,-0.00201416015625,0,100
213296.252,0.032947033643722534,0.12263771891593933,84.36386108398438,0.002670584712177515,0.002430033404380083,0.0031603637617081404,1000,1000,1000,1000,-0.022080322727560997,-0.015892596915364265,0.0010686615714803338,0,0,-0.00201416015625,0,100
213396.252,0.03250635415315628,0.12222341448068619,84.36602020263672,0.002568411873653531,0.002720760880038142,0.002959230914711952,1000,1000,1000,1000,-0.021796463057398796,-0.015747154131531715,0.0010870742844417691,0,0,-0.00201416015625,0,100
213496.252,0.03250635415315628,0.12222341448068619,84.36602020263672,0.002568411873653531,0.002720760880038142,0.002959230914711952,1000,1000,1000,1000,-0.021796463057398796,-0.015747154131531715,0.0010870742844417691,0,0,-0.00201416015625,0,100
213596.252,0.03247528523206711,0.12224952131509781,84.36814880371094,0.0025957671459764242,0.0028422833420336246,0.0030434478539973497,1000,1000,1000,1000,-0.021944690495729446,-0.015914740040898323,0.001140669104643166,0,0,-0.00201416015625,0,100
213696.252,0.03212381899356842,0.12160361558198929,84.37028503417969,0.002851533703505993,0.0029563873540610075,0.0028530871495604515,1000,1000,1000,1000,-0.021634578704833984,-0.0156807079911232,0.001163359615020454,0,0,-0.00201416015625,0,100
213796.252,0.03252968564629555,0.12184388190507889,84.37237548828125,0.00288651161827147,0.0030996317509561777,0.002856610808521509,1000,1000,1000,1000,-0.021892106160521507,-0.01586654968559742,0.0011793695157393813,0,0,-0.00201416015625,0,100
213896.252,0.03217499330639839,0.12145217508077621,84.37467956542969,0.002750907326117158,0.002896573394536972,0.0026852984447032213,1000,1000,1000,1000,-0.021601499989628792,-0.01566758006811142,0.0011729352409020066,0,0,-0.00201416015625,0,100